id,source_dataset,subject,model,question,context,reference_answer,generated_answer,raw_answer,had_think_block,prompt,latency_sec,token_count,timestamp,rouge_l,bertscore_f1,judge_score,normalized_judge_score,combined_score
sciq_0000,SciQ,science,deepseek-r1:1.5b,What functions in removing phosphorylated amino acids from proteins?,"What is the function of a phosphatase? a. A phosphatase removes phosphorylated amino acids from proteins. A phosphatase removes the phosphate group from phosphorylated amino acid residues in a protein. A phosphatase phosphorylates serine, threonine, and tyrosine residues. A phosphatase degrades second messengers in the cell. How does NF-κB induce gene expression? a. A small, hydrophobic ligand binds to NF-κB, activating it. Phosphorylation of the inhibitor Iκ-B dissociates the complex between it and NF-κB, and allows NF-κB to enter the nucleus and stimulate transcription. NF-κB is phosphorylated and is then free to enter the nucleus and bind DNA. NF-κB is a kinase that phosphorylates a transcription factor that binds DNA and promotes protein production. Apoptosis can occur in a cell when the cell is ________________. damaged b. no longer needed c. infected by a virus d. all of the above 14. What is the effect of an inhibitor binding an enzyme? a.",phosphatase,A phosphatase removes the phosphate group from phosphorylated amino acids in a protein.,A phosphatase removes the phosphate group from phosphorylated amino acids in a protein.,False,"You are a helpful and knowledgeable tutor.
Answer the following question clearly and concisely, in 2-4 sentences.

Question: What functions in removing phosphorylated amino acids from proteins?
Context: What is the function of a phosphatase? a. A phosphatase removes phosphorylated amino acids from proteins. A phosphatase removes the phosphate group from phosphorylated amino acid residues in a protein. A phosphatase phosphorylates serine, threonine, and tyrosine residues. A phosphatase degrades second messengers in the cell. How does NF-κB induce gene expression? a. A small, hydrophobic ligand binds to NF-κB, activating it. Phosphorylation of the inhibitor Iκ-B dissociates the complex between it and NF-κB, and allows NF-κB to enter the nucleus and stimulate transcription. NF-κB is phosphorylated and is then free to enter the nucleus and bind DNA. NF-κB is a kinase that phosphorylates a transcription factor that binds DNA and promotes protein production. Apoptosis can occur in a cell when the cell is ________________. damaged b. no longer needed c. infected by a virus d. all of the above 14. What is the effect of an inhibitor binding an enzyme? a.
Answer:",6.12,454,2026-09-29T20:36:37.509068,0.1429,0.8495,5,1.0,0.6641
sciq_0001,SciQ,science,deepseek-r1:1.5b,What disease is unpreventable in the type one form but may be prevented by diet if it is of the second type?,"Type 1 diabetes and other autoimmune diseases cannot be prevented. But choosing a healthy lifestyle can help prevent type 2 diabetes. Getting plenty of exercise, avoiding high-fat foods, and staying at a healthy weight can reduce the risk of developing this type of diabetes. This is especially important for people who have family members with the disease.",diabetes,The disease that is unpreventable in the first type but can be managed by diet in the second type is Type 2 diabetes.,The disease that is unpreventable in the first type but can be managed by diet in the second type is Type 2 diabetes.,False,"You are a helpful and knowledgeable tutor.
Answer the following question clearly and concisely, in 2-4 sentences.

Question: What disease is unpreventable in the type one form but may be prevented by diet if it is of the second type?
Context: Type 1 diabetes and other autoimmune diseases cannot be prevented. But choosing a healthy lifestyle can help prevent type 2 diabetes. Getting plenty of exercise, avoiding high-fat foods, and staying at a healthy weight can reduce the risk of developing this type of diabetes. This is especially important for people who have family members with the disease.
Answer:",2.36,292,2026-09-29T20:36:39.870072,0.0833,0.8354,4,0.75,0.5562
sciq_0002,SciQ,science,deepseek-r1:1.5b,Melting ice is drastically impacting the number of what at glacier national park?,"In Glacier National Park ( Figure below ), many glaciers have become ice sheets. In 1850, the park had 150 glaciers. There are only about 25 today. The reason that there is so much melting is that summer temperatures have risen. Scientists estimate that the park will have no active glaciers as early as 2020.",active glaciers,"Glaciers at Glacier National Park are experiencing a dramatic decline in the number of active glaciers, from 150 in 1850 to about 25 today. Rising summer temperatures are contributing to this melting, and by 2020, the park is predicted to have no active glaciers left.","Glaciers at Glacier National Park are experiencing a dramatic decline in the number of active glaciers, from 150 in 1850 to about 25 today. Rising summer temperatures are contributing to this melting, and by 2020, the park is predicted to have no active glaciers left.",False,"You are a helpful and knowledgeable tutor.
Answer the following question clearly and concisely, in 2-4 sentences.

Question: Melting ice is drastically impacting the number of what at glacier national park?
Context: In Glacier National Park ( Figure below ), many glaciers have become ice sheets. In 1850, the park had 150 glaciers. There are only about 25 today. The reason that there is so much melting is that summer temperatures have risen. Scientists estimate that the park will have no active glaciers as early as 2020.
Answer:",2.99,369,2026-09-29T20:36:42.864442,0.0851,0.8556,4,0.75,0.5636
sciq_0003,SciQ,science,deepseek-r1:1.5b,Under what type of conditions can populations grow exponentially?,"Under ideal conditions, populations can grow exponentially. The growth rate increases as the population gets larger. Most populations do not live under ideal conditions and grow logistically instead. Density-dependent factors slow population growth as population size nears the carrying capacity.",ideal,"Exponential growth occurs under ideal conditions where the environment is abundant with resources, ample food, and space. This allows for rapid reproduction and growth without density-dependent factors slowing it down.","Exponential growth occurs under ideal conditions where the environment is abundant with resources, ample food, and space. This allows for rapid reproduction and growth without density-dependent factors slowing it down.",False,"You are a helpful and knowledgeable tutor.
Answer the following question clearly and concisely, in 2-4 sentences.

Question: Under what type of conditions can populations grow exponentially?
Context: Under ideal conditions, populations can grow exponentially. The growth rate increases as the population gets larger. Most populations do not live under ideal conditions and grow logistically instead. Density-dependent factors slow population growth as population size nears the carrying capacity.
Answer:",3.01,372,2026-09-29T20:36:45.879251,0.0625,0.8223,4,0.75,0.5449
sciq_0004,SciQ,science,deepseek-r1:1.5b,What forms when secondary alcohols oxidize?,Secondary alcohols are oxidized to form ketones.,ketones,"When secondary alcohols are oxidized, they form ketones. 

Answer: Ketones","When secondary alcohols are oxidized, they form ketones. 

Answer: Ketones",False,"You are a helpful and knowledgeable tutor.
Answer the following question clearly and concisely, in 2-4 sentences.

Question: What forms when secondary alcohols oxidize?
Context: Secondary alcohols are oxidized to form ketones.
Answer:",1.41,174,2026-09-29T20:36:47.293838,0.1818,0.8261,5,1.0,0.6693
sciq_0005,SciQ,science,deepseek-r1:1.5b,Ions flow through atp synthase from the thylakoid space into the stroma in a process called known as what?,"5.2 The Light-Dependent Reactions of Photosynthesis In the first part of photosynthesis, the light-dependent reaction, pigment molecules absorb energy from sunlight. The most common and abundant pigment is chlorophyll a. A photon strikes photosystem II to initiate photosynthesis. Energy travels through the electron transport chain, which pumps hydrogen ions into the thylakoid space. This forms an electrochemical gradient. The ions flow through ATP synthase from the thylakoid space into the stroma in a process called chemiosmosis to form molecules of ATP, which are used for the formation of sugar molecules in the second stage of photosynthesis. Photosystem I absorbs a second photon, which results in the formation of an NADPH molecule, another energy carrier for the Calvin cycle reactions.",chemiosmosis,"The process is called **chemiosmosis**, where hydrogen ions flow into the stroma through ATP synthase, a key enzyme in the Calvin cycle, completing the second stage of photosynthesis.","The process is called **chemiosmosis**, where hydrogen ions flow into the stroma through ATP synthase, a key enzyme in the Calvin cycle, completing the second stage of photosynthesis.",False,"You are a helpful and knowledgeable tutor.
Answer the following question clearly and concisely, in 2-4 sentences.

Question: Ions flow through atp synthase from the thylakoid space into the stroma in a process called known as what?
Context: 5.2 The Light-Dependent Reactions of Photosynthesis In the first part of photosynthesis, the light-dependent reaction, pigment molecules absorb energy from sunlight. The most common and abundant pigment is chlorophyll a. A photon strikes photosystem II to initiate photosynthesis. Energy travels through the electron transport chain, which pumps hydrogen ions into the thylakoid space. This forms an electrochemical gradient. The ions flow through ATP synthase from the thylakoid space into the stroma in a process called chemiosmosis to form molecules of ATP, which are used for the formation of sugar molecules in the second stage of photosynthesis. Photosystem I absorbs a second photon, which results in the formation of an NADPH molecule, another energy carrier for the Calvin cycle reactions.
Answer:",2.81,344,2026-09-29T20:36:50.103280,0.069,0.8459,4,0.75,0.555
sciq_0006,SciQ,science,deepseek-r1:1.5b,Birds are thought to have evolved from a group of bipedal dinosaurs called what?,"Birds are thought to have evolved from a group of bipedal dinosaurs called theropods . The ancestor of birds was probably similar to the theropod called Deinonychus, which is represented by the sketch in Figure below . Fossils of Deinonychus were first identified in the 1960s. This was an extremely important discovery. It finally convinced most scientists that birds had descended from dinosaurs, which had been debated for almost a century.",therapods,Birds are thought to have evolved from a group of bipedal dinosaurs called theropods.,Birds are thought to have evolved from a group of bipedal dinosaurs called theropods.,False,"You are a helpful and knowledgeable tutor.
Answer the following question clearly and concisely, in 2-4 sentences.

Question: Birds are thought to have evolved from a group of bipedal dinosaurs called what?
Context: Birds are thought to have evolved from a group of bipedal dinosaurs called theropods . The ancestor of birds was probably similar to the theropod called Deinonychus, which is represented by the sketch in Figure below . Fossils of Deinonychus were first identified in the 1960s. This was an extremely important discovery. It finally convinced most scientists that birds had descended from dinosaurs, which had been debated for almost a century.
Answer:",2.09,255,2026-09-29T20:36:52.197350,0.0,0.8026,4,0.75,0.5175
sciq_0007,SciQ,science,deepseek-r1:1.5b,Which membranous organelles in a cell sequence enzyme and electron molecules for efficient cellular respiration?,"Mitochondria, shown here as the green ovals in this animal cell, are membranous organelles which sequence enzyme and electron carrier molecules to make cellular respiration highly efficient. Mitochondria have both an inner and outer membrane, with a matrix inside the inner membrane. The inner membrane has many internal folds, increasing the surface area for proteins and molecules involved in cellular respiration.",mitochondria,"The membraneless organelles involved in cellular respiration include the nucleus, cytoplasm, chloroplasts, and ribosomes. The nucleus is essential for DNA replication and transcription, chloroplasts are involved in photosynthesis, and ribosomes are crucial for protein synthesis.","The membraneless organelles involved in cellular respiration include the nucleus, cytoplasm, chloroplasts, and ribosomes. The nucleus is essential for DNA replication and transcription, chloroplasts are involved in photosynthesis, and ribosomes are crucial for protein synthesis.",False,"You are a helpful and knowledgeable tutor.
Answer the following question clearly and concisely, in 2-4 sentences.

Question: Which membranous organelles in a cell sequence enzyme and electron molecules for efficient cellular respiration?
Context: Mitochondria, shown here as the green ovals in this animal cell, are membranous organelles which sequence enzyme and electron carrier molecules to make cellular respiration highly efficient. Mitochondria have both an inner and outer membrane, with a matrix inside the inner membrane. The inner membrane has many internal folds, increasing the surface area for proteins and molecules involved in cellular respiration.
Answer:",3.59,445,2026-09-29T20:36:55.787135,0.0,0.8186,2,0.25,0.3562
sciq_0008,SciQ,science,deepseek-r1:1.5b,"Vultures, raccoons and blowflies are examples of what?","Scavengers consume the soft tissues of dead animals. Examples of scavengers include vultures, raccoons, and blowflies.",scavengers,"Vultures, raccoons, and blowflies are examples of scavengers. They are a group of animals that feed on dead animals, as defined in the question.","Vultures, raccoons, and blowflies are examples of scavengers. They are a group of animals that feed on dead animals, as defined in the question.",False,"You are a helpful and knowledgeable tutor.
Answer the following question clearly and concisely, in 2-4 sentences.

Question: Vultures, raccoons and blowflies are examples of what?
Context: Scavengers consume the soft tissues of dead animals. Examples of scavengers include vultures, raccoons, and blowflies.
Answer:",4.11,511,2026-09-29T20:36:59.900244,0.08,0.8358,4,0.75,0.5553
sciq_0009,SciQ,science,deepseek-r1:1.5b,What is the most important source of electromagnetic waves on earth?,The most important source of electromagnetic waves on Earth is the sun. Many other sources of electromagnetic waves depend on technology.,the sun,"The most important source of electromagnetic waves on Earth is the sun, along with contributions from other technologies like satellites, cell phones, and industrial devices.","The most important source of electromagnetic waves on Earth is the sun, along with contributions from other technologies like satellites, cell phones, and industrial devices.",False,"You are a helpful and knowledgeable tutor.
Answer the following question clearly and concisely, in 2-4 sentences.

Question: What is the most important source of electromagnetic waves on earth?
Context: The most important source of electromagnetic waves on Earth is the sun. Many other sources of electromagnetic waves depend on technology.
Answer:",1.65,202,2026-09-29T20:37:01.548752,0.1481,0.8535,4,0.75,0.5839
sciq_0010,SciQ,science,deepseek-r1:1.5b,Silk and cotton are examples of what kind of fiber?,"The fibers that compose the materials for our clothes are either natural or human-made. Silk and cotton would be examples of natural fibers. Silk is produced by the silkworm and cotton is grown as a plant. Human-made fabrics include nylon, orlon, and a number of other polymers. These materials are made from hydrocarbons found in petroleum products. Synthetic polymers are also used in shoes, raingear, and camping items. The synthetic fabrics tend to be lighter than the natural ones and can be treated to make them more water-resistant and durable.",natural,Silk and cotton are examples of natural fibers.,Silk and cotton are examples of natural fibers.,False,"You are a helpful and knowledgeable tutor.
Answer the following question clearly and concisely, in 2-4 sentences.

Question: Silk and cotton are examples of what kind of fiber?
Context: The fibers that compose the materials for our clothes are either natural or human-made. Silk and cotton would be examples of natural fibers. Silk is produced by the silkworm and cotton is grown as a plant. Human-made fabrics include nylon, orlon, and a number of other polymers. These materials are made from hydrocarbons found in petroleum products. Synthetic polymers are also used in shoes, raingear, and camping items. The synthetic fabrics tend to be lighter than the natural ones and can be treated to make them more water-resistant and durable.
Answer:",2.16,264,2026-09-29T20:37:03.712015,0.2222,0.81,5,1.0,0.6774
sciq_0011,SciQ,science,deepseek-r1:1.5b,Most of the fresh water on earth is tied up in a solid form. what are they called?,"Most of Earth’s water is salt water in the oceans. As Figure below shows, only 3 percent of Earth’s water is fresh. Freshwater is water that contains little or no dissolved salt. Most freshwater is frozen in ice caps and glaciers. Glaciers cover the peaks of some tall mountains. For example, the Cascades Mountains in North America and the Alps Mountains in Europe are capped with ice. Ice caps cover vast areas of Antarctica and Greenland. Chunks of ice frequently break off ice caps. They form icebergs that float in the oceans.",glaciers,The solid form of fresh water tied up in the ocean is called ice.,The solid form of fresh water tied up in the ocean is called ice.,False,"You are a helpful and knowledgeable tutor.
Answer the following question clearly and concisely, in 2-4 sentences.

Question: Most of the fresh water on earth is tied up in a solid form. what are they called?
Context: Most of Earth’s water is salt water in the oceans. As Figure below shows, only 3 percent of Earth’s water is fresh. Freshwater is water that contains little or no dissolved salt. Most freshwater is frozen in ice caps and glaciers. Glaciers cover the peaks of some tall mountains. For example, the Cascades Mountains in North America and the Alps Mountains in Europe are capped with ice. Ice caps cover vast areas of Antarctica and Greenland. Chunks of ice frequently break off ice caps. They form icebergs that float in the oceans.
Answer:",1.79,217,2026-09-29T20:37:05.498207,0.0,0.8287,2,0.25,0.3596
sciq_0012,SciQ,science,deepseek-r1:1.5b,The goal of this is the understand how and why things happen?,The goal of science is to understand how and why things happen.,science,"The goal of science is to understand the mechanisms and reasons behind the occurrence of events, focusing on the fundamental principles that govern the universe.","The goal of science is to understand the mechanisms and reasons behind the occurrence of events, focusing on the fundamental principles that govern the universe.",False,"You are a helpful and knowledgeable tutor.
Answer the following question clearly and concisely, in 2-4 sentences.

Question: The goal of this is the understand how and why things happen?
Context: The goal of science is to understand how and why things happen.
Answer:",2.58,319,2026-09-29T20:37:08.083773,0.0769,0.8097,4,0.75,0.5455
sciq_0013,SciQ,science,deepseek-r1:1.5b,"What do you call the ancient cores of continents, where the earliest continental crust is now found?","The earliest continental crust is now found in the ancient cores of continents, called the cratons . Geologists can learn many things about the Precambrian by studying the rocks of the cratons.",cratons,The ancient cores of continents where the earliest continental crust is found are called cratons.,The ancient cores of continents where the earliest continental crust is found are called cratons.,False,"You are a helpful and knowledgeable tutor.
Answer the following question clearly and concisely, in 2-4 sentences.

Question: What do you call the ancient cores of continents, where the earliest continental crust is now found?
Context: The earliest continental crust is now found in the ancient cores of continents, called the cratons . Geologists can learn many things about the Precambrian by studying the rocks of the cratons.
Answer:",2.7,336,2026-09-29T20:37:10.781228,0.125,0.8472,4,0.75,0.5741
sciq_0014,SciQ,science,deepseek-r1:1.5b,In what type of organisms are daughter cells individuals?,"6.4 | Prokaryotic Cell Division By the end of this section, you will be able to: • Describe the process of binary fission in prokaryotes • Explain how FtsZ and tubulin proteins are examples of homology Prokaryotes such as bacteria propagate by binary fission. For unicellular organisms, cell division is the only method to produce new individuals. In both prokaryotic and eukaryotic cells, the outcome of cell reproduction is a pair of daughter cells that are genetically identical to the parent cell. In unicellular organisms, daughter cells are individuals. To achieve the outcome of identical daughter cells, some steps are essential. The genomic DNA must be replicated and then allocated into the daughter cells; the cytoplasmic contents must also be divided to give both new cells the machinery to sustain life. In bacterial cells, the genome consists of a single, circular DNA chromosome; therefore, the process of cell division is simplified. Mitosis is unnecessary because there is no nucleus or multiple chromosomes. This type of cell division is called binary fission.",unicellular organisms,"Prokaryotic organisms use binary fission to produce two identical daughter cells, making them genetically identical individuals.","Prokaryotic organisms use binary fission to produce two identical daughter cells, making them genetically identical individuals.",False,"You are a helpful and knowledgeable tutor.
Answer the following question clearly and concisely, in 2-4 sentences.

Question: In what type of organisms are daughter cells individuals?
Context: 6.4 | Prokaryotic Cell Division By the end of this section, you will be able to: • Describe the process of binary fission in prokaryotes • Explain how FtsZ and tubulin proteins are examples of homology Prokaryotes such as bacteria propagate by binary fission. For unicellular organisms, cell division is the only method to produce new individuals. In both prokaryotic and eukaryotic cells, the outcome of cell reproduction is a pair of daughter cells that are genetically identical to the parent cell. In unicellular organisms, daughter cells are individuals. To achieve the outcome of identical daughter cells, some steps are essential. The genomic DNA must be replicated and then allocated into the daughter cells; the cytoplasmic contents must also be divided to give both new cells the machinery to sustain life. In bacterial cells, the genome consists of a single, circular DNA chromosome; therefore, the process of cell division is simplified. Mitosis is unnecessary because there is no nucleus or multiple chromosomes. This type of cell division is called binary fission.
Answer:",2.04,249,2026-09-29T20:37:12.826853,0.1111,0.8385,4,0.75,0.5665
sciq_0015,SciQ,science,deepseek-r1:1.5b,About what percentage of the earth's water is fresh water?,"Of all the water on Earth, about two percent is stored underground in spaces between rocks. A fraction of a percent exists in the air as water vapor, clouds, or precipitation. Another fraction of a percent occurs in the bodies of plants and animals. So where is most of Earth’s water? It’s on the surface of the planet. In fact, water covers about 70 percent of Earth’s surface. Of water on Earth’s surface, 97 percent is salt water, mainly in the ocean. Only 3 percent is fresh water . Most of the fresh water is frozen in glaciers and polar ice caps. The remaining fresh water occurs in rivers, lakes, and other fresh water features.",three percent,3% of Earth's total surface water is fresh water.,3% of Earth's total surface water is fresh water.,False,"You are a helpful and knowledgeable tutor.
Answer the following question clearly and concisely, in 2-4 sentences.

Question: About what percentage of the earth's water is fresh water?
Context: Of all the water on Earth, about two percent is stored underground in spaces between rocks. A fraction of a percent exists in the air as water vapor, clouds, or precipitation. Another fraction of a percent occurs in the bodies of plants and animals. So where is most of Earth’s water? It’s on the surface of the planet. In fact, water covers about 70 percent of Earth’s surface. Of water on Earth’s surface, 97 percent is salt water, mainly in the ocean. Only 3 percent is fresh water . Most of the fresh water is frozen in glaciers and polar ice caps. The remaining fresh water occurs in rivers, lakes, and other fresh water features.
Answer:",3.98,257,2026-09-29T20:42:41.780285,0.0,0.8423,4,0.75,0.5308
sciq_0016,SciQ,science,deepseek-r1:1.5b,"Club mosses, horsetails, ferns, and whisk ferns are examples of what type of plants?","Seedless Vascular Plants By the Late Devonian period (385 million years ago), plants had evolved vascular tissue, well-defined leaves, and root systems. With these advantages, plants increased in height and size. During the Carboniferous period (359–299 million years ago), swamp forests of club mosses and horsetails, with some specimens reaching more than 30 meters tall, covered most of the land. These forests gave rise to the extensive coal deposits that gave the Carboniferous its name. In seedless vascular plants, the sporophyte became the dominant phase of the lifecycle. Water is still required for fertilization of seedless vascular plants, and most favor a moist environment. Modern-day seedless vascular plants include club mosses, horsetails, ferns, and whisk ferns. Club Mosses The club mosses, or Lycophyta, are the earliest group of seedless vascular plants. They dominated the landscape of the Carboniferous period, growing into tall trees and forming large swamp forests. Today’s club mosses are diminutive, evergreen plants consisting of a stem (which may be branched) and small leaves called microphylls (Figure 14.13). The division Lycophyta consists of close to 1,000 species, including quillworts (Isoetales), club mosses (Lycopodiales), and spike mosses (Selaginellales): none of which is a true moss.",seedless vascular plants,"Club mosses, horsetails, ferns, and whisk ferns are all examples of **seedless vascular plants**. These plants belong to the **Lycophyta** division, which is the earliest group of seedless vascular plants. They are characterized by their **dominant sporophyte phase** and lack flowers or fruits, making them **seedless**. These plants are adapted to arid environments, forming dense forests, and are part of the **Lycophyta**, which includes species like quillworts, club mosses, and whisk ferns.","Club mosses, horsetails, ferns, and whisk ferns are all examples of **seedless vascular plants**. These plants belong to the **Lycophyta** division, which is the earliest group of seedless vascular plants. They are characterized by their **dominant sporophyte phase** and lack flowers or fruits, making them **seedless**. These plants are adapted to arid environments, forming dense forests, and are part of the **Lycophyta**, which includes species like quillworts, club mosses, and whisk ferns.",False,"You are a helpful and knowledgeable tutor.
Answer the following question clearly and concisely, in 2-4 sentences.

Question: Club mosses, horsetails, ferns, and whisk ferns are examples of what type of plants?
Context: Seedless Vascular Plants By the Late Devonian period (385 million years ago), plants had evolved vascular tissue, well-defined leaves, and root systems. With these advantages, plants increased in height and size. During the Carboniferous period (359–299 million years ago), swamp forests of club mosses and horsetails, with some specimens reaching more than 30 meters tall, covered most of the land. These forests gave rise to the extensive coal deposits that gave the Carboniferous its name. In seedless vascular plants, the sporophyte became the dominant phase of the lifecycle. Water is still required for fertilization of seedless vascular plants, and most favor a moist environment. Modern-day seedless vascular plants include club mosses, horsetails, ferns, and whisk ferns. Club Mosses The club mosses, or Lycophyta, are the earliest group of seedless vascular plants. They dominated the landscape of the Carboniferous period, growing into tall trees and forming large swamp forests. Today’s club mosses are diminutive, evergreen plants consisting of a stem (which may be branched) and small leaves called microphylls (Figure 14.13). The division Lycophyta consists of close to 1,000 species, including quillworts (Isoetales), club mosses (Lycopodiales), and spike mosses (Selaginellales): none of which is a true moss.
Answer:",3.74,454,2026-09-29T20:42:45.516238,0.08,0.834,5,1.0,0.638
sciq_0017,SciQ,science,deepseek-r1:1.5b,Repolarization occurs when the membrane potential begins to move back toward its resting what?,"As the membrane potential reaches +30 mV, other voltage-gated channels are opening in the membrane. These channels are specific for the potassium ion. A concentration gradient acts on K+, as well. As K+ starts to leave the cell, taking a positive charge with it, the membrane potential begins to move back toward its resting voltage. This is called repolarization, meaning that the membrane voltage moves back toward the -70 mV value of the resting membrane potential. Repolarization returns the membrane potential to the -70 mV value that indicates the resting potential, but it actually overshoots that value. Potassium ions reach equilibrium when the membrane voltage is below -70 mV, so a period of hyperpolarization occurs while the K+ channels are open. Those K+ channels are slightly delayed in closing, accounting for this short overshoot. What has been described here is the action potential, which is presented as a graph of voltage over time in Figure 12.23. It is the electrical signal that nervous tissue generates for communication. The change in the membrane voltage from -70 mV at rest to +30 mV at the end of depolarization is a 100-mV change. That can also be written as a 0.1-V change. To put that value in perspective, think about a battery. An AA battery that you might find in a television remote has a voltage of 1.5 V, or a 9-V battery (the rectangular battery with two posts on one end) is, obviously, 9 V. The change seen in the action potential is one or two orders of magnitude less than the charge in these batteries. In fact, the membrane potential can be described as a battery. A charge is stored across the membrane that can be released under the correct conditions. A battery in your remote has stored a charge that is “released” when you push a button.",voltage,"Repolarization is the process by which the membrane potential in a neuron or cell returns to its resting state after depolarization. This movement occurs as potassium ions (K+) leave the cell, causing the membrane potential to decrease from +30 mV back toward the resting potential of -70 mV. This decrease is a 100 mV or 0.1 V change, which is much smaller than typical battery voltages. The action potential, described as a voltage","Repolarization is the process by which the membrane potential in a neuron or cell returns to its resting state after depolarization. This movement occurs as potassium ions (K+) leave the cell, causing the membrane potential to decrease from +30 mV back toward the resting potential of -70 mV. This decrease is a 100 mV or 0.1 V change, which is much smaller than typical battery voltages. The action potential, described as a voltage",False,"You are a helpful and knowledgeable tutor.
Answer the following question clearly and concisely, in 2-4 sentences.

Question: Repolarization occurs when the membrane potential begins to move back toward its resting what?
Context: As the membrane potential reaches +30 mV, other voltage-gated channels are opening in the membrane. These channels are specific for the potassium ion. A concentration gradient acts on K+, as well. As K+ starts to leave the cell, taking a positive charge with it, the membrane potential begins to move back toward its resting voltage. This is called repolarization, meaning that the membrane voltage moves back toward the -70 mV value of the resting membrane potential. Repolarization returns the membrane potential to the -70 mV value that indicates the resting potential, but it actually overshoots that value. Potassium ions reach equilibrium when the membrane voltage is below -70 mV, so a period of hyperpolarization occurs while the K+ channels are open. Those K+ channels are slightly delayed in closing, accounting for this short overshoot. What has been described here is the action potential, which is presented as a graph of voltage over time in Figure 12.23. It is the electrical signal that nervous tissue generates for communication. The change in the membrane voltage from -70 mV at rest to +30 mV at the end of depolarization is a 100-mV change. That can also be written as a 0.1-V change. To put that value in perspective, think about a battery. An AA battery that you might find in a television remote has a voltage of 1.5 V, or a 9-V battery (the rectangular battery with two posts on one end) is, obviously, 9 V. The change seen in the action potential is one or two orders of magnitude less than the charge in these batteries. In fact, the membrane potential can be described as a battery. A charge is stored across the membrane that can be released under the correct conditions. A battery in your remote has stored a charge that is “released” when you push a button.
Answer:",4.25,512,2026-09-29T20:42:49.769524,0.0267,0.7822,4,0.75,0.5196
sciq_0018,SciQ,science,deepseek-r1:1.5b,"Temperature, water, soil, and air are examples of nonliving factors of an ecosystem, also termed what?","Ecology is the study of ecosystems. That is, ecology is the study of how living organisms interact with each other and with the nonliving part of their environment. An ecosystem consists of all the nonliving factors and living organisms interacting in the same habitat . Recall that living organisms are biotic factors . The biotic factors of an ecosystem include all the populations in a habitat, such as all the species of plants, animals, and fungi, as well as all the micro-organisms. Also recall that the nonliving factors are called abiotic factors . Abiotic factors include temperature, water, soil, and air.",abiotic factors,"The nonliving factors in an ecosystem, such as temperature, water, soil, and air, are also referred to as abiotic factors. 

Answer: abiotic factors","The nonliving factors in an ecosystem, such as temperature, water, soil, and air, are also referred to as abiotic factors. 

Answer: abiotic factors",False,"You are a helpful and knowledgeable tutor.
Answer the following question clearly and concisely, in 2-4 sentences.

Question: Temperature, water, soil, and air are examples of nonliving factors of an ecosystem, also termed what?
Context: Ecology is the study of ecosystems. That is, ecology is the study of how living organisms interact with each other and with the nonliving part of their environment. An ecosystem consists of all the nonliving factors and living organisms interacting in the same habitat . Recall that living organisms are biotic factors . The biotic factors of an ecosystem include all the populations in a habitat, such as all the species of plants, animals, and fungi, as well as all the micro-organisms. Also recall that the nonliving factors are called abiotic factors . Abiotic factors include temperature, water, soil, and air.
Answer:",1.95,234,2026-09-29T20:42:51.718999,0.16,0.8576,5,1.0,0.6725
sciq_0019,SciQ,science,deepseek-r1:1.5b,On what day of the cycle does ovulation usually occur?,"After menstruation, the endometrium begins to build up again. At the same time, a follicle starts maturing in an ovary. Ovulation occurs around day 14 of the cycle. After it occurs, the endometrium continues to build up in preparation for a fertilized egg. What happens next depends on whether the egg is fertilized.",14th,"Ovulation usually occurs around day 14 of the cycle, which marks the start of the next cycle.","Ovulation usually occurs around day 14 of the cycle, which marks the start of the next cycle.",False,"You are a helpful and knowledgeable tutor.
Answer the following question clearly and concisely, in 2-4 sentences.

Question: On what day of the cycle does ovulation usually occur?
Context: After menstruation, the endometrium begins to build up again. At the same time, a follicle starts maturing in an ovary. Ovulation occurs around day 14 of the cycle. After it occurs, the endometrium continues to build up in preparation for a fertilized egg. What happens next depends on whether the egg is fertilized.
Answer:",2.34,285,2026-09-29T20:42:54.055741,0.0,0.8368,4,0.75,0.5289
sciq_0020,SciQ,science,deepseek-r1:1.5b,A hydrogen atom with one neutron is called what?,"Hydrogen is an example of an element that has isotopes. Three isotopes of hydrogen are modeled in the Figure below . Most hydrogen atoms have just one proton and one electron and lack a neutron. These atoms are just called hydrogen. Some hydrogen atoms have one neutron as well. These atoms are the isotope named deuterium. Other hydrogen atoms have two neutrons. These atoms are the isotope named tritium. For animated versions of these hydrogen isotopes, go to this URL: http://www. s-cool. co. uk/a-level/physics/atomic-structure/revise-it/isotopes .",deuterium,A hydrogen atom with one neutron is called deuterium.,A hydrogen atom with one neutron is called deuterium.,False,"You are a helpful and knowledgeable tutor.
Answer the following question clearly and concisely, in 2-4 sentences.

Question: A hydrogen atom with one neutron is called what?
Context: Hydrogen is an example of an element that has isotopes. Three isotopes of hydrogen are modeled in the Figure below . Most hydrogen atoms have just one proton and one electron and lack a neutron. These atoms are just called hydrogen. Some hydrogen atoms have one neutron as well. These atoms are the isotope named deuterium. Other hydrogen atoms have two neutrons. These atoms are the isotope named tritium. For animated versions of these hydrogen isotopes, go to this URL: http://www. s-cool. co. uk/a-level/physics/atomic-structure/revise-it/isotopes .
Answer:",1.83,221,2026-09-29T20:42:55.889204,0.2,0.8587,5,1.0,0.6862
sciq_0021,SciQ,science,deepseek-r1:1.5b,Biological features from a common evolutionary origin are known as what?,"Classification of Living Things be that different. Biological features from a common evolutionary origin are known as homologous. • Development • Biochemistry: Biochemical analysis of animals similar in appearance have yielded surprising results. For example, although guinea pigs were once considered to be rodents, like mice, biochemistry led them to be in their taxon of their own.",homologous,Biological features from a common evolutionary origin are known as homologous.,Biological features from a common evolutionary origin are known as homologous.,False,"You are a helpful and knowledgeable tutor.
Answer the following question clearly and concisely, in 2-4 sentences.

Question: Biological features from a common evolutionary origin are known as what?
Context: Classification of Living Things be that different. Biological features from a common evolutionary origin are known as homologous. • Development • Biochemistry: Biochemical analysis of animals similar in appearance have yielded surprising results. For example, although guinea pigs were once considered to be rodents, like mice, biochemistry led them to be in their taxon of their own.
Answer:",1.65,201,2026-09-29T20:42:57.539820,0.1667,0.8513,5,1.0,0.6727
sciq_0022,SciQ,science,deepseek-r1:1.5b,Natural gas is the predominately made up of?,Natural gas is mostly methane. Natural gas is usually found with petroleum. People prefer to burn natural gas when possible because it is relatively clean.,methane,"Natural gas is composed of methane and other hydrocarbons, primarily derived from petroleum.","Natural gas is composed of methane and other hydrocarbons, primarily derived from petroleum.",False,"You are a helpful and knowledgeable tutor.
Answer the following question clearly and concisely, in 2-4 sentences.

Question: Natural gas is the predominately made up of?
Context: Natural gas is mostly methane. Natural gas is usually found with petroleum. People prefer to burn natural gas when possible because it is relatively clean.
Answer:",1.87,229,2026-09-29T20:42:59.411234,0.1429,0.8138,4,0.75,0.5689
sciq_0023,SciQ,science,deepseek-r1:1.5b,Downhill skiiers gain little advantage from a running start because the initial kinetic energy is small compared with the gain in what other energy form?,"In a downhill ski race, surprisingly, little advantage is gained by getting a running start. (This is because the initial kinetic energy is small compared with the gain in gravitational potential energy on even small hills. ) To demonstrate this, find the final speed and the time taken for a skier who skies 70.0 m along a 30º slope neglecting friction: (a) Starting from rest. (b) Starting with an initial speed of 2.50 m/s. (c) Does the answer surprise you? Discuss why it is still advantageous to get a running start in very competitive events.",gravitational potential energy,,,False,"You are a helpful and knowledgeable tutor.
Answer the following question clearly and concisely, in 2-4 sentences.

Question: Downhill skiiers gain little advantage from a running start because the initial kinetic energy is small compared with the gain in what other energy form?
Context: In a downhill ski race, surprisingly, little advantage is gained by getting a running start. (This is because the initial kinetic energy is small compared with the gain in gravitational potential energy on even small hills. ) To demonstrate this, find the final speed and the time taken for a skier who skies 70.0 m along a 30º slope neglecting friction: (a) Starting from rest. (b) Starting with an initial speed of 2.50 m/s. (c) Does the answer surprise you? Discuss why it is still advantageous to get a running start in very competitive events.
Answer:",4.24,512,2026-09-29T20:43:03.653482,0.0,0.8398,4,0.75,0.5299
sciq_0024,SciQ,science,deepseek-r1:1.5b,"Water is considered a what since it is a polar molecule with slightly positive and slightly negative charges, so ions and polar molecules can readily dissolve in it?","Water’s Solvent Properties Since water is a polar molecule with slightly positive and slightly negative charges, ions and polar molecules can readily dissolve in it. Therefore, water is referred to as a solvent, a substance capable of dissolving other polar molecules and ionic compounds. The charges associated with these molecules will form hydrogen bonds with water, surrounding the particle with water molecules. This is referred to as a sphere of hydration, or a hydration shell, as illustrated in Figure 2.15 and serves to keep the particles separated or dispersed in the water. When ionic compounds are added to water, the individual ions react with the polar regions of the water molecules and their ionic bonds are disrupted in the process of dissociation. Dissociation occurs when atoms or groups of atoms break off from molecules and form ions. Consider table salt (NaCl, or sodium chloride): when NaCl crystals are added to water, the molecules of NaCl dissociate into Na+ and Cl– ions, and spheres of hydration form around the ions, illustrated in Figure 2.15. The positively charged sodium ion is surrounded by the partially negative charge of the water molecule’s oxygen. The negatively charged chloride ion is surrounded by the partially positive charge of the hydrogen on the water molecule.",solvent,"Water is considered a polar solvent because it has a partial positive and partial negative charge, allowing it to dissolve ionic compounds and polar molecules through hydrogen bonding, acting as a medium for dissolving substances.","Water is considered a polar solvent because it has a partial positive and partial negative charge, allowing it to dissolve ionic compounds and polar molecules through hydrogen bonding, acting as a medium for dissolving substances.",False,"You are a helpful and knowledgeable tutor.
Answer the following question clearly and concisely, in 2-4 sentences.

Question: Water is considered a what since it is a polar molecule with slightly positive and slightly negative charges, so ions and polar molecules can readily dissolve in it?
Context: Water’s Solvent Properties Since water is a polar molecule with slightly positive and slightly negative charges, ions and polar molecules can readily dissolve in it. Therefore, water is referred to as a solvent, a substance capable of dissolving other polar molecules and ionic compounds. The charges associated with these molecules will form hydrogen bonds with water, surrounding the particle with water molecules. This is referred to as a sphere of hydration, or a hydration shell, as illustrated in Figure 2.15 and serves to keep the particles separated or dispersed in the water. When ionic compounds are added to water, the individual ions react with the polar regions of the water molecules and their ionic bonds are disrupted in the process of dissociation. Dissociation occurs when atoms or groups of atoms break off from molecules and form ions. Consider table salt (NaCl, or sodium chloride): when NaCl crystals are added to water, the molecules of NaCl dissociate into Na+ and Cl– ions, and spheres of hydration form around the ions, illustrated in Figure 2.15. The positively charged sodium ion is surrounded by the partially negative charge of the water molecule’s oxygen. The negatively charged chloride ion is surrounded by the partially positive charge of the hydrogen on the water molecule.
Answer:",1.82,215,2026-09-29T20:43:05.472752,0.0556,0.8025,4,0.75,0.536
sciq_0025,SciQ,science,deepseek-r1:1.5b,Vertebrata are characterized by the presence of what?,"Figure 29.7 Vertebrata are characterized by the presence of a backbone, such as the one that runs through the middle of this fish. All vertebrates are in the Craniata clade and have a cranium. (credit: Ernest V. More; taken at Smithsonian Museum of Natural History, Washington, D.",backbone,"Vertebrata are characterized by having a backbone, which is their cranium.","Vertebrata are characterized by having a backbone, which is their cranium.",False,"You are a helpful and knowledgeable tutor.
Answer the following question clearly and concisely, in 2-4 sentences.

Question: Vertebrata are characterized by the presence of what?
Context: Figure 29.7 Vertebrata are characterized by the presence of a backbone, such as the one that runs through the middle of this fish. All vertebrates are in the Craniata clade and have a cranium. (credit: Ernest V. More; taken at Smithsonian Museum of Natural History, Washington, D.
Answer:",2.26,276,2026-09-29T20:43:07.730951,0.1667,0.8306,4,0.75,0.5824
sciq_0026,SciQ,science,deepseek-r1:1.5b,Cardiac muscle is found only in which part of the heart?,"Cardiac muscle is found only in the walls of the heart. When cardiac muscle contracts, the heart beats and pumps blood. Cardiac muscle contains a great many mitochondria, which produce ATP for energy. This helps the heart resist fatigue. Contractions of cardiac muscle are involuntary, like those of smooth muscle. Cardiac muscle, like skeletal muscle, is arranged in bundles, so it appears striated , or striped.",the walls,The cardiac muscle is located in the ventricles of the heart.,The cardiac muscle is located in the ventricles of the heart.,False,"You are a helpful and knowledgeable tutor.
Answer the following question clearly and concisely, in 2-4 sentences.

Question: Cardiac muscle is found only in which part of the heart?
Context: Cardiac muscle is found only in the walls of the heart. When cardiac muscle contracts, the heart beats and pumps blood. Cardiac muscle contains a great many mitochondria, which produce ATP for energy. This helps the heart resist fatigue. Contractions of cardiac muscle are involuntary, like those of smooth muscle. Cardiac muscle, like skeletal muscle, is arranged in bundles, so it appears striated , or striped.
Answer:",2.57,314,2026-09-29T20:43:10.299513,0.1538,0.8308,4,0.75,0.5782
sciq_0027,SciQ,science,deepseek-r1:1.5b,Which type of tree is dominant in temperate forests?,Figure 44.18 Deciduous trees are the dominant plant in the temperate forest. (credit: Oliver Herold).,deciduous,"The dominant tree types in temperate forests are deciduous trees, which include pine and spruce. These trees are commonly found in temperate regions and are characterized by their stems rather than cones.","The dominant tree types in temperate forests are deciduous trees, which include pine and spruce. These trees are commonly found in temperate regions and are characterized by their stems rather than cones.",False,"You are a helpful and knowledgeable tutor.
Answer the following question clearly and concisely, in 2-4 sentences.

Question: Which type of tree is dominant in temperate forests?
Context: Figure 44.18 Deciduous trees are the dominant plant in the temperate forest. (credit: Oliver Herold).
Answer:",1.91,230,2026-09-29T20:43:12.208502,0.0606,0.8,4,0.75,0.5369
sciq_0028,SciQ,science,deepseek-r1:1.5b,What do mammals have under the skin to help insulate the body?,"Conserving heat is also important, especially in small mammals. A small body has a relatively large surface area compared to its overall size. Because heat is lost from the surface of the body, small mammals lose a greater proportion of their body heat than large mammals. Mammals conserve body heat with their hair or fur. It traps a layer of warm air next to the skin. Most mammals can make their hair stand up from the skin, so it becomes an even better insulator (see Figure below ). Mammals also have a layer of fat under the skin to help insulate the body. This fatty layer is not found in other vertebrates.",a layer of fat,"Mammals have hair or fur and fat under the skin to help insulate their bodies. Hair traps a layer of warm air, acting as a good insulator, while fat provides an additional layer of insulation.","Mammals have hair or fur and fat under the skin to help insulate their bodies. Hair traps a layer of warm air, acting as a good insulator, while fat provides an additional layer of insulation.",False,"You are a helpful and knowledgeable tutor.
Answer the following question clearly and concisely, in 2-4 sentences.

Question: What do mammals have under the skin to help insulate the body?
Context: Conserving heat is also important, especially in small mammals. A small body has a relatively large surface area compared to its overall size. Because heat is lost from the surface of the body, small mammals lose a greater proportion of their body heat than large mammals. Mammals conserve body heat with their hair or fur. It traps a layer of warm air next to the skin. Most mammals can make their hair stand up from the skin, so it becomes an even better insulator (see Figure below ). Mammals also have a layer of fat under the skin to help insulate the body. This fatty layer is not found in other vertebrates.
Answer:",2.17,260,2026-09-29T20:43:14.382903,0.2051,0.8697,4,0.75,0.6083
sciq_0029,SciQ,science,deepseek-r1:1.5b,What is one thing that cell membranes are permeable to?,,specific ions,Cell membranes are permeable to polar substances.,Cell membranes are permeable to polar substances.,False,"You are a helpful and knowledgeable tutor.
Answer the following question clearly and concisely, in 2-4 sentences.

Question: What is one thing that cell membranes are permeable to?
Answer:",2.81,340,2026-09-29T20:43:17.197211,0.0,0.8284,4,0.75,0.5261
sciq_0030,SciQ,science,deepseek-r1:1.5b,What is the purpose of bright colors on a flower's petals?,"Flowers Flowers are modified leaves, or sporophylls, organized around a central stalk. Although they vary greatly in appearance, all flowers contain the same structures: sepals, petals, carpels, and stamens. The peduncle attaches the flower to the plant. A whorl of sepals (collectively called the calyx) is located at the base of the peduncle and encloses the unopened floral bud. Sepals are usually photosynthetic organs, although there are some exceptions. For example, the corolla in lilies and tulips consists of three sepals and three petals that look virtually identical. Petals, collectively the corolla, are located inside the whorl of sepals and often display vivid colors to attract pollinators. Flowers pollinated by wind are usually small, feathery, and visually inconspicuous. Sepals and petals together form the perianth. The sexual organs (carpels and stamens) are located at the center of the flower. As illustrated in Figure 26.14, styles, stigmas, and ovules constitute the female organ: the gynoecium or carpel. Flower structure is very diverse, and carpels may be singular, multiple, or fused. Multiple fused carpels comprise a pistil. The megaspores and the female gametophytes are produced and protected by the thick tissues of the carpel. A long, thin structure called a style leads from the sticky stigma, where pollen is deposited, to the ovary, enclosed in the carpel. The ovary houses one or more ovules, each of which will develop into a seed upon fertilization. The male reproductive organs, the stamens (collectively called the androecium), surround the central carpel. Stamens are composed of a thin stalk called a filament and a sac-like structure called the anther. The filament supports the anther, where the microspores are produced by meiosis and develop into pollen grains.",to attract pollinators,"The purpose of bright colors on a flower's petals is to make them more attractive to pollinators like bees and butterflies, helping the flower to attract them and ensure its survival.","The purpose of bright colors on a flower's petals is to make them more attractive to pollinators like bees and butterflies, helping the flower to attract them and ensure its survival.",False,"You are a helpful and knowledgeable tutor.
Answer the following question clearly and concisely, in 2-4 sentences.

Question: What is the purpose of bright colors on a flower's petals?
Context: Flowers Flowers are modified leaves, or sporophylls, organized around a central stalk. Although they vary greatly in appearance, all flowers contain the same structures: sepals, petals, carpels, and stamens. The peduncle attaches the flower to the plant. A whorl of sepals (collectively called the calyx) is located at the base of the peduncle and encloses the unopened floral bud. Sepals are usually photosynthetic organs, although there are some exceptions. For example, the corolla in lilies and tulips consists of three sepals and three petals that look virtually identical. Petals, collectively the corolla, are located inside the whorl of sepals and often display vivid colors to attract pollinators. Flowers pollinated by wind are usually small, feathery, and visually inconspicuous. Sepals and petals together form the perianth. The sexual organs (carpels and stamens) are located at the center of the flower. As illustrated in Figure 26.14, styles, stigmas, and ovules constitute the female organ: the gynoecium or carpel. Flower structure is very diverse, and carpels may be singular, multiple, or fused. Multiple fused carpels comprise a pistil. The megaspores and the female gametophytes are produced and protected by the thick tissues of the carpel. A long, thin structure called a style leads from the sticky stigma, where pollen is deposited, to the ovary, enclosed in the carpel. The ovary houses one or more ovules, each of which will develop into a seed upon fertilization. The male reproductive organs, the stamens (collectively called the androecium), surround the central carpel. Stamens are composed of a thin stalk called a filament and a sac-like structure called the anther. The filament supports the anther, where the microspores are produced by meiosis and develop into pollen grains.
Answer:",1.58,182,2026-09-29T20:43:18.778515,0.1714,0.8806,5,1.0,0.684
sciq_0031,SciQ,science,deepseek-r1:1.5b,"Twenty-four hours before fertilization, the egg has finished meiosis and becomes a mature what?","Human Gestation Twenty-four hours before fertilization, the egg has finished meiosis and becomes a mature oocyte. When fertilized (at conception) the egg becomes known as a zygote. The zygote travels through the oviduct to the uterus (Figure 43.18). The developing embryo must implant into the wall of the uterus within seven days, or it will deteriorate and die. The outer layers of the zygote (blastocyst) grow into the endometrium by digesting the endometrial cells, and wound healing of the endometrium closes up the blastocyst into the tissue. Another layer of the blastocyst, the chorion, begins releasing a hormone called human beta chorionic gonadotropin (β-HCG) which makes its way to the corpus luteum and keeps that structure active. This ensures adequate levels of progesterone that will maintain the endometrium of the uterus for the support of the developing embryo. Pregnancy tests determine the level of β-HCG in urine or serum. If the hormone is present, the test is positive.",oocyte,"Twenty-four hours before fertilization, the egg becomes a mature oocyte. When fertilized, the egg becomes a zygote. The zygote travels through the endometralies, undergoes wound healing, and releases β-HCG, which supports the endometrium.","Twenty-four hours before fertilization, the egg becomes a mature oocyte. When fertilized, the egg becomes a zygote. The zygote travels through the endometralies, undergoes wound healing, and releases β-HCG, which supports the endometrium.",False,"You are a helpful and knowledgeable tutor.
Answer the following question clearly and concisely, in 2-4 sentences.

Question: Twenty-four hours before fertilization, the egg has finished meiosis and becomes a mature what?
Context: Human Gestation Twenty-four hours before fertilization, the egg has finished meiosis and becomes a mature oocyte. When fertilized (at conception) the egg becomes known as a zygote. The zygote travels through the oviduct to the uterus (Figure 43.18). The developing embryo must implant into the wall of the uterus within seven days, or it will deteriorate and die. The outer layers of the zygote (blastocyst) grow into the endometrium by digesting the endometrial cells, and wound healing of the endometrium closes up the blastocyst into the tissue. Another layer of the blastocyst, the chorion, begins releasing a hormone called human beta chorionic gonadotropin (β-HCG) which makes its way to the corpus luteum and keeps that structure active. This ensures adequate levels of progesterone that will maintain the endometrium of the uterus for the support of the developing embryo. Pregnancy tests determine the level of β-HCG in urine or serum. If the hormone is present, the test is positive.
Answer:",2.14,252,2026-09-29T20:43:20.922786,0.0571,0.8083,4,0.75,0.5385
sciq_0032,SciQ,science,deepseek-r1:1.5b,Lyme disease is caused by what kind of organim?,"Humans have literally walked into some new bacterial diseases. When people come into contact with wild populations, they may become part of natural cycles of disease transmission. Consider Lyme disease. It’s caused by bacteria that normally infect small, wild mammals, such as mice. A tick bites a mouse and picks up the bacteria. The tick may then bite a human who invades the natural habitat. Through the bite, the bacteria are transmitted to the human host.",bacteria,The tick is the organim that causes Lyme disease.,The tick is the organim that causes Lyme disease.,False,"You are a helpful and knowledgeable tutor.
Answer the following question clearly and concisely, in 2-4 sentences.

Question: Lyme disease is caused by what kind of organim?
Context: Humans have literally walked into some new bacterial diseases. When people come into contact with wild populations, they may become part of natural cycles of disease transmission. Consider Lyme disease. It’s caused by bacteria that normally infect small, wild mammals, such as mice. A tick bites a mouse and picks up the bacteria. The tick may then bite a human who invades the natural habitat. Through the bite, the bacteria are transmitted to the human host.
Answer:",2.87,351,2026-09-29T20:43:23.791368,0.0,0.8243,4,0.75,0.5248
sciq_0033,SciQ,science,deepseek-r1:1.5b,Where is the spinal trigeminal nucleus located?,,medulla,"The spinal trigeminal nucleus is located in the ventral part of the brainstem, specifically in the suboccipital area.","The spinal trigeminal nucleus is located in the ventral part of the brainstem, specifically in the suboccipital area.",False,"You are a helpful and knowledgeable tutor.
Answer the following question clearly and concisely, in 2-4 sentences.

Question: Where is the spinal trigeminal nucleus located?
Answer:",2.33,284,2026-09-29T20:43:26.124233,0.0,0.7923,4,0.75,0.5141
sciq_0034,SciQ,science,deepseek-r1:1.5b,What are the two terms that designate how well aqueous solutions conduct electricity?,Aqueous solutions can be classified as polar or nonpolar depending on how well they conduct electricity.,polar and nonpolar,"The two terms that designate how well aqueous solutions conduct electricity are **polar** and **nonpolar**. Polar substances conduct electricity better due to strong ion-dipole interactions, while nonpolar substances do not.","The two terms that designate how well aqueous solutions conduct electricity are **polar** and **nonpolar**. Polar substances conduct electricity better due to strong ion-dipole interactions, while nonpolar substances do not.",False,"You are a helpful and knowledgeable tutor.
Answer the following question clearly and concisely, in 2-4 sentences.

Question: What are the two terms that designate how well aqueous solutions conduct electricity?
Context: Aqueous solutions can be classified as polar or nonpolar depending on how well they conduct electricity.
Answer:",3.16,389,2026-09-29T20:43:29.283441,0.1765,0.8398,4,0.75,0.5888
sciq_0035,SciQ,science,deepseek-r1:1.5b,What do we call the visible part of the electromagnetic spectrum?,Earth is just a tiny speck in the universe. Our planet is surrounded by lots of space. Light travels across empty space. Astronomers can study light from stars to learn about the universe. Light is the visible part of the electromagnetic spectrum . Astronomers use the light that comes to us to gather information about the universe.,light,The visible part of the electromagnetic spectrum is called the visible spectrum.,The visible part of the electromagnetic spectrum is called the visible spectrum.,False,"You are a helpful and knowledgeable tutor.
Answer the following question clearly and concisely, in 2-4 sentences.

Question: What do we call the visible part of the electromagnetic spectrum?
Context: Earth is just a tiny speck in the universe. Our planet is surrounded by lots of space. Light travels across empty space. Astronomers can study light from stars to learn about the universe. Light is the visible part of the electromagnetic spectrum . Astronomers use the light that comes to us to gather information about the universe.
Answer:",2.76,334,2026-09-29T20:43:32.049188,0.0,0.8373,4,0.75,0.5291
sciq_0036,SciQ,science,deepseek-r1:1.5b,Organisms that live deep in the ocean must be able to withstand what?,"Organisms that live deep in the ocean must be able to withstand extreme water pressure, very cold water, and complete darkness. However, even here, thriving communities of living things can be found. Organisms cluster around hydrothermal vents in the ocean floor. The vents release hot water containing chemicals that would be toxic to most other living things. The producers among them are single-celled chemoautotrophs. They make food using energy stored in the chemicals. The tube worms in this chapter's opening photo depend on these chemoautotrophs for food.",extreme water pressure,"Organisms deep in the ocean must withstand extreme conditions like high water pressure, cold temperatures, and complete darkness. They rely on chemoautotrophs, which use toxic chemicals released by hydrothermal vents as their primary food source.","Organisms deep in the ocean must withstand extreme conditions like high water pressure, cold temperatures, and complete darkness. They rely on chemoautotrophs, which use toxic chemicals released by hydrothermal vents as their primary food source.",False,"You are a helpful and knowledgeable tutor.
Answer the following question clearly and concisely, in 2-4 sentences.

Question: Organisms that live deep in the ocean must be able to withstand what?
Context: Organisms that live deep in the ocean must be able to withstand extreme water pressure, very cold water, and complete darkness. However, even here, thriving communities of living things can be found. Organisms cluster around hydrothermal vents in the ocean floor. The vents release hot water containing chemicals that would be toxic to most other living things. The producers among them are single-celled chemoautotrophs. They make food using energy stored in the chemicals. The tube worms in this chapter's opening photo depend on these chemoautotrophs for food.
Answer:",1.92,233,2026-09-29T20:43:33.971217,0.1579,0.8541,4,0.75,0.5873
sciq_0037,SciQ,science,deepseek-r1:1.5b,Where do extrusive igneous rocks cool at?,Extrusive igneous rocks cool at the surface. Volcanoes are one type of feature that forms from extrusive rocks. Several other interesting landforms are also extrusive features. Intrusive igneous rocks cool below the surface. These rocks do not always remain hidden. Rocks that formed in the crust are exposed when the rock and sediment that covers them is eroded away.,surface,Extrusive igneous rocks cool at the surface.,Extrusive igneous rocks cool at the surface.,False,"You are a helpful and knowledgeable tutor.
Answer the following question clearly and concisely, in 2-4 sentences.

Question: Where do extrusive igneous rocks cool at?
Context: Extrusive igneous rocks cool at the surface. Volcanoes are one type of feature that forms from extrusive rocks. Several other interesting landforms are also extrusive features. Intrusive igneous rocks cool below the surface. These rocks do not always remain hidden. Rocks that formed in the crust are exposed when the rock and sediment that covers them is eroded away.
Answer:",1.98,238,2026-09-29T20:43:35.947663,0.25,0.8423,5,1.0,0.6974
sciq_0038,SciQ,science,deepseek-r1:1.5b,Where do mushrooms get their energy?,Mushrooms gain their energy from decomposing dead organisms. Explain why a mushroom is not a plant.,decomposing dead organisms,"Mushrooms obtain their energy from the decomposition of dead organisms, which is a process known as decomposition. Mushrooms are not classified as plants because they do not meet the criteria for photosynthesis, which is essential for plants. Instead, they act as decomposers, breaking down organic matter without requiring sunlight, water, or nutrients.","Mushrooms obtain their energy from the decomposition of dead organisms, which is a process known as decomposition. Mushrooms are not classified as plants because they do not meet the criteria for photosynthesis, which is essential for plants. Instead, they act as decomposers, breaking down organic matter without requiring sunlight, water, or nutrients.",False,"You are a helpful and knowledgeable tutor.
Answer the following question clearly and concisely, in 2-4 sentences.

Question: Where do mushrooms get their energy?
Context: Mushrooms gain their energy from decomposing dead organisms. Explain why a mushroom is not a plant.
Answer:",2.54,310,2026-09-29T20:43:38.488056,0.0727,0.8445,4,0.75,0.5557
sciq_0039,SciQ,science,deepseek-r1:1.5b,What are cells without a nucleus called?,Prokaryotic cells are cells without a nucleus. They are found in single-celled organisms. Eukaryotic cells are cells with a nucleus and other organelles. They are found mainly in multicellular organisms.,prokaryotic cells,Cells without a nucleus are called prokaryotes.,Cells without a nucleus are called prokaryotes.,False,"You are a helpful and knowledgeable tutor.
Answer the following question clearly and concisely, in 2-4 sentences.

Question: What are cells without a nucleus called?
Context: Prokaryotic cells are cells without a nucleus. They are found in single-celled organisms. Eukaryotic cells are cells with a nucleus and other organelles. They are found mainly in multicellular organisms.
Answer:",1.69,204,2026-09-29T20:43:40.176568,0.2222,0.8814,4,0.75,0.6179
sciq_0040,SciQ,science,deepseek-r1:1.5b,The nucleus from a differentiated frog cell can direct development of what?,,tadpole,The nucleus from a differentiated frog cell can direct development of the heart. It controls the genes necessary for heart cell differentiation and tissue formation.,The nucleus from a differentiated frog cell can direct development of the heart. It controls the genes necessary for heart cell differentiation and tissue formation.,False,"You are a helpful and knowledgeable tutor.
Answer the following question clearly and concisely, in 2-4 sentences.

Question: The nucleus from a differentiated frog cell can direct development of what?
Answer:",2.95,361,2026-09-29T20:43:43.124984,0.0,0.8067,4,0.75,0.5189
sciq_0041,SciQ,science,deepseek-r1:1.5b,Prophase is preceded by a preprophase stage in what type of cells?,"As plant cells have some structural differences compared to an animal cell, an additional stage prior to prophase is necessary. In plant cells only, prophase is preceded by a preprophase stage. Plant cells have a large central vacuole encompassing the center of the cell. Prior to the division of the nucleus, the nucleus must migrate to the center of the plant cell. To accomplish this, the cell forms a phragmosome , a sheet of cytoplasm that bisects the middle of the cell. The phragmosome suspends the cell nucleus in the center of the cell in preparation for prophase. Additionally, during this phase the plane of cell division is established. The accurate control of division planes, which establishes the placement of the future cell wall, is crucial for the correct structure of plant tissues and organs.",plant cells,"The preprophase stage is necessary in plant cells for prophase to occur. This stage involves the formation of a phragmosome, a cytoplasmic structure that holds the nucleus in place during cell division. This positioning is crucial for proper tissue and organ structure in plant cells.","The preprophase stage is necessary in plant cells for prophase to occur. This stage involves the formation of a phragmosome, a cytoplasmic structure that holds the nucleus in place during cell division. This positioning is crucial for proper tissue and organ structure in plant cells.",False,"You are a helpful and knowledgeable tutor.
Answer the following question clearly and concisely, in 2-4 sentences.

Question: Prophase is preceded by a preprophase stage in what type of cells?
Context: As plant cells have some structural differences compared to an animal cell, an additional stage prior to prophase is necessary. In plant cells only, prophase is preceded by a preprophase stage. Plant cells have a large central vacuole encompassing the center of the cell. Prior to the division of the nucleus, the nucleus must migrate to the center of the plant cell. To accomplish this, the cell forms a phragmosome , a sheet of cytoplasm that bisects the middle of the cell. The phragmosome suspends the cell nucleus in the center of the cell in preparation for prophase. Additionally, during this phase the plane of cell division is established. The accurate control of division planes, which establishes the placement of the future cell wall, is crucial for the correct structure of plant tissues and organs.
Answer:",2.95,356,2026-09-29T20:43:46.071351,0.0851,0.8221,4,0.75,0.5524
sciq_0042,SciQ,science,deepseek-r1:1.5b,What form of matter has a fixed volume but not a fixed shape?,"Ocean water is an example of a liquid. A liquid is matter that has a fixed volume but not a fixed shape. Instead, a liquid takes the shape of its container. If the volume of a liquid is less than the volume of its container, the top surface will be exposed to the air, like the oil in the bottles in Figure below .",liquid,The form of matter that has a fixed volume but not a fixed shape is liquid.,The form of matter that has a fixed volume but not a fixed shape is liquid.,False,"You are a helpful and knowledgeable tutor.
Answer the following question clearly and concisely, in 2-4 sentences.

Question: What form of matter has a fixed volume but not a fixed shape?
Context: Ocean water is an example of a liquid. A liquid is matter that has a fixed volume but not a fixed shape. Instead, a liquid takes the shape of its container. If the volume of a liquid is less than the volume of its container, the top surface will be exposed to the air, like the oil in the bottles in Figure below .
Answer:",2.25,273,2026-09-29T20:43:48.322014,0.1176,0.8104,5,1.0,0.6427
sciq_0043,SciQ,science,deepseek-r1:1.5b,What prevents new ovarian follicles from developing and suppresses uterine contractility?,"28.4 Maternal Changes During Pregnancy, Labor, and Birth Hormones (especially estrogens, progesterone, and hCG) secreted by the corpus luteum and later by the placenta are responsible for most of the changes experienced during pregnancy. Estrogen maintains the pregnancy, promotes fetal viability, and stimulates tissue growth in the mother and developing fetus. Progesterone prevents new ovarian follicles from developing and suppresses uterine contractility. Pregnancy weight gain primarily occurs in the breasts and abdominal region. Nausea, heartburn, and frequent urination are common during pregnancy. Maternal blood volume increases by 30 percent during pregnancy and respiratory minute volume increases by 50 percent. The skin may develop stretch marks and melanin production may increase.",progesterone,"The suppression of new ovarian follicles and uterine contractility is primarily due to the presence of progesterone and hCG from the placenta, which are released into the uterus. These hormones act as inhibitors, preventing new follicles from developing and slowing uterine contraction.","The suppression of new ovarian follicles and uterine contractility is primarily due to the presence of progesterone and hCG from the placenta, which are released into the uterus. These hormones act as inhibitors, preventing new follicles from developing and slowing uterine contraction.",False,"You are a helpful and knowledgeable tutor.
Answer the following question clearly and concisely, in 2-4 sentences.

Question: What prevents new ovarian follicles from developing and suppresses uterine contractility?
Context: 28.4 Maternal Changes During Pregnancy, Labor, and Birth Hormones (especially estrogens, progesterone, and hCG) secreted by the corpus luteum and later by the placenta are responsible for most of the changes experienced during pregnancy. Estrogen maintains the pregnancy, promotes fetal viability, and stimulates tissue growth in the mother and developing fetus. Progesterone prevents new ovarian follicles from developing and suppresses uterine contractility. Pregnancy weight gain primarily occurs in the breasts and abdominal region. Nausea, heartburn, and frequent urination are common during pregnancy. Maternal blood volume increases by 30 percent during pregnancy and respiratory minute volume increases by 50 percent. The skin may develop stretch marks and melanin production may increase.
Answer:",3.29,400,2026-09-29T20:43:51.609192,0.0465,0.8061,4,0.75,0.5342
sciq_0044,SciQ,science,deepseek-r1:1.5b,Where fossils of the genus eomaia found?,The earliest placental mammals may have evolved about 110 million years ago. The ancestor of placental mammals may be the extinct genus Eomaia . Fossils of Eomaia have been found in what is now China. It was only about 10 centimeters (4 inches) long. It was a tree climber and probably ate insects and worms. Eomaia had several traits of placental mammals. Figure below shows an Eomaia fossil.,china,"The fossils of the genus Eomaia were found in China, approximately 10 centimeters long, serving as a tree climber and eating insects and worms. These fossils represent the ancestor of placental mammals, which evolved about 110 million years ago.","The fossils of the genus Eomaia were found in China, approximately 10 centimeters long, serving as a tree climber and eating insects and worms. These fossils represent the ancestor of placental mammals, which evolved about 110 million years ago.",False,"You are a helpful and knowledgeable tutor.
Answer the following question clearly and concisely, in 2-4 sentences.

Question: Where fossils of the genus eomaia found?
Context: The earliest placental mammals may have evolved about 110 million years ago. The ancestor of placental mammals may be the extinct genus Eomaia . Fossils of Eomaia have been found in what is now China. It was only about 10 centimeters (4 inches) long. It was a tree climber and probably ate insects and worms. Eomaia had several traits of placental mammals. Figure below shows an Eomaia fossil.
Answer:",2.16,259,2026-09-29T20:43:53.770977,0.05,0.8071,4,0.75,0.5357
sciq_0045,SciQ,science,deepseek-r1:1.5b,"With wavelengths from 400-700 nm, what kind of light represents only a very small portion of the spectrum?",The electromagnetic spectrum encompasses a very wide range of wavelengths and frequencies. Visible light is only a very small portion of the spectrum with wavelengths from 400-700 nm.,visible light,,,False,"You are a helpful and knowledgeable tutor.
Answer the following question clearly and concisely, in 2-4 sentences.

Question: With wavelengths from 400-700 nm, what kind of light represents only a very small portion of the spectrum?
Context: The electromagnetic spectrum encompasses a very wide range of wavelengths and frequencies. Visible light is only a very small portion of the spectrum with wavelengths from 400-700 nm.
Answer:",4.18,512,2026-09-29T20:43:57.957108,0.0,0.8645,4,0.75,0.5382
sciq_0046,SciQ,science,deepseek-r1:1.5b,"In an aqueous solution, what is the solvent?",,water,The solvent in an aqueous solution is water.,The solvent in an aqueous solution is water.,False,"You are a helpful and knowledgeable tutor.
Answer the following question clearly and concisely, in 2-4 sentences.

Question: In an aqueous solution, what is the solvent?
Answer:",2.66,325,2026-09-29T20:44:00.616073,0.2222,0.8327,5,1.0,0.685
sciq_0047,SciQ,science,deepseek-r1:1.5b,"Breathing involves differences in what, measured in torr, between the inside of the lungs and the air outside?","Breathing involves pressure differences between the inside of the lungs and the air outside. The pressure differences are only a few torr. A normal breath is about 0.50 L. If room temperature is about 22°C, then the air has a temperature of about 295 K. With normal pressure being 1.0 atm, how many moles of air do we take in for every breath? The ideal gas law gives us an answer:.",pressure,,,False,"You are a helpful and knowledgeable tutor.
Answer the following question clearly and concisely, in 2-4 sentences.

Question: Breathing involves differences in what, measured in torr, between the inside of the lungs and the air outside?
Context: Breathing involves pressure differences between the inside of the lungs and the air outside. The pressure differences are only a few torr. A normal breath is about 0.50 L. If room temperature is about 22°C, then the air has a temperature of about 295 K. With normal pressure being 1.0 atm, how many moles of air do we take in for every breath? The ideal gas law gives us an answer:.
Answer:",4.25,512,2026-09-29T20:44:04.869227,0.0,0.8515,4,0.75,0.5338
sciq_0048,SciQ,science,deepseek-r1:1.5b,"When explosion of gases creates pressure resulting in motion of a rocket, the force pushing the rocket is called what?","For a long time, many people believed that a rocket wouldn’t work in space. There would be nothing for the rocket to push against. But they do work! Fuel is ignited in a chamber. The gases in the chamber explode. The explosion creates pressure that forces the gases out of one side of the rocket. The rocket moves in the opposite direction ( Figure below ). The force pushing the rocket is called thrust .",thrust,The force pushing the rocket is called thrust.,The force pushing the rocket is called thrust.,False,"You are a helpful and knowledgeable tutor.
Answer the following question clearly and concisely, in 2-4 sentences.

Question: When explosion of gases creates pressure resulting in motion of a rocket, the force pushing the rocket is called what?
Context: For a long time, many people believed that a rocket wouldn’t work in space. There would be nothing for the rocket to push against. But they do work! Fuel is ignited in a chamber. The gases in the chamber explode. The explosion creates pressure that forces the gases out of one side of the rocket. The rocket moves in the opposite direction ( Figure below ). The force pushing the rocket is called thrust .
Answer:",2.07,246,2026-09-29T20:44:06.941879,0.2222,0.8465,5,1.0,0.6896
sciq_0049,SciQ,science,deepseek-r1:1.5b,"By the year 2050, 25 percent of the population of the united states will be 60 years of age or older. the cdc estimates that 80 percent of those 60 years and older have one or more chronic disease associated with deficiencies of this?","Immune System By the year 2050, 25 percent of the population of the United States will be 60 years of age or older. The CDC estimates that 80 percent of those 60 years and older have one or more chronic disease associated with deficiencies of the immune systems. This loss of immune function with age is called immunosenescence. To treat this growing population, medical professionals must better understand the aging process. One major cause of age-related immune deficiencies is thymic involution, the shrinking of the thymus gland that begins at birth, at a rate of about three percent tissue loss per year, and continues until 35–45 years of age, when the rate declines to about one percent loss per year for the rest of one’s life. At that pace, the total loss of thymic epithelial tissue and thymocytes would occur at about 120 years of age. Thus, this age is a theoretical limit to a healthy human lifespan. Thymic involution has been observed in all vertebrate species that have a thymus gland. Animal studies have shown that transplanted thymic grafts between inbred strains of mice involuted according to the age of the donor and not of the recipient, implying the process is genetically programmed. There is evidence that the thymic microenvironment, so vital to the development of naïve T cells, loses thymic epithelial cells according to the decreasing expression of the FOXN1 gene with age. It is also known that thymic involution can be altered by hormone levels. Sex hormones such as estrogen and testosterone enhance involution, and the hormonal changes in pregnant women cause a temporary thymic involution that reverses itself, when the size of the thymus and its hormone levels return to normal, usually after lactation ceases. What does all this tell us? Can we reverse immunosenescence, or at least slow it down? The potential is there for using thymic transplants from younger donors to keep thymic output of naïve T cells high. Gene therapies that target gene expression are also seen as future possibilities. The more we learn through immunosenescence research, the more opportunities there will be to develop therapies, even though these therapies will likely take decades to develop. The ultimate goal is for everyone to live and be healthy longer, but there may be limits to immortality imposed by our genes and hormones.",immune system,,,False,"You are a helpful and knowledgeable tutor.
Answer the following question clearly and concisely, in 2-4 sentences.

Question: By the year 2050, 25 percent of the population of the united states will be 60 years of age or older. the cdc estimates that 80 percent of those 60 years and older have one or more chronic disease associated with deficiencies of this?
Context: Immune System By the year 2050, 25 percent of the population of the United States will be 60 years of age or older. The CDC estimates that 80 percent of those 60 years and older have one or more chronic disease associated with deficiencies of the immune systems. This loss of immune function with age is called immunosenescence. To treat this growing population, medical professionals must better understand the aging process. One major cause of age-related immune deficiencies is thymic involution, the shrinking of the thymus gland that begins at birth, at a rate of about three percent tissue loss per year, and continues until 35–45 years of age, when the rate declines to about one percent loss per year for the rest of one’s life. At that pace, the total loss of thymic epithelial tissue and thymocytes would occur at about 120 years of age. Thus, this age is a theoretical limit to a healthy human lifespan. Thymic involution has been observed in all vertebrate species that have a thymus gland. Animal studies have shown that transplanted thymic grafts between inbred strains of mice involuted according to the age of the donor and not of the recipient, implying the process is genetically programmed. There is evidence that the thymic microenvironment, so vital to the development of naïve T cells, loses thymic epithelial cells according to the decreasing expression of the FOXN1 gene with age. It is also known that thymic involution can be altered by hormone levels. Sex hormones such as estrogen and testosterone enhance involution, and the hormonal changes in pregnant women cause a temporary thymic involution that reverses itself, when the size of the thymus and its hormone levels return to normal, usually after lactation ceases. What does all this tell us? Can we reverse immunosenescence, or at least slow it down? The potential is there for using thymic transplants from younger donors to keep thymic output of naïve T cells high. Gene therapies that target gene expression are also seen as future possibilities. The more we learn through immunosenescence research, the more opportunities there will be to develop therapies, even though these therapies will likely take decades to develop. The ultimate goal is for everyone to live and be healthy longer, but there may be limits to immortality imposed by our genes and hormones.
Answer:",4.35,512,2026-09-29T20:44:11.298326,0.0,0.8435,4,0.75,0.5312
sciq_0050,SciQ,science,deepseek-r1:1.5b,Some bacteria cannot be cultured because they are obligate intracellular parasites and cannot be grown outside what?,"Some prokaryotes, however, cannot grow in a laboratory setting. In fact, over 99 percent of bacteria and archaea are unculturable. For the most part, this is due to a lack of knowledge as to what to feed these organisms and how to grow them; they have special requirements for growth that remain unknown to scientists, such as needing specific micronutrients, pH, temperature, pressure, co-factors, or co-metabolites. Some bacteria cannot be cultured because they are obligate intracellular parasites and cannot be grown outside a host cell. In other cases, culturable organisms become unculturable under stressful conditions, even though the same organism could be cultured previously. Those organisms that cannot be cultured but are not dead are in a viable-but-non-culturable (VBNC) state. The VBNC state occurs when prokaryotes respond to environmental stressors by entering a dormant state that allows their survival. The criteria for entering into the VBNC state are not completely understood. In a process called resuscitation, the prokaryote can go back to “normal” life when environmental conditions improve. Is the VBNC state an unusual way of living for prokaryotes? In fact, most of the prokaryotes living in the soil or in oceanic waters are non-culturable. It has been said that only a small fraction, perhaps one percent, of prokaryotes can be cultured under laboratory conditions. If these organisms are non-culturable, then how is it known whether they are present and alive? Microbiologists use molecular techniques, such as the polymerase chain reaction (PCR), to amplify selected portions of DNA of prokaryotes, demonstrating their existence. Recall that PCR can make billions of copies of a DNA segment in a process called amplification.",host cell,The bacteria cannot be cultured outside their host cell because they are obligate intracellular parasites.,The bacteria cannot be cultured outside their host cell because they are obligate intracellular parasites.,False,"You are a helpful and knowledgeable tutor.
Answer the following question clearly and concisely, in 2-4 sentences.

Question: Some bacteria cannot be cultured because they are obligate intracellular parasites and cannot be grown outside what?
Context: Some prokaryotes, however, cannot grow in a laboratory setting. In fact, over 99 percent of bacteria and archaea are unculturable. For the most part, this is due to a lack of knowledge as to what to feed these organisms and how to grow them; they have special requirements for growth that remain unknown to scientists, such as needing specific micronutrients, pH, temperature, pressure, co-factors, or co-metabolites. Some bacteria cannot be cultured because they are obligate intracellular parasites and cannot be grown outside a host cell. In other cases, culturable organisms become unculturable under stressful conditions, even though the same organism could be cultured previously. Those organisms that cannot be cultured but are not dead are in a viable-but-non-culturable (VBNC) state. The VBNC state occurs when prokaryotes respond to environmental stressors by entering a dormant state that allows their survival. The criteria for entering into the VBNC state are not completely understood. In a process called resuscitation, the prokaryote can go back to “normal” life when environmental conditions improve. Is the VBNC state an unusual way of living for prokaryotes? In fact, most of the prokaryotes living in the soil or in oceanic waters are non-culturable. It has been said that only a small fraction, perhaps one percent, of prokaryotes can be cultured under laboratory conditions. If these organisms are non-culturable, then how is it known whether they are present and alive? Microbiologists use molecular techniques, such as the polymerase chain reaction (PCR), to amplify selected portions of DNA of prokaryotes, demonstrating their existence. Recall that PCR can make billions of copies of a DNA segment in a process called amplification.
Answer:",2.22,256,2026-09-29T20:44:13.518113,0.2353,0.8457,5,1.0,0.6937
sciq_0051,SciQ,science,deepseek-r1:1.5b,What makes up the dense outer layer of bones?,Compact bone makes up the dense outer layer of bone. It is very hard and strong.,compact bone,"The dense outer layer of bones is compact bone, which is the outermost part of the bone structure. It is very hard and strong, while the inner part is fibrous and less dense.","The dense outer layer of bones is compact bone, which is the outermost part of the bone structure. It is very hard and strong, while the inner part is fibrous and less dense.",False,"You are a helpful and knowledgeable tutor.
Answer the following question clearly and concisely, in 2-4 sentences.

Question: What makes up the dense outer layer of bones?
Context: Compact bone makes up the dense outer layer of bone. It is very hard and strong.
Answer:",3.48,427,2026-09-29T20:44:16.999624,0.1143,0.8505,4,0.75,0.5716
sciq_0052,SciQ,science,deepseek-r1:1.5b,What type of biomes have water containing little or no salt?,Freshwater biomes have water that contains little or no salt. They include standing and running freshwater biomes. Standing freshwater biomes include ponds and lakes. Lakes are generally bigger and deeper than ponds. Some of the water in lakes is in the aphotic zone where there is too little sunlight for photosynthesis. Plankton and plants (such as the duckweed in Figure below ) are the primary producers in standing freshwater biomes.,freshwater biomes,"Standing freshwater biomes, including ponds and lakes, have water with little or no salt. Lakes, being larger and exposed to more sunlight, are in the aphotic zone, while ponds are smaller and have standing water. These biomes are characterized by minimal salt, making them suitable for life.","Standing freshwater biomes, including ponds and lakes, have water with little or no salt. Lakes, being larger and exposed to more sunlight, are in the aphotic zone, while ponds are smaller and have standing water. These biomes are characterized by minimal salt, making them suitable for life.",False,"You are a helpful and knowledgeable tutor.
Answer the following question clearly and concisely, in 2-4 sentences.

Question: What type of biomes have water containing little or no salt?
Context: Freshwater biomes have water that contains little or no salt. They include standing and running freshwater biomes. Standing freshwater biomes include ponds and lakes. Lakes are generally bigger and deeper than ponds. Some of the water in lakes is in the aphotic zone where there is too little sunlight for photosynthesis. Plankton and plants (such as the duckweed in Figure below ) are the primary producers in standing freshwater biomes.
Answer:",3.08,376,2026-09-29T20:44:20.076224,0.0816,0.8344,4,0.75,0.5553
sciq_0053,SciQ,science,deepseek-r1:1.5b,Which sphincter is located at the stomach end of the esophagus and opens to allow the bolus to enter the stomach?,"A ring-like muscle called a sphincter forms valves in the digestive system. The gastro-esophageal sphincter is located at the stomach end of the esophagus. In response to swallowing and the pressure exerted by the bolus of food, this sphincter opens, and the bolus enters the stomach. When there is no swallowing action, this sphincter is shut and prevents the contents of the stomach from traveling up the esophagus. Many animals have a true sphincter; however, in humans, there is no true.",gastro-esophageal sphincter,"The sphincter located at the stomach end of the esophagus is the gastro-esophageal sphincter. When swallowed, it opens to allow food bolus entry into the stomach.","The sphincter located at the stomach end of the esophagus is the gastro-esophageal sphincter. When swallowed, it opens to allow food bolus entry into the stomach.",False,"You are a helpful and knowledgeable tutor.
Answer the following question clearly and concisely, in 2-4 sentences.

Question: Which sphincter is located at the stomach end of the esophagus and opens to allow the bolus to enter the stomach?
Context: A ring-like muscle called a sphincter forms valves in the digestive system. The gastro-esophageal sphincter is located at the stomach end of the esophagus. In response to swallowing and the pressure exerted by the bolus of food, this sphincter opens, and the bolus enters the stomach. When there is no swallowing action, this sphincter is shut and prevents the contents of the stomach from traveling up the esophagus. Many animals have a true sphincter; however, in humans, there is no true.
Answer:",2.85,345,2026-09-29T20:44:22.929500,0.2,0.8889,5,1.0,0.6963
sciq_0054,SciQ,science,deepseek-r1:1.5b,What are the majority of solution properties dependent upon?,"The properties of a solution are different from those of either the pure solute(s) or solvent. Many solution properties are dependent upon the chemical identity of the solute. Compared to pure water, a solution of hydrogen chloride is more acidic, a solution of ammonia is more basic, a solution of sodium chloride is more dense, and a solution of sucrose is more viscous. There are a few solution properties, however, that depend only upon the total concentration of solute species, regardless of their identities. These colligative properties include vapor pressure lowering, boiling point elevation, freezing point depression, and osmotic pressure. This small set of properties is of central importance to many natural phenomena and technological applications, as will be described in this module.",chemical state of solute,"The majority of solution properties are dependent on the total concentration of solute species, regardless of their identities.","The majority of solution properties are dependent on the total concentration of solute species, regardless of their identities.",False,"You are a helpful and knowledgeable tutor.
Answer the following question clearly and concisely, in 2-4 sentences.

Question: What are the majority of solution properties dependent upon?
Context: The properties of a solution are different from those of either the pure solute(s) or solvent. Many solution properties are dependent upon the chemical identity of the solute. Compared to pure water, a solution of hydrogen chloride is more acidic, a solution of ammonia is more basic, a solution of sodium chloride is more dense, and a solution of sucrose is more viscous. There are a few solution properties, however, that depend only upon the total concentration of solute species, regardless of their identities. These colligative properties include vapor pressure lowering, boiling point elevation, freezing point depression, and osmotic pressure. This small set of properties is of central importance to many natural phenomena and technological applications, as will be described in this module.
Answer:",1.88,229,2026-09-29T20:44:24.812220,0.1818,0.885,4,0.75,0.6056
sciq_0055,SciQ,science,deepseek-r1:1.5b,"In the inner ear, the vibrations are changed to electrical signals by hair cells lining what?","In the inner ear, the vibrations are changed to electrical signals by hair cells lining the cochlea. The electrical signals then travel to the brain.",the cochlea,"The vibrations in the inner ear are converted to electrical signals by hair cells, which are located along the basilar membrane of the cochlea. These signals then travel to the brain for processing.","The vibrations in the inner ear are converted to electrical signals by hair cells, which are located along the basilar membrane of the cochlea. These signals then travel to the brain for processing.",False,"You are a helpful and knowledgeable tutor.
Answer the following question clearly and concisely, in 2-4 sentences.

Question: In the inner ear, the vibrations are changed to electrical signals by hair cells lining what?
Context: In the inner ear, the vibrations are changed to electrical signals by hair cells lining the cochlea. The electrical signals then travel to the brain.
Answer:",3.93,476,2026-09-29T20:44:28.745027,0.1143,0.8602,4,0.75,0.5748
sciq_0056,SciQ,science,deepseek-r1:1.5b,What is the protein in red blood cells which transports oxygen around the body?,What do you see when you look at this picture? Is it just a mass of tangled ribbons? Look closely. It’s actually a complex pattern of three-dimensional shapes. It represents the structure of a common chemical found inside living cells. The chemical is a protein called hemoglobin. It is the protein in red blood cells which transports oxygen around the body.,hemoglobin,The protein in red blood cells that transports oxygen around the body is hemoglobin.,The protein in red blood cells that transports oxygen around the body is hemoglobin.,False,"You are a helpful and knowledgeable tutor.
Answer the following question clearly and concisely, in 2-4 sentences.

Question: What is the protein in red blood cells which transports oxygen around the body?
Context: What do you see when you look at this picture? Is it just a mass of tangled ribbons? Look closely. It’s actually a complex pattern of three-dimensional shapes. It represents the structure of a common chemical found inside living cells. The chemical is a protein called hemoglobin. It is the protein in red blood cells which transports oxygen around the body.
Answer:",3.2,395,2026-09-29T20:44:31.946371,0.1333,0.8402,5,1.0,0.6578
sciq_0057,SciQ,science,deepseek-r1:1.5b,What is essential for population of all species to expand greatly?,,abundant resources,"The essential factors for population expansion include high birth rates, sufficient resource availability, high carrying capacity, favorable environmental conditions, and competition. These elements help the population grow and reach its carrying capacity.","The essential factors for population expansion include high birth rates, sufficient resource availability, high carrying capacity, favorable environmental conditions, and competition. These elements help the population grow and reach its carrying capacity.",False,"You are a helpful and knowledgeable tutor.
Answer the following question clearly and concisely, in 2-4 sentences.

Question: What is essential for population of all species to expand greatly?
Answer:",3.4,419,2026-09-29T20:44:35.346203,0.0588,0.8439,4,0.75,0.5509
sciq_0058,SciQ,science,deepseek-r1:1.5b,What is the purpose of a bird using flashy displays?,Birds often use flashy displays to attract mates.,to attract mates,"The purpose of a bird using flashy displays is to communicate by making the mate's eyes stand out, aiding the mate in locating the bird more easily.","The purpose of a bird using flashy displays is to communicate by making the mate's eyes stand out, aiding the mate in locating the bird more easily.",False,"You are a helpful and knowledgeable tutor.
Answer the following question clearly and concisely, in 2-4 sentences.

Question: What is the purpose of a bird using flashy displays?
Context: Birds often use flashy displays to attract mates.
Answer:",2.53,313,2026-09-29T20:44:37.874782,0.129,0.8667,4,0.75,0.5819
sciq_0059,SciQ,science,deepseek-r1:1.5b,"When statoliths settle to the low point in the chamber, they stimulate what in that location?",,mechanoreceptors,"When statoliths settle to the low point in the chamber, they create a pressure within the chamber, leading to its expansion.","When statoliths settle to the low point in the chamber, they create a pressure within the chamber, leading to its expansion.",False,"You are a helpful and knowledgeable tutor.
Answer the following question clearly and concisely, in 2-4 sentences.

Question: When statoliths settle to the low point in the chamber, they stimulate what in that location?
Answer:",3.36,417,2026-09-29T20:44:41.240455,0.0,0.806,4,0.75,0.5187
sciq_0060,SciQ,science,deepseek-r1:1.5b,What is the term for buildup of cell debris and cholesterol inside the arteries?,"Atherosclerosis is the buildup of plaque inside arteries (see Figure below ). Plaque consists of cell debris, cholesterol, and other substances. Factors that contribute to plaque buildup include a high-fat diet and smoking. As plaque builds up, it narrows the arteries and reduces blood flow. You can watch an animation about atherosclerosis at these links: http://www. youtube. com/watch?v=fLonh7ZesKs and http://www. youtube. com/watch?v=qRK7-DCDKEA .",atherosclerosis,"The term for the buildup of cell debris, cholesterol, and other substances inside the arteries, contributing to atherosclerosis, is ""atherosclerin.""","The term for the buildup of cell debris, cholesterol, and other substances inside the arteries, contributing to atherosclerosis, is ""atherosclerin.""",False,"You are a helpful and knowledgeable tutor.
Answer the following question clearly and concisely, in 2-4 sentences.

Question: What is the term for buildup of cell debris and cholesterol inside the arteries?
Context: Atherosclerosis is the buildup of plaque inside arteries (see Figure below ). Plaque consists of cell debris, cholesterol, and other substances. Factors that contribute to plaque buildup include a high-fat diet and smoking. As plaque builds up, it narrows the arteries and reduces blood flow. You can watch an animation about atherosclerosis at these links: http://www. youtube. com/watch?v=fLonh7ZesKs and http://www. youtube. com/watch?v=qRK7-DCDKEA .
Answer:",2.92,357,2026-09-29T20:44:44.163850,0.0952,0.8413,4,0.75,0.5622
sciq_0061,SciQ,science,deepseek-r1:1.5b,What protects the pollen of seed plants and spores of seedless plants?,"The spores of seedless plants and the pollen of seed plants are surrounded by thick cell walls containing a tough polymer known as sporopollenin. This substance is characterized by long chains of organic molecules related to fatty acids and carotenoids, and gives most pollen its yellow color. Sporopollenin is unusually resistant to chemical and biological degradation. Its toughness explains the existence of well-preserved fossils of pollen. Sporopollenin was once thought to be an innovation of land plants; however, the green algae Coleochaetes is now known to form spores that contain sporopollenin. Protection of the embryo is a major requirement for land plants. The vulnerable embryo must be sheltered from desiccation and other environmental hazards. In both seedless and seed plants, the female gametophyte provides nutrition, and in seed plants, the embryo is also protected as it develops into the new generation of sporophyte.",sporopollenin,"The cell walls containing sporopollenin protect the pollen of seed plants and the spores of seedless plants. This substance, characterized by long chains of fatty acids and carotenoids, gives them their yellow color and is tough, resistant to degradation.","The cell walls containing sporopollenin protect the pollen of seed plants and the spores of seedless plants. This substance, characterized by long chains of fatty acids and carotenoids, gives them their yellow color and is tough, resistant to degradation.",False,"You are a helpful and knowledgeable tutor.
Answer the following question clearly and concisely, in 2-4 sentences.

Question: What protects the pollen of seed plants and spores of seedless plants?
Context: The spores of seedless plants and the pollen of seed plants are surrounded by thick cell walls containing a tough polymer known as sporopollenin. This substance is characterized by long chains of organic molecules related to fatty acids and carotenoids, and gives most pollen its yellow color. Sporopollenin is unusually resistant to chemical and biological degradation. Its toughness explains the existence of well-preserved fossils of pollen. Sporopollenin was once thought to be an innovation of land plants; however, the green algae Coleochaetes is now known to form spores that contain sporopollenin. Protection of the embryo is a major requirement for land plants. The vulnerable embryo must be sheltered from desiccation and other environmental hazards. In both seedless and seed plants, the female gametophyte provides nutrition, and in seed plants, the embryo is also protected as it develops into the new generation of sporophyte.
Answer:",2.6,310,2026-09-29T20:44:46.765715,0.05,0.8472,4,0.75,0.5491
sciq_0062,SciQ,science,deepseek-r1:1.5b,"All biochemical molecules have oxygen, carbon, and what other element?","All biochemical molecules contain hydrogen and oxygen as well as carbon. They may also contain nitrogen, phosphorus, and/or sulfur. Almost all biochemical compounds are polymers. Polymers are large molecules that consist of many smaller, repeating molecules, called monomers. Glucose is a monomer of biochemical compounds called starches. In starches and all other biochemical polymers, monomers are joined together by covalent bonds, in which atoms share pairs of valence electrons.",hydrogen,"All biochemical molecules contain nitrogen as the other element besides oxygen, carbon, and hydrogen.","All biochemical molecules contain nitrogen as the other element besides oxygen, carbon, and hydrogen.",False,"You are a helpful and knowledgeable tutor.
Answer the following question clearly and concisely, in 2-4 sentences.

Question: All biochemical molecules have oxygen, carbon, and what other element?
Context: All biochemical molecules contain hydrogen and oxygen as well as carbon. They may also contain nitrogen, phosphorus, and/or sulfur. Almost all biochemical compounds are polymers. Polymers are large molecules that consist of many smaller, repeating molecules, called monomers. Glucose is a monomer of biochemical compounds called starches. In starches and all other biochemical polymers, monomers are joined together by covalent bonds, in which atoms share pairs of valence electrons.
Answer:",2.67,322,2026-09-29T20:44:49.434856,0.1333,0.8396,4,0.75,0.5743
sciq_0063,SciQ,science,deepseek-r1:1.5b,"The leaves of what plant genus are the source of the compound ephedrine, which is used in medicine as a potent decongestant and is similar to amphetamines?","years. The genus Ephedra is represented in North America in dry areas of the southwestern United States and Mexico (Figure 14.23). Ephedra’s small, scale-like leaves are the source of the compound ephedrine, which is used in medicine as a potent decongestant. Because ephedrine is similar to amphetamines, both in chemical structure and neurological effects, its use is restricted to prescription drugs. Like angiosperms, but unlike other gymnosperms, all gnetophytes possess vessel elements in their xylem.",ephedra,The plant genus is Ephedra.,The plant genus is Ephedra.,False,"You are a helpful and knowledgeable tutor.
Answer the following question clearly and concisely, in 2-4 sentences.

Question: The leaves of what plant genus are the source of the compound ephedrine, which is used in medicine as a potent decongestant and is similar to amphetamines?
Context: years. The genus Ephedra is represented in North America in dry areas of the southwestern United States and Mexico (Figure 14.23). Ephedra’s small, scale-like leaves are the source of the compound ephedrine, which is used in medicine as a potent decongestant. Because ephedrine is similar to amphetamines, both in chemical structure and neurological effects, its use is restricted to prescription drugs. Like angiosperms, but unlike other gymnosperms, all gnetophytes possess vessel elements in their xylem.
Answer:",1.76,211,2026-09-29T20:44:51.198814,0.3333,0.874,4,0.75,0.6524
sciq_0064,SciQ,science,deepseek-r1:1.5b,The bohr model works only for which atom?,The Bohr model works only for the hydrogen atom.,hydrogen,The Bohr model works only for the hydrogen atom because it is specifically designed to account for a single electron in a hydrogen-like system. It cannot handle the complexities of multi-electron atoms due to their varying energy levels and interactions.,The Bohr model works only for the hydrogen atom because it is specifically designed to account for a single electron in a hydrogen-like system. It cannot handle the complexities of multi-electron atoms due to their varying energy levels and interactions.,False,"You are a helpful and knowledgeable tutor.
Answer the following question clearly and concisely, in 2-4 sentences.

Question: The bohr model works only for which atom?
Context: The Bohr model works only for the hydrogen atom.
Answer:",2.9,358,2026-09-29T20:44:54.098358,0.0465,0.8149,4,0.75,0.5371
sciq_0065,SciQ,science,deepseek-r1:1.5b,A fever also causes the immune system to make more of what?,"White blood cells also make chemicals that cause a fever. A fever is a higher-than-normal body temperature. Normal human body temperature is 98.6°F (37°C). Most bacteria and viruses that infect people reproduce fastest at this temperature. When the temperature is higher, the pathogens cannot reproduce as fast, so the body raises the temperature to kill them. A fever also causes the immune system to make more white blood cells. In these ways, a fever helps the body fight infection.",white blood cells,A fever causes the immune system to make more white blood cells.,A fever causes the immune system to make more white blood cells.,False,"You are a helpful and knowledgeable tutor.
Answer the following question clearly and concisely, in 2-4 sentences.

Question: A fever also causes the immune system to make more of what?
Context: White blood cells also make chemicals that cause a fever. A fever is a higher-than-normal body temperature. Normal human body temperature is 98.6°F (37°C). Most bacteria and viruses that infect people reproduce fastest at this temperature. When the temperature is higher, the pathogens cannot reproduce as fast, so the body raises the temperature to kill them. A fever also causes the immune system to make more white blood cells. In these ways, a fever helps the body fight infection.
Answer:",2.13,263,2026-09-29T20:44:56.232543,0.4,0.8894,5,1.0,0.7631
sciq_0066,SciQ,science,deepseek-r1:1.5b,The stored chemical energy of trees and other plants is called what?,"The stored chemical energy of trees and other plants is called biomass energy. When plant materials are burned, they produce thermal energy that can be used for heating, cooking, or generating electricity. Biomass—especially wood—is an important energy source in countries where most people can’t afford fossil fuels. Some plants can also be used to make ethanol, a fuel that is added to gasoline. Ethanol produces less pollution than gasoline, but large areas of land are needed to grow the plants needed to make it.",biomass energy,The stored chemical energy of trees and other plants is called **biomass energy**.,The stored chemical energy of trees and other plants is called **biomass energy**.,False,"You are a helpful and knowledgeable tutor.
Answer the following question clearly and concisely, in 2-4 sentences.

Question: The stored chemical energy of trees and other plants is called what?
Context: The stored chemical energy of trees and other plants is called biomass energy. When plant materials are burned, they produce thermal energy that can be used for heating, cooking, or generating electricity. Biomass—especially wood—is an important energy source in countries where most people can’t afford fossil fuels. Some plants can also be used to make ethanol, a fuel that is added to gasoline. Ethanol produces less pollution than gasoline, but large areas of land are needed to grow the plants needed to make it.
Answer:",2.27,278,2026-09-29T20:44:58.503793,0.2667,0.8814,5,1.0,0.716
sciq_0067,SciQ,science,deepseek-r1:1.5b,Certain air pollutants form which liquid when dissolved in water droplets in the air?,"Acidity is an important factor for living things. For example, many plants grow best in soil that has a pH between 6 and 7. Fish may also need a pH between 6 and 7. Certain air pollutants form acids when dissolved in water droplets in the air. This results in acid fog and acid rain, which may have a pH of 4 or even lower. The pH chart in the Figure above and the Figure below reveal some of the adverse effects of acid fog and rain. Acid rain not only kills trees. It also lowers the pH of surface waters such as ponds and lakes. As a result, the water may become too acidic for fish and other water organisms to survive.",acid,"When certain air pollutants dissolve in water, they form acids. This results in acid fog or rain, which lowers the pH of the water. The resulting acidity is harmful to aquatic life, such as fish, as the water becomes too acidic.","When certain air pollutants dissolve in water, they form acids. This results in acid fog or rain, which lowers the pH of the water. The resulting acidity is harmful to aquatic life, such as fish, as the water becomes too acidic.",False,"You are a helpful and knowledgeable tutor.
Answer the following question clearly and concisely, in 2-4 sentences.

Question: Certain air pollutants form which liquid when dissolved in water droplets in the air?
Context: Acidity is an important factor for living things. For example, many plants grow best in soil that has a pH between 6 and 7. Fish may also need a pH between 6 and 7. Certain air pollutants form acids when dissolved in water droplets in the air. This results in acid fog and acid rain, which may have a pH of 4 or even lower. The pH chart in the Figure above and the Figure below reveal some of the adverse effects of acid fog and rain. Acid rain not only kills trees. It also lowers the pH of surface waters such as ponds and lakes. As a result, the water may become too acidic for fish and other water organisms to survive.
Answer:",1.83,224,2026-09-29T20:45:00.339666,0.0476,0.7724,4,0.75,0.5233
sciq_0068,SciQ,science,deepseek-r1:1.5b,The number of what subatomic particles determines an element’s atomic number and is used to distinguish one element from another?,"Atomic Number and Mass Atoms of each element contain a characteristic number of protons and electrons. The number of protons determines an element’s atomic number and is used to distinguish one element from another. The number of neutrons is variable, resulting in isotopes, which are different forms of the same atom that vary only in the number of neutrons they possess. Together, the number of protons and the number of neutrons determine an element’s mass number, as illustrated in Figure 2.3. Note that the small contribution of mass from electrons is disregarded in calculating the mass number. This approximation of mass can be used to easily calculate how many neutrons an element has by simply subtracting the number of protons from the mass number. Since an element’s isotopes will have slightly different mass numbers, scientists also determine the atomic mass, which is the calculated mean of the mass number for its naturally occurring isotopes. Often, the resulting number contains a fraction. For example, the atomic mass of chlorine (Cl) is 35.45 because chlorine is composed of several isotopes, some (the majority) with atomic mass 35 (17 protons and 18 neutrons) and some with atomic mass 37 (17 protons and 20 neutrons).",protons,"The number of protons (atomic number) determines an element's atomic number and distinguishes it from others. Neutrons vary, leading to isotopes, which are different forms of the same atom. The mass number is the sum of protons and neutrons, with isotopes having different mass numbers.","The number of protons (atomic number) determines an element's atomic number and distinguishes it from others. Neutrons vary, leading to isotopes, which are different forms of the same atom. The mass number is the sum of protons and neutrons, with isotopes having different mass numbers.",False,"You are a helpful and knowledgeable tutor.
Answer the following question clearly and concisely, in 2-4 sentences.

Question: The number of what subatomic particles determines an element’s atomic number and is used to distinguish one element from another?
Context: Atomic Number and Mass Atoms of each element contain a characteristic number of protons and electrons. The number of protons determines an element’s atomic number and is used to distinguish one element from another. The number of neutrons is variable, resulting in isotopes, which are different forms of the same atom that vary only in the number of neutrons they possess. Together, the number of protons and the number of neutrons determine an element’s mass number, as illustrated in Figure 2.3. Note that the small contribution of mass from electrons is disregarded in calculating the mass number. This approximation of mass can be used to easily calculate how many neutrons an element has by simply subtracting the number of protons from the mass number. Since an element’s isotopes will have slightly different mass numbers, scientists also determine the atomic mass, which is the calculated mean of the mass number for its naturally occurring isotopes. Often, the resulting number contains a fraction. For example, the atomic mass of chlorine (Cl) is 35.45 because chlorine is composed of several isotopes, some (the majority) with atomic mass 35 (17 protons and 18 neutrons) and some with atomic mass 37 (17 protons and 20 neutrons).
Answer:",3.47,422,2026-09-29T20:45:03.812663,0.0426,0.8036,4,0.75,0.5321
sciq_0069,SciQ,science,deepseek-r1:1.5b,What geologic era is also known as the age of mammals?,The Cenozoic Era literally means the era of “modern life. ” It is also called the age of mammals. Mammals took advantage of the extinction of the dinosaurs. They flourished and soon became the dominant animals on Earth. You can learn more about the evolution of mammals during the Cenozoic at the link below. The Cenozoic began 65 million years ago and continues to the present. It may be divided into the two periods described in Figure below . http://www. youtube. com/watch?v=H0uTGkCWXwQ.,cenozoic era,"The Cenozoic Era, which began 65 million years ago, is also known as the age of mammals. This period saw mammals evolve and dominate Earth's ecosystems, following the extinction of dinosaurs.","The Cenozoic Era, which began 65 million years ago, is also known as the age of mammals. This period saw mammals evolve and dominate Earth's ecosystems, following the extinction of dinosaurs.",False,"You are a helpful and knowledgeable tutor.
Answer the following question clearly and concisely, in 2-4 sentences.

Question: What geologic era is also known as the age of mammals?
Context: The Cenozoic Era literally means the era of “modern life. ” It is also called the age of mammals. Mammals took advantage of the extinction of the dinosaurs. They flourished and soon became the dominant animals on Earth. You can learn more about the evolution of mammals during the Cenozoic at the link below. The Cenozoic began 65 million years ago and continues to the present. It may be divided into the two periods described in Figure below . http://www. youtube. com/watch?v=H0uTGkCWXwQ.
Answer:",2.69,331,2026-09-29T20:45:06.509132,0.1176,0.8586,4,0.75,0.5754
sciq_0070,SciQ,science,deepseek-r1:1.5b,Which is a more reliable trait or measure to identify minerals?,"Streak is more reliable than color to identify minerals. The color of a mineral may vary. Streak does not vary. Also, different minerals may be the same color, but they may have a different color streak. For example, samples of hematite and galena can both be dark gray. They can be told apart because hematite has a red streak and galena has a gray streak.",streak,"Streak is a more reliable trait or measure to identify minerals because it is consistent across samples, unlike color, which can vary. For example, hematite and galena, both dark gray, can be distinguished by their red and gray streaks, respectively.","Streak is a more reliable trait or measure to identify minerals because it is consistent across samples, unlike color, which can vary. For example, hematite and galena, both dark gray, can be distinguished by their red and gray streaks, respectively.",False,"You are a helpful and knowledgeable tutor.
Answer the following question clearly and concisely, in 2-4 sentences.

Question: Which is a more reliable trait or measure to identify minerals?
Context: Streak is more reliable than color to identify minerals. The color of a mineral may vary. Streak does not vary. Also, different minerals may be the same color, but they may have a different color streak. For example, samples of hematite and galena can both be dark gray. They can be told apart because hematite has a red streak and galena has a gray streak.
Answer:",2.02,247,2026-09-29T20:45:08.528883,0.0488,0.7961,4,0.75,0.5316
sciq_0071,SciQ,science,deepseek-r1:1.5b,"The nervous system has two main parts, called the central nervous system and the what?","The nervous system has two main parts, called the central nervous system and the peripheral nervous system. The peripheral nervous system is described later in this lesson. The central nervous system is shown in Figure below . It includes the brain and spinal cord.",peripheral nervous system,The peripheral nervous system is called the peripheral nervous system.,The peripheral nervous system is called the peripheral nervous system.,False,"You are a helpful and knowledgeable tutor.
Answer the following question clearly and concisely, in 2-4 sentences.

Question: The nervous system has two main parts, called the central nervous system and the what?
Context: The nervous system has two main parts, called the central nervous system and the peripheral nervous system. The peripheral nervous system is described later in this lesson. The central nervous system is shown in Figure below . It includes the brain and spinal cord.
Answer:",1.3,159,2026-09-29T20:45:09.831710,0.4615,0.8964,4,0.75,0.7026
sciq_0072,SciQ,science,deepseek-r1:1.5b,What type of rocks form when an existing rock is changed by heat or pressure?,3. Metamorphic rocks form when an existing rock is changed by heat or pressure. The minerals in the rock change but do not melt ( Figure below ). The rock experiences these changes within the Earth.,metamorphic,"Metamorphic rocks form from existing rocks when they are subjected to heat or pressure. The minerals within the rock change, but they do not melt, and these changes occur within the Earth.","Metamorphic rocks form from existing rocks when they are subjected to heat or pressure. The minerals within the rock change, but they do not melt, and these changes occur within the Earth.",False,"You are a helpful and knowledgeable tutor.
Answer the following question clearly and concisely, in 2-4 sentences.

Question: What type of rocks form when an existing rock is changed by heat or pressure?
Context: 3. Metamorphic rocks form when an existing rock is changed by heat or pressure. The minerals in the rock change but do not melt ( Figure below ). The rock experiences these changes within the Earth.
Answer:",1.11,136,2026-09-29T20:45:10.940459,0.0606,0.8499,4,0.75,0.5535
sciq_0073,SciQ,science,deepseek-r1:1.5b,What do you call health-promoting molecules that inhibit the oxidation of other molecules?,"Antioxidants are important for the health of a cell. An antioxidant is a molecule that inhibits the oxidation of other molecules. Oxidation is a chemical reaction that transfers electrons or hydrogen from a substance to an oxidizing agent, producing free radicals in the process. These free radicals initiate a chain reaction in the cell that can cause cell damage, or can lead to cell death. Antioxidants prevent these chain reactions from even initiating.",antioxidants,"Antioxidants are important for the health of a cell. An antioxidant is a molecule that inhibits the oxidation of other molecules. Oxidation is a chemical reaction that transfers electrons or hydrogen from a substance to an oxidizing agent, producing free radicals in the process. These free radicals initiate a chain reaction in the cell that can cause cell damage, or can lead to cell death. Antioxidants prevent these chain reactions from even initiating.","Antioxidants are important for the health of a cell. An antioxidant is a molecule that inhibits the oxidation of other molecules. Oxidation is a chemical reaction that transfers electrons or hydrogen from a substance to an oxidizing agent, producing free radicals in the process. These free radicals initiate a chain reaction in the cell that can cause cell damage, or can lead to cell death. Antioxidants prevent these chain reactions from even initiating.",False,"You are a helpful and knowledgeable tutor.
Answer the following question clearly and concisely, in 2-4 sentences.

Question: What do you call health-promoting molecules that inhibit the oxidation of other molecules?
Context: Antioxidants are important for the health of a cell. An antioxidant is a molecule that inhibits the oxidation of other molecules. Oxidation is a chemical reaction that transfers electrons or hydrogen from a substance to an oxidizing agent, producing free radicals in the process. These free radicals initiate a chain reaction in the cell that can cause cell damage, or can lead to cell death. Antioxidants prevent these chain reactions from even initiating.
Answer:",3.76,464,2026-09-29T20:45:14.702341,0.027,0.8408,4,0.75,0.5393
sciq_0074,SciQ,science,deepseek-r1:1.5b,What is the membrane lining the back of the eye called?,The retina is a membrane lining the back of the eye. The retina has nerve cells called rods and cones that change images to electrical signals. Rods are good at sensing dim light but can’t distinguish different colors of light. Cones can sense colors but not in dim light. There are three different types of cones. Each type senses one of the three primary colors of light.,retina,The membrane lining the back of the eye is called the retina.,The membrane lining the back of the eye is called the retina.,False,"You are a helpful and knowledgeable tutor.
Answer the following question clearly and concisely, in 2-4 sentences.

Question: What is the membrane lining the back of the eye called?
Context: The retina is a membrane lining the back of the eye. The retina has nerve cells called rods and cones that change images to electrical signals. Rods are good at sensing dim light but can’t distinguish different colors of light. Cones can sense colors but not in dim light. There are three different types of cones. Each type senses one of the three primary colors of light.
Answer:",1.65,203,2026-09-29T20:45:16.358953,0.1538,0.8175,5,1.0,0.6571
sciq_0075,SciQ,science,deepseek-r1:1.5b,What do seeds have that spores do not?,,a supply of stored food,"Seeds contain the embryo, which is the seedling, while spores are the structures that hold the embryo.","Seeds contain the embryo, which is the seedling, while spores are the structures that hold the embryo.",False,"You are a helpful and knowledgeable tutor.
Answer the following question clearly and concisely, in 2-4 sentences.

Question: What do seeds have that spores do not?
Answer:",2.68,332,2026-09-29T20:45:19.045170,0.0,0.8429,4,0.75,0.531
sciq_0076,SciQ,science,deepseek-r1:1.5b,"In photosynthesis, what process involving carbon dioxide and oxygen occurs through small, regulated openings called stomata?","Although the equation looks simple, the many steps that take place during photosynthesis are actually quite complex. Before learning the details of how photoautotrophs turn sunlight into food, it is important to become familiar with the structures involved. In plants, photosynthesis generally takes place in leaves, which consist of several layers of cells. The process of photosynthesis occurs in a middle layer called the mesophyll. The gas exchange of carbon dioxide and oxygen occurs through small, regulated openings called stomata (singular: stoma), which also play roles in the regulation of gas exchange and water balance. The stomata are typically located on the underside of the leaf, which helps to minimize water loss. Each stoma is flanked by guard cells that regulate the opening and closing of the stomata by swelling or shrinking in response to osmotic changes. In all autotrophic eukaryotes, photosynthesis takes place inside an organelle called a chloroplast. For plants, chloroplastcontaining cells exist in the mesophyll. Chloroplasts have a double membrane envelope (composed of an outer membrane and an inner membrane). Within the chloroplast are stacked, disc-shaped structures called thylakoids. Embedded in the thylakoid membrane is chlorophyll, a pigment (molecule that absorbs light) responsible for the initial interaction between light and plant material, and numerous proteins that make up the electron transport chain. The thylakoid membrane encloses an internal space called the thylakoid lumen. As shown in Figure 8.6, a stack of thylakoids is called a granum, and the liquid-filled space surrounding the granum is called stroma or “bed” (not to be confused with stoma or “mouth,” an opening on the leaf epidermis).",gas exchange,"Photosynthesis is the process by which plants convert sunlight, water, and carbon dioxide into glucose and oxygen. It occurs in chloroplasts, specifically within the mesophyll layer of the leaf. The process involves the absorption of carbon dioxide from the air and the release of oxygen into the atmosphere. Stomata, located on the","Photosynthesis is the process by which plants convert sunlight, water, and carbon dioxide into glucose and oxygen. It occurs in chloroplasts, specifically within the mesophyll layer of the leaf. The process involves the absorption of carbon dioxide from the air and the release of oxygen into the atmosphere. Stomata, located on the",False,"You are a helpful and knowledgeable tutor.
Answer the following question clearly and concisely, in 2-4 sentences.

Question: In photosynthesis, what process involving carbon dioxide and oxygen occurs through small, regulated openings called stomata?
Context: Although the equation looks simple, the many steps that take place during photosynthesis are actually quite complex. Before learning the details of how photoautotrophs turn sunlight into food, it is important to become familiar with the structures involved. In plants, photosynthesis generally takes place in leaves, which consist of several layers of cells. The process of photosynthesis occurs in a middle layer called the mesophyll. The gas exchange of carbon dioxide and oxygen occurs through small, regulated openings called stomata (singular: stoma), which also play roles in the regulation of gas exchange and water balance. The stomata are typically located on the underside of the leaf, which helps to minimize water loss. Each stoma is flanked by guard cells that regulate the opening and closing of the stomata by swelling or shrinking in response to osmotic changes. In all autotrophic eukaryotes, photosynthesis takes place inside an organelle called a chloroplast. For plants, chloroplastcontaining cells exist in the mesophyll. Chloroplasts have a double membrane envelope (composed of an outer membrane and an inner membrane). Within the chloroplast are stacked, disc-shaped structures called thylakoids. Embedded in the thylakoid membrane is chlorophyll, a pigment (molecule that absorbs light) responsible for the initial interaction between light and plant material, and numerous proteins that make up the electron transport chain. The thylakoid membrane encloses an internal space called the thylakoid lumen. As shown in Figure 8.6, a stack of thylakoids is called a granum, and the liquid-filled space surrounding the granum is called stroma or “bed” (not to be confused with stoma or “mouth,” an opening on the leaf epidermis).
Answer:",4.22,512,2026-09-29T20:45:23.267099,0.0,0.7907,4,0.75,0.5136
sciq_0077,SciQ,science,deepseek-r1:1.5b,Angiosperm seed develops inside of what?,"In gymnosperms, a seed develops on the scale of a cone. Only an angiosperm seed develops inside an ovary.",an ovary,Angiosperm seeds develop inside the ovary of an angiosperm.,Angiosperm seeds develop inside the ovary of an angiosperm.,False,"You are a helpful and knowledgeable tutor.
Answer the following question clearly and concisely, in 2-4 sentences.

Question: Angiosperm seed develops inside of what?
Context: In gymnosperms, a seed develops on the scale of a cone. Only an angiosperm seed develops inside an ovary.
Answer:",2.45,301,2026-09-29T20:45:25.718381,0.1818,0.8893,4,0.75,0.607
sciq_0078,SciQ,science,deepseek-r1:1.5b,What kind of diffusion do small hydrophobic molecules squeeze through lipid molecules?,"Problems can occur with red blood cells, white blood cells, platelets, and other parts of the blood. Many blood disorders are genetic, meaning they are inherited from a parent. Some blood diseases are caused by not getting enough of a certain nutrient, while others are cancers of the blood.",simple,,,False,"You are a helpful and knowledgeable tutor.
Answer the following question clearly and concisely, in 2-4 sentences.

Question: What kind of diffusion do small hydrophobic molecules squeeze through lipid molecules?
Context: Problems can occur with red blood cells, white blood cells, platelets, and other parts of the blood. Many blood disorders are genetic, meaning they are inherited from a parent. Some blood diseases are caused by not getting enough of a certain nutrient, while others are cancers of the blood.
Answer:",4.13,512,2026-09-29T20:45:29.850922,0.0,0.8641,4,0.75,0.538
sciq_0079,SciQ,science,deepseek-r1:1.5b,What is the name of the molecule which has one carbon and four hydrogen atoms?,Hydrocarbons are made of carbon and hydrogen atoms. This molecule with one carbon and four hydrogen atoms is methane.,methane,"The molecule with one carbon and four hydrogen atoms is methane, with the formula CH₄. 

Answer: Methane","The molecule with one carbon and four hydrogen atoms is methane, with the formula CH₄. 

Answer: Methane",False,"You are a helpful and knowledgeable tutor.
Answer the following question clearly and concisely, in 2-4 sentences.

Question: What is the name of the molecule which has one carbon and four hydrogen atoms?
Context: Hydrocarbons are made of carbon and hydrogen atoms. This molecule with one carbon and four hydrogen atoms is methane.
Answer:",1.23,152,2026-09-29T20:45:31.085703,0.1111,0.8216,5,1.0,0.6442
sciq_0080,SciQ,science,deepseek-r1:1.5b,The lancelet lacks what feature that distinguishes vertebrates?,,backbone,"Vertebrates are distinguished from Lancelets by their presence of a backbone and internal organs, while Lancelets lack these features.","Vertebrates are distinguished from Lancelets by their presence of a backbone and internal organs, while Lancelets lack these features.",False,"You are a helpful and knowledgeable tutor.
Answer the following question clearly and concisely, in 2-4 sentences.

Question: The lancelet lacks what feature that distinguishes vertebrates?
Answer:",1.68,209,2026-09-29T20:45:32.769718,0.1,0.8179,4,0.75,0.556
sciq_0081,SciQ,science,deepseek-r1:1.5b,What does the inside of all cells also contain?,"The inside of all cells also contain a jelly-like substance called cytosol . Cytosol is composed of water and other molecules, including enzymes , which are proteins that speed up the cell’s chemical reactions. Everything in the cell sits in the cytosol, like fruit in a jello mold. The term cytoplasm refers to the cytosol and all of the organelles, the specialized compartments of the cell. The cytoplasm does not include the nucleus. As a prokaryotic cell does not have a nucleus, the DNA is in the cytoplasm.",cytosol,"The inside of all cells also contains the nucleus, cytosol, and all the organelles.","The inside of all cells also contains the nucleus, cytosol, and all the organelles.",False,"You are a helpful and knowledgeable tutor.
Answer the following question clearly and concisely, in 2-4 sentences.

Question: What does the inside of all cells also contain?
Context: The inside of all cells also contain a jelly-like substance called cytosol . Cytosol is composed of water and other molecules, including enzymes , which are proteins that speed up the cell’s chemical reactions. Everything in the cell sits in the cytosol, like fruit in a jello mold. The term cytoplasm refers to the cytosol and all of the organelles, the specialized compartments of the cell. The cytoplasm does not include the nucleus. As a prokaryotic cell does not have a nucleus, the DNA is in the cytoplasm.
Answer:",3.93,485,2026-09-29T20:45:36.703001,0.1333,0.8318,4,0.75,0.5717
sciq_0082,SciQ,science,deepseek-r1:1.5b,The type of bond that forms between molecules is called what?,"Opposites attract when it comes to charged molecules. In the case of water, the positive (hydrogen) end of one water molecule is attracted to the negative (oxygen) end of a nearby water molecule. Because of this attraction, weak bonds form between adjacent water molecules, as shown in Figure below . The type of bond that forms between molecules is called a hydrogen bond . Bonds between molecules are not as strong as bonds within molecules, but in water they are strong enough to hold together nearby molecules.",hydrogen bond,The type of bond that forms between molecules in this context is hydrogen bonds.,The type of bond that forms between molecules in this context is hydrogen bonds.,False,"You are a helpful and knowledgeable tutor.
Answer the following question clearly and concisely, in 2-4 sentences.

Question: The type of bond that forms between molecules is called what?
Context: Opposites attract when it comes to charged molecules. In the case of water, the positive (hydrogen) end of one water molecule is attracted to the negative (oxygen) end of a nearby water molecule. Because of this attraction, weak bonds form between adjacent water molecules, as shown in Figure below . The type of bond that forms between molecules is called a hydrogen bond . Bonds between molecules are not as strong as bonds within molecules, but in water they are strong enough to hold together nearby molecules.
Answer:",2.4,294,2026-09-29T20:45:39.100461,0.25,0.8675,4,0.75,0.6225
sciq_0083,SciQ,science,deepseek-r1:1.5b,When do gases and liquids become solids?,"We tend to think of solids as those materials that are solid at room temperature. However, all materials have melting points of some sort. Gases become solids at extremely low temperatures, and liquids will also become solid if the temperature is low enough. The Table below gives the melting points of some common materials.",at low temperatures,"Gases and liquids can become solids at extremely low temperatures. Gases, such as dry ice, turn into solids when cooled, while liquids, like water, freeze at lower temperatures. The exact temperature required depends on the material, with some having very low melting points.","Gases and liquids can become solids at extremely low temperatures. Gases, such as dry ice, turn into solids when cooled, while liquids, like water, freeze at lower temperatures. The exact temperature required depends on the material, with some having very low melting points.",False,"You are a helpful and knowledgeable tutor.
Answer the following question clearly and concisely, in 2-4 sentences.

Question: When do gases and liquids become solids?
Context: We tend to think of solids as those materials that are solid at room temperature. However, all materials have melting points of some sort. Gases become solids at extremely low temperatures, and liquids will also become solid if the temperature is low enough. The Table below gives the melting points of some common materials.
Answer:",3.67,455,2026-09-29T20:45:42.768891,0.1304,0.8502,4,0.75,0.5769
sciq_0084,SciQ,science,deepseek-r1:1.5b,What evolutionary process has adapted protonephridia to different tasks in different environments?,,natural selection,"The evolutionary process that allows the kidneys to adapt to different tasks in various environments is the evolution of the kidneys themselves. This adaptation involves changes in their structure, function, and efficiency to suit different needs, such as varying water filtering rates in different climates.","The evolutionary process that allows the kidneys to adapt to different tasks in various environments is the evolution of the kidneys themselves. This adaptation involves changes in their structure, function, and efficiency to suit different needs, such as varying water filtering rates in different climates.",False,"You are a helpful and knowledgeable tutor.
Answer the following question clearly and concisely, in 2-4 sentences.

Question: What evolutionary process has adapted protonephridia to different tasks in different environments?
Answer:",2.68,332,2026-09-29T20:45:45.453515,0.0,0.8121,4,0.75,0.5207
sciq_0085,SciQ,science,deepseek-r1:1.5b,All of the petals together are called what?,"All of the petals ( Figure below ) together are called the corolla . They are bright and colorful to attract a particular pollinator , an animal that carries pollen from one flower to another. Examples of pollinators include birds and insects.",corolla,The petals together are called the corolla.,The petals together are called the corolla.,False,"You are a helpful and knowledgeable tutor.
Answer the following question clearly and concisely, in 2-4 sentences.

Question: All of the petals together are called what?
Context: All of the petals ( Figure below ) together are called the corolla . They are bright and colorful to attract a particular pollinator , an animal that carries pollen from one flower to another. Examples of pollinators include birds and insects.
Answer:",2.93,363,2026-09-29T20:45:48.386953,0.25,0.8324,5,1.0,0.6941
sciq_0086,SciQ,science,deepseek-r1:1.5b,What is the third class of elements after metals and nonmetals?,"Elements in different groups are lumped together in one of three classes, depending on their properties. The classes are metals, nonmetals, and metalloids. Knowing the class of an element lets you predict many of its properties. The video at the URL below is a good introduction to the classes.",metalloids,"The third class of elements after metals and nonmetals is metalloids. Metalloids have properties that are intermediate between metals and nonmetals. They include elements like boron and sulfur. 

Answer: Metalloids","The third class of elements after metals and nonmetals is metalloids. Metalloids have properties that are intermediate between metals and nonmetals. They include elements like boron and sulfur. 

Answer: Metalloids",False,"You are a helpful and knowledgeable tutor.
Answer the following question clearly and concisely, in 2-4 sentences.

Question: What is the third class of elements after metals and nonmetals?
Context: Elements in different groups are lumped together in one of three classes, depending on their properties. The classes are metals, nonmetals, and metalloids. Knowing the class of an element lets you predict many of its properties. The video at the URL below is a good introduction to the classes.
Answer:",1.52,185,2026-09-29T20:45:49.906179,0.0645,0.8321,4,0.75,0.5489
sciq_0087,SciQ,science,deepseek-r1:1.5b,An increase in what levels results in sound waves that are louder and of greater intensity?,"As decibel levels get higher, sound waves have greater intensity and sounds are louder. For every 10-decibel increase in the intensity of sound, loudness is 10 times greater.",decibel levels,An increase of 10 decibel levels results in sounds that are 10 times louder.,An increase of 10 decibel levels results in sounds that are 10 times louder.,False,"You are a helpful and knowledgeable tutor.
Answer the following question clearly and concisely, in 2-4 sentences.

Question: An increase in what levels results in sound waves that are louder and of greater intensity?
Context: As decibel levels get higher, sound waves have greater intensity and sounds are louder. For every 10-decibel increase in the intensity of sound, loudness is 10 times greater.
Answer:",1.33,164,2026-09-29T20:45:51.239677,0.25,0.871,4,0.75,0.6237
sciq_0088,SciQ,science,deepseek-r1:1.5b,What forms when nitrogen and sulfur oxides in air dissolve in rain?,Acid rain forms when nitrogen and sulfur oxides in air dissolve in rain ( Figure below ). This forms nitric and sulfuric acids. Both are strong acids. Acid rain with a pH as low as 4.0 is now common in many areas. Acid fog may be even more acidic than acid rain. Fog with a pH as low as 1.7 has been recorded. That’s the same pH as toilet bowl cleaner!.,acid rain,"When nitrogen and sulfur oxides dissolve in rain, they form strong acids: nitric acid (HNO₃) and sulfuric acid (H₂SO₄). These acids are highly acidic, with pH levels as low as 4.0 for acid rain and even as low as 1.7 for acid fog, comparable to toilet bowl cleaner.","When nitrogen and sulfur oxides dissolve in rain, they form strong acids: nitric acid (HNO₃) and sulfuric acid (H₂SO₄). These acids are highly acidic, with pH levels as low as 4.0 for acid rain and even as low as 1.7 for acid fog, comparable to toilet bowl cleaner.",False,"You are a helpful and knowledgeable tutor.
Answer the following question clearly and concisely, in 2-4 sentences.

Question: What forms when nitrogen and sulfur oxides in air dissolve in rain?
Context: Acid rain forms when nitrogen and sulfur oxides in air dissolve in rain ( Figure below ). This forms nitric and sulfuric acids. Both are strong acids. Acid rain with a pH as low as 4.0 is now common in many areas. Acid fog may be even more acidic than acid rain. Fog with a pH as low as 1.7 has been recorded. That’s the same pH as toilet bowl cleaner!.
Answer:",2.43,297,2026-09-29T20:45:53.669631,0.0755,0.7956,4,0.75,0.5404
sciq_0089,SciQ,science,deepseek-r1:1.5b,What happens to the pressure when more gas is added to a rigid container?,The acceleration of the car is in the same direction as the velocity.,increases,"When more gas is added to a rigid container, the pressure increases because the number of gas molecules (n) increases, leading to more frequent collisions with the container walls, thus higher pressure.

Answer: The pressure increases as more gas is added to a rigid container.","When more gas is added to a rigid container, the pressure increases because the number of gas molecules (n) increases, leading to more frequent collisions with the container walls, thus higher pressure.

Answer: The pressure increases as more gas is added to a rigid container.",False,"You are a helpful and knowledgeable tutor.
Answer the following question clearly and concisely, in 2-4 sentences.

Question: What happens to the pressure when more gas is added to a rigid container?
Context: The acceleration of the car is in the same direction as the velocity.
Answer:",2.42,299,2026-09-29T20:45:56.088599,0.0435,0.814,4,0.75,0.5358
sciq_0090,SciQ,science,deepseek-r1:1.5b,What in roundworms is a partial body cavity filled with fluid?,"Ancestors of roundworms also evolved a pseudocoelom. This is a partial body cavity that is filled with fluid. It allows room for internal organs to develop. The fluid also cushions the internal organs. The pressure of the fluid within the cavity provides stiffness. It gives the body internal support, forming a hydrostatic skeleton. It explains why roundworms are round and flatworms are flat. Later, a true coelom evolved. This is a fluid-filled body cavity, completely enclosed by mesoderm. It lies between the digestive cavity and body wall (see Figure below ). Invertebrates with a true coelom include mollusks and annelids.",pseudocoelom,"The partial body cavity filled with fluid in roundworms is called the pseudocoelom. This structure allows for the development of internal organs and provides internal support, contributing to the roundness of roundworms and the flatness of flatworms.","The partial body cavity filled with fluid in roundworms is called the pseudocoelom. This structure allows for the development of internal organs and provides internal support, contributing to the roundness of roundworms and the flatness of flatworms.",False,"You are a helpful and knowledgeable tutor.
Answer the following question clearly and concisely, in 2-4 sentences.

Question: What in roundworms is a partial body cavity filled with fluid?
Context: Ancestors of roundworms also evolved a pseudocoelom. This is a partial body cavity that is filled with fluid. It allows room for internal organs to develop. The fluid also cushions the internal organs. The pressure of the fluid within the cavity provides stiffness. It gives the body internal support, forming a hydrostatic skeleton. It explains why roundworms are round and flatworms are flat. Later, a true coelom evolved. This is a fluid-filled body cavity, completely enclosed by mesoderm. It lies between the digestive cavity and body wall (see Figure below ). Invertebrates with a true coelom include mollusks and annelids.
Answer:",2.62,321,2026-09-29T20:45:58.708385,0.0526,0.8238,4,0.75,0.5421
sciq_0091,SciQ,science,deepseek-r1:1.5b,Salts that are neither acidic nor basic do not affect what property of the solution when dissolved in water?,"The simplest situation is a salt formed by combining a strong acid and a strong base. These salts are neither acidic nor basic, so they do not affect the pH of the solution when dissolved in water. For example, the ionic compound NaNO 3 could be prepared by combining the strong acid HNO 3 and the strong base NaOH. If we were to dissolve NaNO 3 in water, it would dissociate into Na + and NO 3 - ions. Neither ion is a strong enough acid or base to cause any noticeable proton transfers, so the pH of the pure water is not altered.",ph,"Salts formed by combining a strong acid and a strong base are neutral, meaning they do not affect the pH of the solution when dissolved in water. For example, NaNO3 is neutral because it is the conjugate of a strong acid (HNO3) and a strong base (NaOH), and it doesn't donate or accept protons. 

Answer: Salts formed by combining a strong acid and a strong base are neutral, so they do not affect the pH of the solution when dissolved in water.","Salts formed by combining a strong acid and a strong base are neutral, meaning they do not affect the pH of the solution when dissolved in water. For example, NaNO3 is neutral because it is the conjugate of a strong acid (HNO3) and a strong base (NaOH), and it doesn't donate or accept protons. 

Answer: Salts formed by combining a strong acid and a strong base are neutral, so they do not affect the pH of the solution when dissolved in water.",False,"You are a helpful and knowledgeable tutor.
Answer the following question clearly and concisely, in 2-4 sentences.

Question: Salts that are neither acidic nor basic do not affect what property of the solution when dissolved in water?
Context: The simplest situation is a salt formed by combining a strong acid and a strong base. These salts are neither acidic nor basic, so they do not affect the pH of the solution when dissolved in water. For example, the ionic compound NaNO 3 could be prepared by combining the strong acid HNO 3 and the strong base NaOH. If we were to dissolve NaNO 3 in water, it would dissociate into Na + and NO 3 - ions. Neither ion is a strong enough acid or base to cause any noticeable proton transfers, so the pH of the pure water is not altered.
Answer:",3.56,428,2026-09-29T20:46:02.266083,0.0238,0.7746,4,0.75,0.5161
sciq_0092,SciQ,science,deepseek-r1:1.5b,What is part of a large fungus that lives underground?,Mushrooms aren't around just so you can put them on your pizza. The mushroom is part of a large fungus that lives underground. The mushroom develops above the ground when the fungus is ready to reproduce.,mushroom,The part of a large fungus that lives underground is the mycelium.,The part of a large fungus that lives underground is the mycelium.,False,"You are a helpful and knowledgeable tutor.
Answer the following question clearly and concisely, in 2-4 sentences.

Question: What is part of a large fungus that lives underground?
Context: Mushrooms aren't around just so you can put them on your pizza. The mushroom is part of a large fungus that lives underground. The mushroom develops above the ground when the fungus is ready to reproduce.
Answer:",2.1,252,2026-09-29T20:46:04.372255,0.0,0.8421,4,0.75,0.5307
sciq_0093,SciQ,science,deepseek-r1:1.5b,"In the case of the moose, predation is an additional factor that regulates what?",,population,"Predation regulates the moose's population by controlling their numbers based on the availability of predators, such as hares or birds.","Predation regulates the moose's population by controlling their numbers based on the availability of predators, such as hares or birds.",False,"You are a helpful and knowledgeable tutor.
Answer the following question clearly and concisely, in 2-4 sentences.

Question: In the case of the moose, predation is an additional factor that regulates what?
Answer:",2.28,279,2026-09-29T20:46:06.653398,0.0909,0.8273,4,0.75,0.5561
sciq_0094,SciQ,science,deepseek-r1:1.5b,Chemical reactions involve a transfer of heat energy. measured in what?,Chemical reactions involve a transfer of heat energy. Measured in joules.,joules,"Chemical reactions involve the transfer of heat energy, which is measured in joules.","Chemical reactions involve the transfer of heat energy, which is measured in joules.",False,"You are a helpful and knowledgeable tutor.
Answer the following question clearly and concisely, in 2-4 sentences.

Question: Chemical reactions involve a transfer of heat energy. measured in what?
Context: Chemical reactions involve a transfer of heat energy. Measured in joules.
Answer:",2.31,285,2026-09-29T20:46:08.968416,0.1429,0.8342,4,0.75,0.5757
sciq_0095,SciQ,science,deepseek-r1:1.5b,"As the telencephalon enlarges and grows into the cranial cavity, it is limited by the space within what bone structure?","As the telencephalon enlarges and grows into the cranial cavity, it is limited by the space within the skull. The telencephalon is the most anterior region of what was the neural tube, but cannot grow past the limit of the frontal bone of the skull. Because the cerebrum fits into this space, it takes on a C-shaped formation, through the frontal, parietal, occipital, and finally temporal regions. The space within the telencephalon is stretched into this same C-shape. The two ventricles are in the left and right sides, and were at one time referred to as the first and second ventricles. The interventricular foramina connect the frontal region of the lateral ventricles with the third ventricle. The third ventricle is the space bounded by the medial walls of the hypothalamus and thalamus. The two thalami touch in the center in most brains as the massa intermedia, which is surrounded by the third ventricle. The cerebral aqueduct opens just inferior to the epithalamus and passes through the midbrain. The tectum and tegmentum of the midbrain are the roof and floor of the cerebral aqueduct, respectively. The aqueduct opens up into the fourth ventricle. The floor of the fourth ventricle is the dorsal surface of the pons and upper medulla (that gray matter making a continuation of the tegmentum of the midbrain). The fourth ventricle then narrows into the central canal of the spinal cord. The ventricular system opens up to the subarachnoid space from the fourth ventricle. The single median aperture and the pair of lateral apertures connect to the subarachnoid space so that CSF can flow through the ventricles and around the outside of the CNS. Cerebrospinal fluid is produced within the ventricles by a type of specialized membrane called a choroid plexus. Ependymal cells (one of the types of glial cells described in the introduction to the nervous system) surround blood capillaries and filter the blood to make CSF. The fluid is a clear solution with a limited amount of the constituents of blood. It is essentially water, small molecules, and electrolytes. Oxygen and carbon dioxide are dissolved into the CSF, as they are in blood, and can diffuse between the fluid and the nervous tissue.",skull,"The telencephalon is limited by the space within the skull, but it is also constrained by the frontal bone.","The telencephalon is limited by the space within the skull, but it is also constrained by the frontal bone.",False,"You are a helpful and knowledgeable tutor.
Answer the following question clearly and concisely, in 2-4 sentences.

Question: As the telencephalon enlarges and grows into the cranial cavity, it is limited by the space within what bone structure?
Context: As the telencephalon enlarges and grows into the cranial cavity, it is limited by the space within the skull. The telencephalon is the most anterior region of what was the neural tube, but cannot grow past the limit of the frontal bone of the skull. Because the cerebrum fits into this space, it takes on a C-shaped formation, through the frontal, parietal, occipital, and finally temporal regions. The space within the telencephalon is stretched into this same C-shape. The two ventricles are in the left and right sides, and were at one time referred to as the first and second ventricles. The interventricular foramina connect the frontal region of the lateral ventricles with the third ventricle. The third ventricle is the space bounded by the medial walls of the hypothalamus and thalamus. The two thalami touch in the center in most brains as the massa intermedia, which is surrounded by the third ventricle. The cerebral aqueduct opens just inferior to the epithalamus and passes through the midbrain. The tectum and tegmentum of the midbrain are the roof and floor of the cerebral aqueduct, respectively. The aqueduct opens up into the fourth ventricle. The floor of the fourth ventricle is the dorsal surface of the pons and upper medulla (that gray matter making a continuation of the tegmentum of the midbrain). The fourth ventricle then narrows into the central canal of the spinal cord. The ventricular system opens up to the subarachnoid space from the fourth ventricle. The single median aperture and the pair of lateral apertures connect to the subarachnoid space so that CSF can flow through the ventricles and around the outside of the CNS. Cerebrospinal fluid is produced within the ventricles by a type of specialized membrane called a choroid plexus. Ependymal cells (one of the types of glial cells described in the introduction to the nervous system) surround blood capillaries and filter the blood to make CSF. The fluid is a clear solution with a limited amount of the constituents of blood. It is essentially water, small molecules, and electrolytes. Oxygen and carbon dioxide are dissolved into the CSF, as they are in blood, and can diffuse between the fluid and the nervous tissue.
Answer:",2.49,291,2026-09-29T20:46:11.460391,0.1,0.8149,4,0.75,0.555
sciq_0096,SciQ,science,deepseek-r1:1.5b,"If a lump of clay is dropped into water, what will occur?","Floating and Sinking Drop a lump of clay in water. It will sink. Then mold the lump of clay into the shape of a boat, and it will float. Because of its shape, the boat displaces more water than the lump and experiences a greater buoyant force. The same is true of steel ships.",it will sink,"When a lump of clay is dropped into water, it sinks because it is denser than water. However, when shaped into a boat, the boat displaces more water, creating a greater buoyant force, allowing it to float. This principle is analogous to steel ships, which float due to their shape and reduced density compared to water.","When a lump of clay is dropped into water, it sinks because it is denser than water. However, when shaped into a boat, the boat displaces more water, creating a greater buoyant force, allowing it to float. This principle is analogous to steel ships, which float due to their shape and reduced density compared to water.",False,"You are a helpful and knowledgeable tutor.
Answer the following question clearly and concisely, in 2-4 sentences.

Question: If a lump of clay is dropped into water, what will occur?
Context: Floating and Sinking Drop a lump of clay in water. It will sink. Then mold the lump of clay into the shape of a boat, and it will float. Because of its shape, the boat displaces more water than the lump and experiences a greater buoyant force. The same is true of steel ships.
Answer:",3.08,380,2026-09-29T20:46:14.538352,0.0678,0.8413,4,0.75,0.553
sciq_0097,SciQ,science,deepseek-r1:1.5b,What kind of reproduction generates most of the genetic variation that makes evolutionary adaptation possible?,,sexual reproduction,"The kind of reproduction that generates the most genetic variation for evolutionary adaptation is sexual reproduction. This method allows for the maintenance of genetic diversity, which is crucial for evolutionary adaptation. Unlike asexual reproduction, which is less error-prone and less effective at generating genetic variation, sexual reproduction is the primary method of reproduction on Earth, enabling a wide range of genetic diversity that supports evolutionary adaptation.","The kind of reproduction that generates the most genetic variation for evolutionary adaptation is sexual reproduction. This method allows for the maintenance of genetic diversity, which is crucial for evolutionary adaptation. Unlike asexual reproduction, which is less error-prone and less effective at generating genetic variation, sexual reproduction is the primary method of reproduction on Earth, enabling a wide range of genetic diversity that supports evolutionary adaptation.",False,"You are a helpful and knowledgeable tutor.
Answer the following question clearly and concisely, in 2-4 sentences.

Question: What kind of reproduction generates most of the genetic variation that makes evolutionary adaptation possible?
Answer:",3.7,453,2026-09-29T20:46:18.237526,0.058,0.8343,4,0.75,0.5474
sciq_0098,SciQ,science,deepseek-r1:1.5b,What term is used to describe a cancer that has spread?,"Isotopes can be very useful in scans to locate cancer cells. This patient has multiple tumors that have spread (metastasized) from the main tumor. A radioisotope has been attached to antibodies that bind to specific cancer cells. The very dark spots in the armpits, neck, and groin represent areas where tumor cells exist.",metastasized,The term used to describe a cancer that has spread is metastasis.,The term used to describe a cancer that has spread is metastasis.,False,"You are a helpful and knowledgeable tutor.
Answer the following question clearly and concisely, in 2-4 sentences.

Question: What term is used to describe a cancer that has spread?
Context: Isotopes can be very useful in scans to locate cancer cells. This patient has multiple tumors that have spread (metastasized) from the main tumor. A radioisotope has been attached to antibodies that bind to specific cancer cells. The very dark spots in the armpits, neck, and groin represent areas where tumor cells exist.
Answer:",1.68,201,2026-09-29T20:46:19.916328,0.0,0.8253,4,0.75,0.5251
sciq_0099,SciQ,science,deepseek-r1:1.5b,What soil is common in deciduous forests?,Pedalfer is the soil common in deciduous forests. Pedalfer is dark brown and fertile.,pedalfer,"The common soil in deciduous forests is called pedifer. It is dark brown and rich in nutrients, making it a good source of nutrients for plants.","The common soil in deciduous forests is called pedifer. It is dark brown and rich in nutrients, making it a good source of nutrients for plants.",False,"You are a helpful and knowledgeable tutor.
Answer the following question clearly and concisely, in 2-4 sentences.

Question: What soil is common in deciduous forests?
Context: Pedalfer is the soil common in deciduous forests. Pedalfer is dark brown and fertile.
Answer:",2.56,315,2026-09-29T20:46:22.475290,0.0,0.7886,4,0.75,0.5129
sciq_0100,SciQ,science,deepseek-r1:1.5b,What is the space between a neuron and the next cell?,"It literally jumps by way of a chemical transmitter. Notice the two cells are not connected, but separated by a small gap. The synapse. The space between a neuron and the next cell.",the synapse,The space between a neuron and the next cell is the gap junction.,The space between a neuron and the next cell is the gap junction.,False,"You are a helpful and knowledgeable tutor.
Answer the following question clearly and concisely, in 2-4 sentences.

Question: What is the space between a neuron and the next cell?
Context: It literally jumps by way of a chemical transmitter. Notice the two cells are not connected, but separated by a small gap. The synapse. The space between a neuron and the next cell.
Answer:",1.14,139,2026-09-29T20:46:23.615186,0.1333,0.8743,2,0.25,0.4192
sciq_0101,SciQ,science,deepseek-r1:1.5b,"When your brain senses that your body temperature is increasing, it sends messages to the blood vessels in the skin to increase in what?","The cardiovascular system also plays a role in maintaining body temperature. It helps to keep you warm by moving warm blood around your body. Your blood vessels also control your body temperature to keep you from getting too hot or too cold. When your brain senses that your body temperature is increasing, it sends messages to the blood vessels in the skin to increase in diameter. Increasing the diameter of the blood vessels increases the amount of blood and heat that moves near the skin's surface. The heat is then released from the skin. This helps you cool down. What do you think your blood vessels do when your body temperature is decreasing?.",diameter,"When the body temperature decreases, the blood vessels in the skin contract to reduce heat loss, allowing blood to flow away from the skin to dissipate heat.","When the body temperature decreases, the blood vessels in the skin contract to reduce heat loss, allowing blood to flow away from the skin to dissipate heat.",False,"You are a helpful and knowledgeable tutor.
Answer the following question clearly and concisely, in 2-4 sentences.

Question: When your brain senses that your body temperature is increasing, it sends messages to the blood vessels in the skin to increase in what?
Context: The cardiovascular system also plays a role in maintaining body temperature. It helps to keep you warm by moving warm blood around your body. Your blood vessels also control your body temperature to keep you from getting too hot or too cold. When your brain senses that your body temperature is increasing, it sends messages to the blood vessels in the skin to increase in diameter. Increasing the diameter of the blood vessels increases the amount of blood and heat that moves near the skin's surface. The heat is then released from the skin. This helps you cool down. What do you think your blood vessels do when your body temperature is decreasing?.
Answer:",1.78,216,2026-09-29T20:46:25.401704,0.0,0.8148,2,0.25,0.3549
sciq_0102,SciQ,science,deepseek-r1:1.5b,What holds together adenine and thymine?,"The base-pairing nature of DNA. Adenine always pairs with thymine, and they are held together with two hydrogen bonds. The guanine-cytosine base pair is held together with three hydrogen bonds. Note that one sugar-phosphate backbone is in the 5’ → 3’ direction, with the other strand in the opposite 3’ → 5’ orientation. Notice that the 5'-end begins with a free (not attached to the sugar of another nucleotide) phosphate group, while the 3'-end has a free (not attached to the phosphate group of another nucleotide) deoxyribose sugar.",hydrogen bonds,"The hydrogen bonds between adenine and thymine hold them together. Adenine, with two hydrogen bonds, pairs with thymine, which has three, forming a stable bond. The sugar-phosphate backbone provides the overall structure, while the complementary pairing between the two strands ensures their stability.","The hydrogen bonds between adenine and thymine hold them together. Adenine, with two hydrogen bonds, pairs with thymine, which has three, forming a stable bond. The sugar-phosphate backbone provides the overall structure, while the complementary pairing between the two strands ensures their stability.",False,"You are a helpful and knowledgeable tutor.
Answer the following question clearly and concisely, in 2-4 sentences.

Question: What holds together adenine and thymine?
Context: The base-pairing nature of DNA. Adenine always pairs with thymine, and they are held together with two hydrogen bonds. The guanine-cytosine base pair is held together with three hydrogen bonds. Note that one sugar-phosphate backbone is in the 5’ → 3’ direction, with the other strand in the opposite 3’ → 5’ orientation. Notice that the 5'-end begins with a free (not attached to the sugar of another nucleotide) phosphate group, while the 3'-end has a free (not attached to the phosphate group of another nucleotide) deoxyribose sugar.
Answer:",4.07,496,2026-09-29T20:46:29.474274,0.087,0.8408,4,0.75,0.5593
sciq_0103,SciQ,science,deepseek-r1:1.5b,"The products of what process are needed for cellular respiration, and vice versa?","Cellular respiration and photosynthesis are like two sides of the same coin. This is clear from the diagram in Figure below . The products of photosynthesis are needed for cellular respiration. The products of cellular respiration are needed for photosynthesis. Together, the two processes store and release energy in virtually all living things.",photosynthesis,"The products of photosynthesis are glucose and oxygen, which are essential for cellular respiration. The products of cellular respiration are carbon dioxide and water, which are necessary for photosynthesis. Together, they interdependently store and release energy in living organisms.","The products of photosynthesis are glucose and oxygen, which are essential for cellular respiration. The products of cellular respiration are carbon dioxide and water, which are necessary for photosynthesis. Together, they interdependently store and release energy in living organisms.",False,"You are a helpful and knowledgeable tutor.
Answer the following question clearly and concisely, in 2-4 sentences.

Question: The products of what process are needed for cellular respiration, and vice versa?
Context: Cellular respiration and photosynthesis are like two sides of the same coin. This is clear from the diagram in Figure below . The products of photosynthesis are needed for cellular respiration. The products of cellular respiration are needed for photosynthesis. Together, the two processes store and release energy in virtually all living things.
Answer:",2.54,311,2026-09-29T20:46:32.014652,0.05,0.8267,4,0.75,0.5422
sciq_0104,SciQ,science,deepseek-r1:1.5b,The bilaterians are divided into deuterostomes and what else?,,protostomes,The bilaterians are divided into deuterostomes and tetrasomata.,The bilaterians are divided into deuterostomes and tetrasomata.,False,"You are a helpful and knowledgeable tutor.
Answer the following question clearly and concisely, in 2-4 sentences.

Question: The bilaterians are divided into deuterostomes and what else?
Answer:",2.52,309,2026-09-29T20:46:34.540600,0.0,0.8534,4,0.75,0.5345
sciq_0105,SciQ,science,deepseek-r1:1.5b,What divide on their own by a process that resembles binary fission in prokaryotes?,"Mitochondria divide on their own by a process that resembles binary fission in prokaryotes. Mitochondria have their own circular DNA chromosome that carries genes similar to those expressed by bacteria. Mitochondria also have special ribosomes and transfer RNAs that resemble these components in prokaryotes. These features all support that mitochondria were once free-living prokaryotes. Chloroplasts Chloroplasts are one type of plastid, a group of related organelles in plant cells that are involved in the storage of starches, fats, proteins, and pigments. Chloroplasts contain the green pigment chlorophyll and play a role in photosynthesis. Genetic and morphological studies suggest that plastids evolved from the endosymbiosis of an ancestral cell that engulfed a photosynthetic cyanobacterium. Plastids are similar in size and shape to cyanobacteria and are enveloped by two or more membranes, corresponding to the inner and outer membranes of cyanobacteria. Like mitochondria, plastids also contain circular genomes and divide by a process reminiscent of prokaryotic cell division. The chloroplasts of red and green algae.",mitochondria,"Mitochondria and chloroplasts divide through a process analogous to binary fission, splitting into two identical cells. Both features, including circular DNA, ribosomes, transfer RNAs, and membrane structures, support this division, indicating they were once free-living prokaryotes.","Mitochondria and chloroplasts divide through a process analogous to binary fission, splitting into two identical cells. Both features, including circular DNA, ribosomes, transfer RNAs, and membrane structures, support this division, indicating they were once free-living prokaryotes.",False,"You are a helpful and knowledgeable tutor.
Answer the following question clearly and concisely, in 2-4 sentences.

Question: What divide on their own by a process that resembles binary fission in prokaryotes?
Context: Mitochondria divide on their own by a process that resembles binary fission in prokaryotes. Mitochondria have their own circular DNA chromosome that carries genes similar to those expressed by bacteria. Mitochondria also have special ribosomes and transfer RNAs that resemble these components in prokaryotes. These features all support that mitochondria were once free-living prokaryotes. Chloroplasts Chloroplasts are one type of plastid, a group of related organelles in plant cells that are involved in the storage of starches, fats, proteins, and pigments. Chloroplasts contain the green pigment chlorophyll and play a role in photosynthesis. Genetic and morphological studies suggest that plastids evolved from the endosymbiosis of an ancestral cell that engulfed a photosynthetic cyanobacterium. Plastids are similar in size and shape to cyanobacteria and are enveloped by two or more membranes, corresponding to the inner and outer membranes of cyanobacteria. Like mitochondria, plastids also contain circular genomes and divide by a process reminiscent of prokaryotic cell division. The chloroplasts of red and green algae.
Answer:",2.71,324,2026-09-29T20:46:37.256969,0.0526,0.8459,4,0.75,0.5495
sciq_0106,SciQ,science,deepseek-r1:1.5b,What are plant structures that contain male and/or female reproductive organs?,Some seed plants evolved another major adaptation. This was the formation of seeds in flowers. Flowers are plant structures that contain male and/or female reproductive organs.,flowers,"The primary structure in many plants that contains reproductive organs is the flower. Flowers have male and female reproductive organs, such as the ovary and ovules. Additionally, other parts of the flower, such as the ovary, may contain reproductive organs. Therefore, while the flower is the main structure, it is not the only one with reproductive organs.","The primary structure in many plants that contains reproductive organs is the flower. Flowers have male and female reproductive organs, such as the ovary and ovules. Additionally, other parts of the flower, such as the ovary, may contain reproductive organs. Therefore, while the flower is the main structure, it is not the only one with reproductive organs.",False,"You are a helpful and knowledgeable tutor.
Answer the following question clearly and concisely, in 2-4 sentences.

Question: What are plant structures that contain male and/or female reproductive organs?
Context: Some seed plants evolved another major adaptation. This was the formation of seeds in flowers. Flowers are plant structures that contain male and/or female reproductive organs.
Answer:",3.39,417,2026-09-29T20:46:40.649391,0.0345,0.8151,4,0.75,0.5332
sciq_0107,SciQ,science,deepseek-r1:1.5b,Oxygen is combined with what to form water?,"Photosynthesis makes the glucose that is used in cellular respiration to make ATP. The glucose is then turned back into carbon dioxide, which is used in photosynthesis. While water is broken down to form oxygen during photosynthesis, in cellular respiration oxygen is combined with hydrogen to form water. While photosynthesis requires carbon dioxide and releases oxygen, cellular respiration requires oxygen and releases carbon dioxide. It is the released oxygen that is used by us and most other organisms for cellular respiration. We breathe in that oxygen, which is carried through our blood to all our cells. In our cells, oxygen allows cellular respiration to proceed. Cellular respiration works best in the presence of oxygen. Without oxygen, much less ATP would be produced.",hydrogen,Oxygen is combined with hydrogen to form water.,Oxygen is combined with hydrogen to form water.,False,"You are a helpful and knowledgeable tutor.
Answer the following question clearly and concisely, in 2-4 sentences.

Question: Oxygen is combined with what to form water?
Context: Photosynthesis makes the glucose that is used in cellular respiration to make ATP. The glucose is then turned back into carbon dioxide, which is used in photosynthesis. While water is broken down to form oxygen during photosynthesis, in cellular respiration oxygen is combined with hydrogen to form water. While photosynthesis requires carbon dioxide and releases oxygen, cellular respiration requires oxygen and releases carbon dioxide. It is the released oxygen that is used by us and most other organisms for cellular respiration. We breathe in that oxygen, which is carried through our blood to all our cells. In our cells, oxygen allows cellular respiration to proceed. Cellular respiration works best in the presence of oxygen. Without oxygen, much less ATP would be produced.
Answer:",1.38,166,2026-09-29T20:46:42.028952,0.2222,0.8537,5,1.0,0.692
sciq_0108,SciQ,science,deepseek-r1:1.5b,What forms when nitrogen and oxygen combine at high temperatures?,"Nitrogen oxides include nitric oxide (NO) and nitrogen dioxide (NO 2 ). Nitrogen oxides form when nitrogen and oxygen combine at high temperatures. This occurs in hot exhausts from vehicles, factories, and power plants.",nitrogen oxides,"When nitrogen and oxygen combine at high temperatures, they form nitrogen oxides. Specifically, nitric oxide (NO) and nitrogen dioxide (NO2) are produced. These gases are toxic and harmful, with NO being the primary nitrogen oxide. They are prevalent in industrial and environmental settings due to the exothermic reaction conditions.","When nitrogen and oxygen combine at high temperatures, they form nitrogen oxides. Specifically, nitric oxide (NO) and nitrogen dioxide (NO2) are produced. These gases are toxic and harmful, with NO being the primary nitrogen oxide. They are prevalent in industrial and environmental settings due to the exothermic reaction conditions.",False,"You are a helpful and knowledgeable tutor.
Answer the following question clearly and concisely, in 2-4 sentences.

Question: What forms when nitrogen and oxygen combine at high temperatures?
Context: Nitrogen oxides include nitric oxide (NO) and nitrogen dioxide (NO 2 ). Nitrogen oxides form when nitrogen and oxygen combine at high temperatures. This occurs in hot exhausts from vehicles, factories, and power plants.
Answer:",3.32,411,2026-09-29T20:46:45.346591,0.0784,0.8285,4,0.75,0.5523
sciq_0109,SciQ,science,deepseek-r1:1.5b,The ionic end of a detergent can either be a sulfate or what?,Figure 11.33 Detergents contain a nonpolar hydrocarbon end (blue) and an ionic end (red). The ionic end can be either a sulfate or a sulfonate. The length of the hydrocarbon end can vary from detergent to detergent.,sulfonate,The ionic end of a detergent can either be sulfate or sulfonate.,The ionic end of a detergent can either be sulfate or sulfonate.,False,"You are a helpful and knowledgeable tutor.
Answer the following question clearly and concisely, in 2-4 sentences.

Question: The ionic end of a detergent can either be a sulfate or what?
Context: Figure 11.33 Detergents contain a nonpolar hydrocarbon end (blue) and an ionic end (red). The ionic end can be either a sulfate or a sulfonate. The length of the hydrocarbon end can vary from detergent to detergent.
Answer:",2.47,306,2026-09-29T20:46:47.823721,0.1538,0.8619,4,0.75,0.5886
sciq_0110,SciQ,science,deepseek-r1:1.5b,Plant-like protists contains chloroplasts and make food by what process?,"common name of a plant-like protist, which contains chloroplasts and makes food by photosynthesis.",photosynthesis,"Plant-like protists make food by photosynthesis, which they perform using their chloroplasts to capture light energy and convert it into chemical energy.","Plant-like protists make food by photosynthesis, which they perform using their chloroplasts to capture light energy and convert it into chemical energy.",False,"You are a helpful and knowledgeable tutor.
Answer the following question clearly and concisely, in 2-4 sentences.

Question: Plant-like protists contains chloroplasts and make food by what process?
Context: common name of a plant-like protist, which contains chloroplasts and makes food by photosynthesis.
Answer:",2.21,273,2026-09-29T20:46:50.037091,0.0833,0.834,5,1.0,0.6391
sciq_0111,SciQ,science,deepseek-r1:1.5b,"Which  organs control the amount of water, ions, and other substances in the blood by excreting more or less of them in urine?","The kidneys play many vital roles in homeostasis. They filter all the blood in the body many times each day and produce a total of about 1.5 liters of urine. The kidneys control the amount of water, ions, and other substances in the blood by excreting more or less of them in urine. The kidneys also secrete hormones that help maintain homeostasis. Erythropoietin, for example, is a kidney hormone that stimulates bone marrow to produce red blood cells when more are needed. The kidneys themselves are also regulated by hormones. For example, antidiuretic hormone from the hypothalamus stimulates the kidneys to produce more concentrated urine when the body is low on water.",kidneys,"The kidneys control the amount of water, ions, and other substances in the blood by excreting more or less of them in urine. This regulation is achieved through their own hormone-mediated control, such as the release of antidiuretic hormone from the hypothalamus, which increases urine production when the body is dehydrated.","The kidneys control the amount of water, ions, and other substances in the blood by excreting more or less of them in urine. This regulation is achieved through their own hormone-mediated control, such as the release of antidiuretic hormone from the hypothalamus, which increases urine production when the body is dehydrated.",False,"You are a helpful and knowledgeable tutor.
Answer the following question clearly and concisely, in 2-4 sentences.

Question: Which  organs control the amount of water, ions, and other substances in the blood by excreting more or less of them in urine?
Context: The kidneys play many vital roles in homeostasis. They filter all the blood in the body many times each day and produce a total of about 1.5 liters of urine. The kidneys control the amount of water, ions, and other substances in the blood by excreting more or less of them in urine. The kidneys also secrete hormones that help maintain homeostasis. Erythropoietin, for example, is a kidney hormone that stimulates bone marrow to produce red blood cells when more are needed. The kidneys themselves are also regulated by hormones. For example, antidiuretic hormone from the hypothalamus stimulates the kidneys to produce more concentrated urine when the body is low on water.
Answer:",3.12,374,2026-09-29T20:46:53.164268,0.0377,0.7911,4,0.75,0.5263
sciq_0112,SciQ,science,deepseek-r1:1.5b,"When a nerve impulse reaches the end of an axon, what are the chemicals released by the axon called?","When a nerve impulse reaches the end of an axon, the axon releases chemicals called neurotransmitters .",neurotransmitters,The chemicals released by the axon when a nerve impulse reaches its end are called neurotransmitters.,The chemicals released by the axon when a nerve impulse reaches its end are called neurotransmitters.,False,"You are a helpful and knowledgeable tutor.
Answer the following question clearly and concisely, in 2-4 sentences.

Question: When a nerve impulse reaches the end of an axon, what are the chemicals released by the axon called?
Context: When a nerve impulse reaches the end of an axon, the axon releases chemicals called neurotransmitters .
Answer:",2.84,345,2026-09-29T20:46:56.008305,0.1176,0.843,5,1.0,0.6535
sciq_0113,SciQ,science,deepseek-r1:1.5b,A collapsing nebula leads to what process?,Stars form from clouds of gas and dust called nebulas. Nebulas collapse until nuclear fusion starts.,nuclear fusion,"The collapsing nebula leads to the loss of energy and mass, causing the nebula to contract and eventually collapse. This process is known as the ""nuclear burning"" phase.","The collapsing nebula leads to the loss of energy and mass, causing the nebula to contract and eventually collapse. This process is known as the ""nuclear burning"" phase.",False,"You are a helpful and knowledgeable tutor.
Answer the following question clearly and concisely, in 2-4 sentences.

Question: A collapsing nebula leads to what process?
Context: Stars form from clouds of gas and dust called nebulas. Nebulas collapse until nuclear fusion starts.
Answer:",2.87,353,2026-09-29T20:46:58.876199,0.0667,0.8294,4,0.75,0.5487
sciq_0114,SciQ,science,deepseek-r1:1.5b,What bond is the force of attraction that holds together two atoms that share a pair of valence electrons?,A covalent bond is the force of attraction that holds together two atoms that share a pair of valence electrons. Covalent bonds form only between atoms of nonmetals.,covalent,The bond that holds two atoms together by sharing a pair of valence electrons is a covalent bond.,The bond that holds two atoms together by sharing a pair of valence electrons is a covalent bond.,False,"You are a helpful and knowledgeable tutor.
Answer the following question clearly and concisely, in 2-4 sentences.

Question: What bond is the force of attraction that holds together two atoms that share a pair of valence electrons?
Context: A covalent bond is the force of attraction that holds together two atoms that share a pair of valence electrons. Covalent bonds form only between atoms of nonmetals.
Answer:",2.47,302,2026-09-29T20:47:01.353625,0.1053,0.8581,5,1.0,0.6545
sciq_0115,SciQ,science,deepseek-r1:1.5b,Haversian canals contain blood vessels and what else?,"Compact bone tissue is made of cylindrical osteons that are aligned such that they travel the length of the bone. Haversian canals contain blood vessels only. Haversian canals contain blood vessels and nerve fibers. Spongy tissue is found on the interior of the bone, and compact bone tissue is found on the exterior. Figure 38.37 Which of the following statements about muscle contraction is true?.",nerve fibers,The Haversian canals contain blood vessels and nerve fibers.,The Haversian canals contain blood vessels and nerve fibers.,False,"You are a helpful and knowledgeable tutor.
Answer the following question clearly and concisely, in 2-4 sentences.

Question: Haversian canals contain blood vessels and what else?
Context: Compact bone tissue is made of cylindrical osteons that are aligned such that they travel the length of the bone. Haversian canals contain blood vessels only. Haversian canals contain blood vessels and nerve fibers. Spongy tissue is found on the interior of the bone, and compact bone tissue is found on the exterior. Figure 38.37 Which of the following statements about muscle contraction is true?.
Answer:",2.03,249,2026-09-29T20:47:03.387891,0.3636,0.8626,4,0.75,0.6587
sciq_0116,SciQ,science,deepseek-r1:1.5b,The sternocleidomastoid is the major muscle that laterally flexes and rotates what?,"Muscles That Move the Head The head, attached to the top of the vertebral column, is balanced, moved, and rotated by the neck muscles (Table 11.5). When these muscles act unilaterally, the head rotates. When they contract bilaterally, the head flexes or extends. The major muscle that laterally flexes and rotates the head is the sternocleidomastoid. In addition, both muscles working together are the flexors of the head. Place your fingers on both sides of the neck and turn your head to the left and to the right. You will feel the movement originate there. This muscle divides the neck into anterior and posterior triangles when viewed from the side (Figure 11.14).",head,The sternocleidomastoid is the major muscle that laterally flexes and rotates the head.,The sternocleidomastoid is the major muscle that laterally flexes and rotates the head.,False,"You are a helpful and knowledgeable tutor.
Answer the following question clearly and concisely, in 2-4 sentences.

Question: The sternocleidomastoid is the major muscle that laterally flexes and rotates what?
Context: Muscles That Move the Head The head, attached to the top of the vertebral column, is balanced, moved, and rotated by the neck muscles (Table 11.5). When these muscles act unilaterally, the head rotates. When they contract bilaterally, the head flexes or extends. The major muscle that laterally flexes and rotates the head is the sternocleidomastoid. In addition, both muscles working together are the flexors of the head. Place your fingers on both sides of the neck and turn your head to the left and to the right. You will feel the movement originate there. This muscle divides the neck into anterior and posterior triangles when viewed from the side (Figure 11.14).
Answer:",2.5,305,2026-09-29T20:47:05.893074,0.1429,0.7981,5,1.0,0.647
sciq_0117,SciQ,science,deepseek-r1:1.5b,Radioactive nuclei and particles are represented by which symbols?,"Radioactive nuclei and particles are represented by nuclear symbols that indicate their numbers of protons and neutrons. For example, an alpha particle (helium nucleus) is represented by the symbol , where He is the chemical symbol for helium, the subscript 2 is the number of protons, and the superscript 4 is the mass number (2 protons + 2 neutrons).",nuclear,"Radioactive nuclei and particles are represented by nuclear symbols that indicate their composition, specifically the number of protons and neutrons. For example, an alpha particle (helium nucleus) is represented by α, where He is the chemical symbol for helium, subscript 2 for protons, and superscript 4 for the mass number.","Radioactive nuclei and particles are represented by nuclear symbols that indicate their composition, specifically the number of protons and neutrons. For example, an alpha particle (helium nucleus) is represented by α, where He is the chemical symbol for helium, subscript 2 for protons, and superscript 4 for the mass number.",False,"You are a helpful and knowledgeable tutor.
Answer the following question clearly and concisely, in 2-4 sentences.

Question: Radioactive nuclei and particles are represented by which symbols?
Context: Radioactive nuclei and particles are represented by nuclear symbols that indicate their numbers of protons and neutrons. For example, an alpha particle (helium nucleus) is represented by the symbol , where He is the chemical symbol for helium, the subscript 2 is the number of protons, and the superscript 4 is the mass number (2 protons + 2 neutrons).
Answer:",2.47,305,2026-09-29T20:47:08.366160,0.04,0.7906,4,0.75,0.5269
sciq_0118,SciQ,science,deepseek-r1:1.5b,What are located along convergent and divergent plate boundaries?,Volcanoes are located along convergent and divergent plate boundaries. They can be found in the middle of plates at hot spots.,volcanoes,"Convergent and divergent plate boundaries are found along which volcanic activity is often associated. Hotspots are located in the middle of convergent boundaries, such as the Indian Plateau, while volcanic features are found in the middle of divergent boundaries, such as the Juan de Fuca Plateau.","Convergent and divergent plate boundaries are found along which volcanic activity is often associated. Hotspots are located in the middle of convergent boundaries, such as the Indian Plateau, while volcanic features are found in the middle of divergent boundaries, such as the Juan de Fuca Plateau.",False,"You are a helpful and knowledgeable tutor.
Answer the following question clearly and concisely, in 2-4 sentences.

Question: What are located along convergent and divergent plate boundaries?
Context: Volcanoes are located along convergent and divergent plate boundaries. They can be found in the middle of plates at hot spots.
Answer:",1.6,194,2026-09-29T20:47:09.971573,0.0,0.8104,4,0.75,0.5201
sciq_0119,SciQ,science,deepseek-r1:1.5b,The basic voltaic cell variations are the dry cell and the what?,Two variations on the basic voltaic cell are the dry cell and the lead storage battery.,lead storage battery,The other basic voltaic cell variation besides the dry cell is the lithium cell.,The other basic voltaic cell variation besides the dry cell is the lithium cell.,False,"You are a helpful and knowledgeable tutor.
Answer the following question clearly and concisely, in 2-4 sentences.

Question: The basic voltaic cell variations are the dry cell and the what?
Context: Two variations on the basic voltaic cell are the dry cell and the lead storage battery.
Answer:",1.15,137,2026-09-29T20:47:11.125735,0.0,0.8312,4,0.75,0.5271
sciq_0120,SciQ,science,deepseek-r1:1.5b,Water can be broken down into hydrogen and oxygen gases by the addition of what?,"Chemistry in Everyday Life Decomposition of Water / Production of Hydrogen Water consists of the elements hydrogen and oxygen combined in a 2 to 1 ratio. Water can be broken down into hydrogen and oxygen gases by the addition of energy. One way to do this is with a battery or power supply, as shown in (Figure 1.15).",energy,"To decompose water into hydrogen and oxygen gases, energy is added. This process requires electrical energy, as demonstrated by the use of a battery or power supply, as shown in Figure 1.15.","To decompose water into hydrogen and oxygen gases, energy is added. This process requires electrical energy, as demonstrated by the use of a battery or power supply, as shown in Figure 1.15.",False,"You are a helpful and knowledgeable tutor.
Answer the following question clearly and concisely, in 2-4 sentences.

Question: Water can be broken down into hydrogen and oxygen gases by the addition of what?
Context: Chemistry in Everyday Life Decomposition of Water / Production of Hydrogen Water consists of the elements hydrogen and oxygen combined in a 2 to 1 ratio. Water can be broken down into hydrogen and oxygen gases by the addition of energy. One way to do this is with a battery or power supply, as shown in (Figure 1.15).
Answer:",2.37,288,2026-09-29T20:47:13.495119,0.0588,0.8155,4,0.75,0.5414
sciq_0121,SciQ,science,deepseek-r1:1.5b,What type of climate does the coast of california have?,"Mediterranean climates are found on the western coasts of continents. The latitudes are between 30° and 45°. The coast of California has a Mediterranean climate. Temperatures are mild and rainfall is moderate. Most of the rain falls in the winter, and summers are dry. To make it through the dry summers, short woody plants are common.",mediterranean,"California has a Mediterranean climate, characterized by mild temperatures, moderate rainfall, and short woody plants, with dry summers.","California has a Mediterranean climate, characterized by mild temperatures, moderate rainfall, and short woody plants, with dry summers.",False,"You are a helpful and knowledgeable tutor.
Answer the following question clearly and concisely, in 2-4 sentences.

Question: What type of climate does the coast of california have?
Context: Mediterranean climates are found on the western coasts of continents. The latitudes are between 30° and 45°. The coast of California has a Mediterranean climate. Temperatures are mild and rainfall is moderate. Most of the rain falls in the winter, and summers are dry. To make it through the dry summers, short woody plants are common.
Answer:",2.98,361,2026-09-29T20:47:16.474617,0.1053,0.8079,4,0.75,0.5544
sciq_0122,SciQ,science,deepseek-r1:1.5b,What living species of bird is considered the  largest of the raptors?,"Although not as famous as its bald cousin, Golden Eagles are much easier to find in Northern California - one of the largest breeding populations for Golden Eagles. The largest of the raptors, Golden Eagles weigh typically between 8 and 12 pounds, and their wing span is around 6 to 7 feet. These eagles dive towards earth to catch prey, and can reach speeds of up to 200 mph! Meet one of the largest birds of prey at http://www. kqed. org/quest/television/cool-critters-the-golden-eagle .",golden eagles,"The largest raptor is the Golden Eagle, known for its size, speed, and ability to hunt by diving. It typically weighs between 8 and 12 pounds and has a wing span of 6 to 7 feet. Golden Eagles can reach speeds up to 200 mph. For more information, visit [www.kqed.org](http://www.kqed.org).","The largest raptor is the Golden Eagle, known for its size, speed, and ability to hunt by diving. It typically weighs between 8 and 12 pounds and has a wing span of 6 to 7 feet. Golden Eagles can reach speeds up to 200 mph. For more information, visit [www.kqed.org](http://www.kqed.org).",False,"You are a helpful and knowledgeable tutor.
Answer the following question clearly and concisely, in 2-4 sentences.

Question: What living species of bird is considered the  largest of the raptors?
Context: Although not as famous as its bald cousin, Golden Eagles are much easier to find in Northern California - one of the largest breeding populations for Golden Eagles. The largest of the raptors, Golden Eagles weigh typically between 8 and 12 pounds, and their wing span is around 6 to 7 feet. These eagles dive towards earth to catch prey, and can reach speeds of up to 200 mph! Meet one of the largest birds of prey at http://www. kqed. org/quest/television/cool-critters-the-golden-eagle .
Answer:",2.68,326,2026-09-29T20:47:19.155563,0.069,0.8273,4,0.75,0.5488
sciq_0123,SciQ,science,deepseek-r1:1.5b,What type of mechanical weathering occurs when one rock bumps against another rock?,"Abrasion is another type of mechanical weathering. With abrasion, one rock bumps against another rock. Gravity causes abrasion as a rock tumbles down a slope. Moving water causes abrasion; it moves rocks so that they bump against one another ( Figure below ). Strong winds cause abrasion by blasting sand against rock surfaces. Finally, the ice in glaciers cause abrasion. Pieces of rock embedded in ice at the bottom of a glacier scrape against the rock below. If you have ever collected beach glass or pebbles from a stream, you have witnessed the work of abrasion.",abrasion,"The process where one rock bumps against another is known as abrasion. It involves multiple forces like gravity, water, wind, and ice, causing rocks to move and interact, leading to wear and changes in rock composition.","The process where one rock bumps against another is known as abrasion. It involves multiple forces like gravity, water, wind, and ice, causing rocks to move and interact, leading to wear and changes in rock composition.",False,"You are a helpful and knowledgeable tutor.
Answer the following question clearly and concisely, in 2-4 sentences.

Question: What type of mechanical weathering occurs when one rock bumps against another rock?
Context: Abrasion is another type of mechanical weathering. With abrasion, one rock bumps against another rock. Gravity causes abrasion as a rock tumbles down a slope. Moving water causes abrasion; it moves rocks so that they bump against one another ( Figure below ). Strong winds cause abrasion by blasting sand against rock surfaces. Finally, the ice in glaciers cause abrasion. Pieces of rock embedded in ice at the bottom of a glacier scrape against the rock below. If you have ever collected beach glass or pebbles from a stream, you have witnessed the work of abrasion.
Answer:",2.26,274,2026-09-29T20:47:21.415119,0.0541,0.8432,4,0.75,0.5491
sciq_0124,SciQ,science,deepseek-r1:1.5b,Paramecium possess tiny hair-like cilia that help them do what?,"Some protists, like these Paramecium , act much like animals. Notice the tiny hair-like cilia that help them move. The food vacuoles, where they digest their prey, are colored in orange.",move,"Paramecium possess tiny hair-like cilia that help them move around, aiding in the movement of food vacuoles, which contain their prey.","Paramecium possess tiny hair-like cilia that help them move around, aiding in the movement of food vacuoles, which contain their prey.",False,"You are a helpful and knowledgeable tutor.
Answer the following question clearly and concisely, in 2-4 sentences.

Question: Paramecium possess tiny hair-like cilia that help them do what?
Context: Some protists, like these Paramecium , act much like animals. Notice the tiny hair-like cilia that help them move. The food vacuoles, where they digest their prey, are colored in orange.
Answer:",2.3,281,2026-09-29T20:47:23.718630,0.087,0.8016,4,0.75,0.5462
sciq_0125,SciQ,science,deepseek-r1:1.5b,"Skyscrapers and other large structures built on soft ground must be anchored to what, located below the ground surface?",Skyscrapers and other large structures built on soft ground must be anchored to bedrock. Sometimes the bedrock lies hundreds of meters below the ground surface.,bedrock,"Skyscrapers and other large structures built on soft ground must be anchored to bedrock located below the ground surface. Bedrock, which refers to soft or loose ground, is essential for securing these structures against collapse. Often, bedrock can be placed hundreds of meters below the ground to ensure stability, especially when soft ground is prone to instability.","Skyscrapers and other large structures built on soft ground must be anchored to bedrock located below the ground surface. Bedrock, which refers to soft or loose ground, is essential for securing these structures against collapse. Often, bedrock can be placed hundreds of meters below the ground to ensure stability, especially when soft ground is prone to instability.",False,"You are a helpful and knowledgeable tutor.
Answer the following question clearly and concisely, in 2-4 sentences.

Question: Skyscrapers and other large structures built on soft ground must be anchored to what, located below the ground surface?
Context: Skyscrapers and other large structures built on soft ground must be anchored to bedrock. Sometimes the bedrock lies hundreds of meters below the ground surface.
Answer:",2.79,343,2026-09-29T20:47:26.510429,0.0345,0.832,4,0.75,0.5388
sciq_0126,SciQ,science,deepseek-r1:1.5b,Do vascular or nonvascular plants lack tracheids?,,nonvascular,Nonvascular plants lack tracheids.,Nonvascular plants lack tracheids.,False,"You are a helpful and knowledgeable tutor.
Answer the following question clearly and concisely, in 2-4 sentences.

Question: Do vascular or nonvascular plants lack tracheids?
Answer:",2.41,295,2026-09-29T20:47:28.925350,0.4,0.8801,4,0.75,0.6767
sciq_0127,SciQ,science,deepseek-r1:1.5b,What break down dead organisms and other organic waste and release inorganic molecules back to the environment called?,Decomposers break down dead organisms and other organic wastes and release inorganic molecules back to the environment.,decomposers,"Decomposition is the process by which dead organisms and organic waste are broken down, releasing inorganic molecules back into the environment.","Decomposition is the process by which dead organisms and organic waste are broken down, releasing inorganic molecules back into the environment.",False,"You are a helpful and knowledgeable tutor.
Answer the following question clearly and concisely, in 2-4 sentences.

Question: What break down dead organisms and other organic waste and release inorganic molecules back to the environment called?
Context: Decomposers break down dead organisms and other organic wastes and release inorganic molecules back to the environment.
Answer:",1.15,140,2026-09-29T20:47:30.080067,0.0,0.8289,4,0.75,0.5263
sciq_0128,SciQ,science,deepseek-r1:1.5b,What type of molecules help the plasma membrane keep its shape?,"The plasma membrane contains molecules other than phospholipids, primarily other lipids and proteins. The green molecules in Figure below , for example, are the lipid cholesterol. Molecules of cholesterol help the plasma membrane keep its shape. Many of the proteins in the plasma membrane assist other substances in crossing the membrane.",cholesterol,"The molecules that help the plasma membrane keep its shape are proteins. Proteins play a vital role in the membrane's structure and function, aiding in the movement of substances across the membrane and maintaining its integrity.","The molecules that help the plasma membrane keep its shape are proteins. Proteins play a vital role in the membrane's structure and function, aiding in the movement of substances across the membrane and maintaining its integrity.",False,"You are a helpful and knowledgeable tutor.
Answer the following question clearly and concisely, in 2-4 sentences.

Question: What type of molecules help the plasma membrane keep its shape?
Context: The plasma membrane contains molecules other than phospholipids, primarily other lipids and proteins. The green molecules in Figure below , for example, are the lipid cholesterol. Molecules of cholesterol help the plasma membrane keep its shape. Many of the proteins in the plasma membrane assist other substances in crossing the membrane.
Answer:",2.45,298,2026-09-29T20:47:32.528294,0.0,0.8091,4,0.75,0.5197
sciq_0129,SciQ,science,deepseek-r1:1.5b,"Can nematodes be a parasite of plants, animals, or both?",Nematodes can be parasites of plants and animals.,both,,,False,"You are a helpful and knowledgeable tutor.
Answer the following question clearly and concisely, in 2-4 sentences.

Question: Can nematodes be a parasite of plants, animals, or both?
Context: Nematodes can be parasites of plants and animals.
Answer:",4.16,512,2026-09-29T20:47:36.686116,0.0,0.853,4,0.75,0.5343
sciq_0130,SciQ,science,deepseek-r1:1.5b,What element is present in all organic molecules?,"The Carbon Cycle Carbon is the fourth most abundant element in living organisms. Carbon is present in all organic molecules, and its role in the structure of macromolecules is of primary importance to living organisms. Carbon compounds contain energy, and many of these compounds from plants and algae have remained stored as fossilized carbon, which humans use as fuel. Since the 1800s, the use of fossil fuels has accelerated. As global demand for Earth’s limited fossil fuel supplies has risen since the beginning of the Industrial Revolution, the amount of carbon dioxide in our atmosphere has increased as the fuels are burned. This increase in carbon dioxide has been associated with climate change and is a major environmental concern worldwide.",carbon,Carbon is the element present in all organic molecules.,Carbon is the element present in all organic molecules.,False,"You are a helpful and knowledgeable tutor.
Answer the following question clearly and concisely, in 2-4 sentences.

Question: What element is present in all organic molecules?
Context: The Carbon Cycle Carbon is the fourth most abundant element in living organisms. Carbon is present in all organic molecules, and its role in the structure of macromolecules is of primary importance to living organisms. Carbon compounds contain energy, and many of these compounds from plants and algae have remained stored as fossilized carbon, which humans use as fuel. Since the 1800s, the use of fossil fuels has accelerated. As global demand for Earth’s limited fossil fuel supplies has risen since the beginning of the Industrial Revolution, the amount of carbon dioxide in our atmosphere has increased as the fuels are burned. This increase in carbon dioxide has been associated with climate change and is a major environmental concern worldwide.
Answer:",1.21,146,2026-09-29T20:47:37.898835,0.2,0.8473,5,1.0,0.6824
sciq_0131,SciQ,science,deepseek-r1:1.5b,How frequently do high tides occur?,"9. If the tidal cycle was actually 12 hours then high tides would occur at the same time every day. In reality, high tides occur about every 12 hours and 25 minutes. Can you think of why this would be the case?.",every 12 hours,,,False,"You are a helpful and knowledgeable tutor.
Answer the following question clearly and concisely, in 2-4 sentences.

Question: How frequently do high tides occur?
Context: 9. If the tidal cycle was actually 12 hours then high tides would occur at the same time every day. In reality, high tides occur about every 12 hours and 25 minutes. Can you think of why this would be the case?.
Answer:",4.16,512,2026-09-29T20:47:42.066033,0.0,0.8281,4,0.75,0.526
sciq_0132,SciQ,science,deepseek-r1:1.5b,"A rock that contains important minerals is called what, a term associated with mining?",An ore is a rock that contains important minerals.,ore,A rock that contains important minerals is called an ore.,A rock that contains important minerals is called an ore.,False,"You are a helpful and knowledgeable tutor.
Answer the following question clearly and concisely, in 2-4 sentences.

Question: A rock that contains important minerals is called what, a term associated with mining?
Context: An ore is a rock that contains important minerals.
Answer:",1.07,129,2026-09-29T20:47:43.137187,0.1818,0.7907,4,0.75,0.5742
sciq_0133,SciQ,science,deepseek-r1:1.5b,"The four basic types of tissue are epithelial, muscle, connective, and what?","A tissue is a group of connected cells that have a similar function within an organism. More complex organisms such as jellyfish, coral, and sea anemones have a tissue level of organization. For example, jellyfish have tissues that have separate protective, digestive, and sensory functions. Though most animals have many different types of cells, they only have four basic types of tissue: connective, muscle, nervous, and epithelial.",nervous,"The four basic types of tissue are connective, muscle, nervous, and epithelial.","The four basic types of tissue are connective, muscle, nervous, and epithelial.",False,"You are a helpful and knowledgeable tutor.
Answer the following question clearly and concisely, in 2-4 sentences.

Question: The four basic types of tissue are epithelial, muscle, connective, and what?
Context: A tissue is a group of connected cells that have a similar function within an organism. More complex organisms such as jellyfish, coral, and sea anemones have a tissue level of organization. For example, jellyfish have tissues that have separate protective, digestive, and sensory functions. Though most animals have many different types of cells, they only have four basic types of tissue: connective, muscle, nervous, and epithelial.
Answer:",2.47,302,2026-09-29T20:47:45.612807,0.1538,0.8291,4,0.75,0.5776
sciq_0134,SciQ,science,deepseek-r1:1.5b,What disease characterized by the extreme swelling of the limbs is caused by infection with a type of roundworm?,"Roundworms can be free-living organisms, but they are probably best known for their role as significant plant and animal parasites. Most Nematodes are parasitic, with over 16,000 parasitic species described. Heartworms, which cause serious disease in dogs while living in the heart and blood vessels, are a type of roundworm. Roundworms can also cause disease in humans. Elephantiasis, a disease characterized by the extreme swelling of the limbs ( Figure below ), is caused by infection with a type of roundworm.",elephantiasis,The disease caused by roundworms is elephantiasis.,The disease caused by roundworms is elephantiasis.,False,"You are a helpful and knowledgeable tutor.
Answer the following question clearly and concisely, in 2-4 sentences.

Question: What disease characterized by the extreme swelling of the limbs is caused by infection with a type of roundworm?
Context: Roundworms can be free-living organisms, but they are probably best known for their role as significant plant and animal parasites. Most Nematodes are parasitic, with over 16,000 parasitic species described. Heartworms, which cause serious disease in dogs while living in the heart and blood vessels, are a type of roundworm. Roundworms can also cause disease in humans. Elephantiasis, a disease characterized by the extreme swelling of the limbs ( Figure below ), is caused by infection with a type of roundworm.
Answer:",2.63,320,2026-09-29T20:47:48.243822,0.25,0.871,4,0.75,0.6237
sciq_0135,SciQ,science,deepseek-r1:1.5b,"In the microbiology lab, what technique refers to the procedures that are carried out under sterile conditions?","In the microbiology lab, aseptic technique refers to the procedures that are carried out under sterile conditions. Scientists who study microbes are called microbiologists. Microbiologists must carry out their lab work using the aseptic technique to prevent microbial contamination of themselves, contamination of the environment they are working in, including work surfaces or equipment, and contamination of the sample they are working on. Bacteria live on just about every surface on Earth, so if a scientist wants to grow a particular type of bacterium in the lab, he or she needs to be able to sterilize their equipment to prevent contamination by other bacteria or microorganisms. The aseptic technique is also used in medicine, where it is important to keep the human body free of contamination.",aseptic,The technique referred to as aseptic techniques in the microbiology lab involves procedures conducted under sterile conditions to prevent contamination.,The technique referred to as aseptic techniques in the microbiology lab involves procedures conducted under sterile conditions to prevent contamination.,False,"You are a helpful and knowledgeable tutor.
Answer the following question clearly and concisely, in 2-4 sentences.

Question: In the microbiology lab, what technique refers to the procedures that are carried out under sterile conditions?
Context: In the microbiology lab, aseptic technique refers to the procedures that are carried out under sterile conditions. Scientists who study microbes are called microbiologists. Microbiologists must carry out their lab work using the aseptic technique to prevent microbial contamination of themselves, contamination of the environment they are working in, including work surfaces or equipment, and contamination of the sample they are working on. Bacteria live on just about every surface on Earth, so if a scientist wants to grow a particular type of bacterium in the lab, he or she needs to be able to sterilize their equipment to prevent contamination by other bacteria or microorganisms. The aseptic technique is also used in medicine, where it is important to keep the human body free of contamination.
Answer:",2.33,284,2026-09-29T20:47:50.575625,0.0952,0.8112,4,0.75,0.5521
sciq_0136,SciQ,science,deepseek-r1:1.5b,Where do short period comets come from?,"Short-period comets come from the Kuiper belt, beyond Neptune. Long-period comets come from the very distant Oort cloud.",kuiper belt,"Short-period comets originate from the Kuiper belt, a region closer to the Sun than the Oort cloud, which hosts long-period comets.","Short-period comets originate from the Kuiper belt, a region closer to the Sun than the Oort cloud, which hosts long-period comets.",False,"You are a helpful and knowledgeable tutor.
Answer the following question clearly and concisely, in 2-4 sentences.

Question: Where do short period comets come from?
Context: Short-period comets come from the Kuiper belt, beyond Neptune. Long-period comets come from the very distant Oort cloud.
Answer:",2.41,297,2026-09-29T20:47:52.992431,0.16,0.8241,4,0.75,0.578
sciq_0137,SciQ,science,deepseek-r1:1.5b,"Lichens are not a single organism, but rather an example of a what?","Lichens are not a single organism, but rather an example of a mutualism, in which a fungus (usually a member of the Ascomycota or Basidiomycota phyla) lives in close contact with a photosynthetic organism (a eukaryotic alga or a prokaryotic cyanobacterium) (Figure 24.23). Generally, neither the fungus nor the photosynthetic organism can survive alone outside of the symbiotic relationship. The body of a lichen, referred to as a thallus, is formed of hyphae wrapped around the photosynthetic partner. The photosynthetic organism provides carbon and energy in the form of carbohydrates. Some cyanobacteria fix nitrogen from the atmosphere, contributing nitrogenous compounds to the association. In return, the fungus supplies minerals and protection from dryness and excessive light by encasing the algae in its mycelium. The fungus also attaches the symbiotic organism to the substrate.",mutualism,Lichens are an example of mutualism.,Lichens are an example of mutualism.,False,"You are a helpful and knowledgeable tutor.
Answer the following question clearly and concisely, in 2-4 sentences.

Question: Lichens are not a single organism, but rather an example of a what?
Context: Lichens are not a single organism, but rather an example of a mutualism, in which a fungus (usually a member of the Ascomycota or Basidiomycota phyla) lives in close contact with a photosynthetic organism (a eukaryotic alga or a prokaryotic cyanobacterium) (Figure 24.23). Generally, neither the fungus nor the photosynthetic organism can survive alone outside of the symbiotic relationship. The body of a lichen, referred to as a thallus, is formed of hyphae wrapped around the photosynthetic partner. The photosynthetic organism provides carbon and energy in the form of carbohydrates. Some cyanobacteria fix nitrogen from the atmosphere, contributing nitrogenous compounds to the association. In return, the fungus supplies minerals and protection from dryness and excessive light by encasing the algae in its mycelium. The fungus also attaches the symbiotic organism to the substrate.
Answer:",2.4,292,2026-09-29T20:47:55.397771,0.2857,0.896,4,0.75,0.6439
sciq_0138,SciQ,science,deepseek-r1:1.5b,What do you call a chemical process used to treat water by destroying a contaminant?,Chemical remediation can also treat water in the aquifer. A chemical is pumped into the aquifer. The chemical destroys the contaminant.,chemical remediation,"The chemical process used to treat water by destroying a contaminant, specifically in the context of the aquifer, is called **chemical leaching**.","The chemical process used to treat water by destroying a contaminant, specifically in the context of the aquifer, is called **chemical leaching**.",False,"You are a helpful and knowledgeable tutor.
Answer the following question clearly and concisely, in 2-4 sentences.

Question: What do you call a chemical process used to treat water by destroying a contaminant?
Context: Chemical remediation can also treat water in the aquifer. A chemical is pumped into the aquifer. The chemical destroys the contaminant.
Answer:",2.95,364,2026-09-29T20:47:58.354049,0.0833,0.8322,3,0.5,0.4718
sciq_0139,SciQ,science,deepseek-r1:1.5b,Which is one of the most frequently studied cartilaginous fish?,Sharks are some of the most frequently studied cartilaginous fish. Sharks are distinguished by such features as:.,sharks,"Sharks are one of the most frequently studied cartilaginous fish due to their specialized fluvial cartilage in their mouth and gills, which is essential for their movement and life in water.","Sharks are one of the most frequently studied cartilaginous fish due to their specialized fluvial cartilage in their mouth and gills, which is essential for their movement and life in water.",False,"You are a helpful and knowledgeable tutor.
Answer the following question clearly and concisely, in 2-4 sentences.

Question: Which is one of the most frequently studied cartilaginous fish?
Context: Sharks are some of the most frequently studied cartilaginous fish. Sharks are distinguished by such features as:.
Answer:",3.13,383,2026-09-29T20:48:01.485062,0.0625,0.8376,4,0.75,0.55
sciq_0140,SciQ,science,deepseek-r1:1.5b,What artery takes blood to the brain?,"Arteries, Veins, and Capillaries The blood from the heart is carried through the body by a complex network of blood vessels (Figure 40.15). Arteries take blood away from the heart. The main artery is the aorta that branches into major arteries that take blood to different limbs and organs. These major arteries include the carotid artery that takes blood to the brain, the brachial arteries that take blood to the arms, and the thoracic artery that takes blood to the thorax and then into the hepatic, renal, and gastric arteries for the liver, kidney, and stomach, respectively. The iliac artery takes blood to the lower limbs. The major arteries diverge into minor arteries, and then smaller vessels called arterioles, to reach more deeply into the muscles and organs of the body.",carotid,The carotid artery is the artery that takes blood to the brain.,The carotid artery is the artery that takes blood to the brain.,False,"You are a helpful and knowledgeable tutor.
Answer the following question clearly and concisely, in 2-4 sentences.

Question: What artery takes blood to the brain?
Context: Arteries, Veins, and Capillaries The blood from the heart is carried through the body by a complex network of blood vessels (Figure 40.15). Arteries take blood away from the heart. The main artery is the aorta that branches into major arteries that take blood to different limbs and organs. These major arteries include the carotid artery that takes blood to the brain, the brachial arteries that take blood to the arms, and the thoracic artery that takes blood to the thorax and then into the hepatic, renal, and gastric arteries for the liver, kidney, and stomach, respectively. The iliac artery takes blood to the lower limbs. The major arteries diverge into minor arteries, and then smaller vessels called arterioles, to reach more deeply into the muscles and organs of the body.
Answer:",1.86,221,2026-09-29T20:48:03.349828,0.1538,0.868,5,1.0,0.6739
sciq_0141,SciQ,science,deepseek-r1:1.5b,A diagram in which the numerical values of variables are represented by the height or length of lines or rectangles of equal width is called?,Bar graphs are especially useful for comparing values for different types of things. The bar graph in Figure below shows the number of vehicles of each type that passed the checkpoint.,bar graph,The diagram is called a bar graph.,The diagram is called a bar graph.,False,"You are a helpful and knowledgeable tutor.
Answer the following question clearly and concisely, in 2-4 sentences.

Question: A diagram in which the numerical values of variables are represented by the height or length of lines or rectangles of equal width is called?
Context: Bar graphs are especially useful for comparing values for different types of things. The bar graph in Figure below shows the number of vehicles of each type that passed the checkpoint.
Answer:",2.7,331,2026-09-29T20:48:06.051340,0.4444,0.8839,5,1.0,0.7761
sciq_0142,SciQ,science,deepseek-r1:1.5b,Excessive exposure to what is the main cause of skin cancer?,Skin cancer is a disease in which skin cells grow out of control. It is caused mainly by excessive exposure to UV light. People with lighter skin are at greater risk of developing skin cancer because they have less melanin to block harmful UV radiation. The best way to prevent skin cancer is to avoid UV exposure by using sunscreen and wearing protective clothing.,uv light,"Excessive exposure to UV light is the primary cause of skin cancer, particularly in individuals with lighter skin due to reduced melanin protection.","Excessive exposure to UV light is the primary cause of skin cancer, particularly in individuals with lighter skin due to reduced melanin protection.",False,"You are a helpful and knowledgeable tutor.
Answer the following question clearly and concisely, in 2-4 sentences.

Question: Excessive exposure to what is the main cause of skin cancer?
Context: Skin cancer is a disease in which skin cells grow out of control. It is caused mainly by excessive exposure to UV light. People with lighter skin are at greater risk of developing skin cancer because they have less melanin to block harmful UV radiation. The best way to prevent skin cancer is to avoid UV exposure by using sunscreen and wearing protective clothing.
Answer:",2.95,361,2026-09-29T20:48:09.002633,0.16,0.8381,4,0.75,0.5827
sciq_0143,SciQ,science,deepseek-r1:1.5b,What are the most successful phylum of plants?,"Angiosperms , in the phylum Anthophyta , are the most successful phylum of plants. This category also contains the largest number of individual plants ( Figure below ). Angiosperms evolved the structure of the flower, so they are also called the flowering plants. Angiosperms live in a variety of different environments. A water lily, an oak tree, and a barrel cactus, although different, are all angiosperms.",angiosperms,"The most successful phylum of plants is Angiosperms, which are part of the broader category Anthophyta. Angiosperms are known for their flowering plants and are the largest group within Anthophyta, making them the most successful in the classification system.","The most successful phylum of plants is Angiosperms, which are part of the broader category Anthophyta. Angiosperms are known for their flowering plants and are the largest group within Anthophyta, making them the most successful in the classification system.",False,"You are a helpful and knowledgeable tutor.
Answer the following question clearly and concisely, in 2-4 sentences.

Question: What are the most successful phylum of plants?
Context: Angiosperms , in the phylum Anthophyta , are the most successful phylum of plants. This category also contains the largest number of individual plants ( Figure below ). Angiosperms evolved the structure of the flower, so they are also called the flowering plants. Angiosperms live in a variety of different environments. A water lily, an oak tree, and a barrel cactus, although different, are all angiosperms.
Answer:",2.72,335,2026-09-29T20:48:11.723807,0.05,0.8425,4,0.75,0.5475
sciq_0144,SciQ,science,deepseek-r1:1.5b,"Sponges exemplify what type of arrangement, where different cells are specialized for different functions, but each cell works alone?","Sponges have cell-level organization, in which different cells are specialized for different functions, but each cell works alone. For example, some cells digest food, while other cells let water pass through the sponge.",cell-level organization,"Sponges exemplify a **cellular arrangement**. This type of arrangement features different cells specialized for various functions, working together as a whole without communication.","Sponges exemplify a **cellular arrangement**. This type of arrangement features different cells specialized for various functions, working together as a whole without communication.",False,"You are a helpful and knowledgeable tutor.
Answer the following question clearly and concisely, in 2-4 sentences.

Question: Sponges exemplify what type of arrangement, where different cells are specialized for different functions, but each cell works alone?
Context: Sponges have cell-level organization, in which different cells are specialized for different functions, but each cell works alone. For example, some cells digest food, while other cells let water pass through the sponge.
Answer:",2.39,293,2026-09-29T20:48:14.118681,0.0769,0.8327,4,0.75,0.5532
sciq_0145,SciQ,science,deepseek-r1:1.5b,What is the si unit for weight?,"Weight measures the force of gravity pulling on an object. Because weight measures force, the SI unit for weight is the newton (N) . On Earth, a mass of 1 kilogram has a weight of about 10 newtons because of the pull of Earth’s gravity On the moon, which has less gravity, the same mass would weigh less. Weight is measured with a scale, like the spring scale in Figure below . The scale measures the force with which gravity pulls an object downward.",newton (n),"The SI unit for weight is the Newton (N). Weight is a measure of the force exerted on an object due to gravity, calculated as mass multiplied by the acceleration due to gravity (9.8 m/s² on Earth). Therefore, weight is measured in Newtons.","The SI unit for weight is the Newton (N). Weight is a measure of the force exerted on an object due to gravity, calculated as mass multiplied by the acceleration due to gravity (9.8 m/s² on Earth). Therefore, weight is measured in Newtons.",False,"You are a helpful and knowledgeable tutor.
Answer the following question clearly and concisely, in 2-4 sentences.

Question: What is the si unit for weight?
Context: Weight measures the force of gravity pulling on an object. Because weight measures force, the SI unit for weight is the newton (N) . On Earth, a mass of 1 kilogram has a weight of about 10 newtons because of the pull of Earth’s gravity On the moon, which has less gravity, the same mass would weigh less. Weight is measured with a scale, like the spring scale in Figure below . The scale measures the force with which gravity pulls an object downward.
Answer:",2.61,320,2026-09-29T20:48:16.732660,0.0851,0.8094,4,0.75,0.5482
sciq_0146,SciQ,science,deepseek-r1:1.5b,"When we were dealing with electrical effects, it was very useful to speak of an electric field that surrounded what?","When we were dealing with electrical effects, it was very useful to speak of an electric field that surrounded an electric charge. In the same way, we can imagine a magnetic field surrounding a magnetic pole. The force that one magnet exerts on another can be described as the interaction between one magnet and the magnetic field of the other magnet. Magnetic field lines go from the north magnetic pole to the south magnetic pole. We define the magnetic field at any point as a vector (represented by the letter B ) whose direction is from north to south magnetic poles.",electrical charge,"When dealing with electric effects, it's useful to consider an electric field surrounding a charge. Electric field lines originate from positive charges and terminate on negative charges, with their direction from positive to negative. The force between two magnets is described by the interaction between a magnet and its magnetic field, which is represented by vectors B, pointing from north to south poles.","When dealing with electric effects, it's useful to consider an electric field surrounding a charge. Electric field lines originate from positive charges and terminate on negative charges, with their direction from positive to negative. The force between two magnets is described by the interaction between a magnet and its magnetic field, which is represented by vectors B, pointing from north to south poles.",False,"You are a helpful and knowledgeable tutor.
Answer the following question clearly and concisely, in 2-4 sentences.

Question: When we were dealing with electrical effects, it was very useful to speak of an electric field that surrounded what?
Context: When we were dealing with electrical effects, it was very useful to speak of an electric field that surrounded an electric charge. In the same way, we can imagine a magnetic field surrounding a magnetic pole. The force that one magnet exerts on another can be described as the interaction between one magnet and the magnetic field of the other magnet. Magnetic field lines go from the north magnetic pole to the south magnetic pole. We define the magnetic field at any point as a vector (represented by the letter B ) whose direction is from north to south magnetic poles.
Answer:",3.46,423,2026-09-29T20:48:20.197066,0.0606,0.8205,4,0.75,0.5437
sciq_0147,SciQ,science,deepseek-r1:1.5b,"Candida and trichophyton are examples of disease-causing types of what organisms, which become parasitic?",Some fungi cause disease when they become human parasites. Two examples are fungi in the genera Candida and Trichophyton.,fungi,"Candida and Trichophyton are examples of fungi, which become parasitic and cause disease.","Candida and Trichophyton are examples of fungi, which become parasitic and cause disease.",False,"You are a helpful and knowledgeable tutor.
Answer the following question clearly and concisely, in 2-4 sentences.

Question: Candida and trichophyton are examples of disease-causing types of what organisms, which become parasitic?
Context: Some fungi cause disease when they become human parasites. Two examples are fungi in the genera Candida and Trichophyton.
Answer:",2.9,357,2026-09-29T20:48:23.100141,0.1429,0.8529,4,0.75,0.5819
sciq_0148,SciQ,science,deepseek-r1:1.5b,What gland secretes growth hormones?,"Hormones That Influence Osteoblasts and/or Maintain the Matrix Several hormones are necessary for controlling bone growth and maintaining the bone matrix. The pituitary gland secretes growth hormone (GH), which, as its name implies, controls bone growth in several ways. It triggers chondrocyte proliferation in epiphyseal plates, resulting in the increasing length of long bones. GH also increases calcium retention, which enhances mineralization, and stimulates osteoblastic activity, which improves bone density. GH is not alone in stimulating bone growth and maintaining osseous tissue. Thyroxine, a hormone secreted by the thyroid gland promotes osteoblastic activity and the synthesis of bone matrix. During puberty, the sex hormones (estrogen in girls, testosterone in boys) also come into play. They too promote osteoblastic activity and production of bone matrix, and in addition, are responsible for the growth spurt that often occurs during adolescence. They also promote the conversion of the epiphyseal plate to the epiphyseal line (i. , cartilage to its bony remnant), thus bringing an end to the longitudinal growth of bones. Additionally, calcitriol, the active form of vitamin D, is produced by the kidneys and stimulates the absorption of calcium and phosphate from the digestive tract.",pituitary,"The pituitary gland secretes growth hormones, which are responsible for controlling bone growth and maintaining the bone matrix.","The pituitary gland secretes growth hormones, which are responsible for controlling bone growth and maintaining the bone matrix.",False,"You are a helpful and knowledgeable tutor.
Answer the following question clearly and concisely, in 2-4 sentences.

Question: What gland secretes growth hormones?
Context: Hormones That Influence Osteoblasts and/or Maintain the Matrix Several hormones are necessary for controlling bone growth and maintaining the bone matrix. The pituitary gland secretes growth hormone (GH), which, as its name implies, controls bone growth in several ways. It triggers chondrocyte proliferation in epiphyseal plates, resulting in the increasing length of long bones. GH also increases calcium retention, which enhances mineralization, and stimulates osteoblastic activity, which improves bone density. GH is not alone in stimulating bone growth and maintaining osseous tissue. Thyroxine, a hormone secreted by the thyroid gland promotes osteoblastic activity and the synthesis of bone matrix. During puberty, the sex hormones (estrogen in girls, testosterone in boys) also come into play. They too promote osteoblastic activity and production of bone matrix, and in addition, are responsible for the growth spurt that often occurs during adolescence. They also promote the conversion of the epiphyseal plate to the epiphyseal line (i. , cartilage to its bony remnant), thus bringing an end to the longitudinal growth of bones. Additionally, calcitriol, the active form of vitamin D, is produced by the kidneys and stimulates the absorption of calcium and phosphate from the digestive tract.
Answer:",1.54,184,2026-09-29T20:48:24.642952,0.1053,0.8332,4,0.75,0.5628
sciq_0149,SciQ,science,deepseek-r1:1.5b,What is stored mainly in liver and muscle cells by humans and other vertebrates?,,glycogen,"The liver stores toxins, while muscle cells store hormones.","The liver stores toxins, while muscle cells store hormones.",False,"You are a helpful and knowledgeable tutor.
Answer the following question clearly and concisely, in 2-4 sentences.

Question: What is stored mainly in liver and muscle cells by humans and other vertebrates?
Answer:",1.69,209,2026-09-29T20:48:26.334418,0.0,0.803,2,0.25,0.351
race_0000,RACE,reading_comprehension,deepseek-r1:1.5b,"Why has Chen been called ""market manager""?","In the dark and damp market,Chen ShuChu,near her sixties,owns a stall that her father left her.The stall,called YuanJin Vegetables,is her everything.Chen earns only a little money by selling vegetables,but she has donated about $321,550 to help poor children.
In March,Forbes magazine named her one of the 48 great philanthropists from the AsiaPacific region.A month later,TIME magazine selected the year's top 100 influential people and Chen was one of them.Although she has received many honours and rewards,Chen only cares about her vegetable stall and whether her regular customers buy her vegetables or not.""I do not place great importance on money.When I donate to help others,I feel happy and I can sleep well at night."" Chen said.
Chen's ability to donate such a great deal of money has led many to ask,""How can a vegetable seller donate so much?""
""Spend only on what you need,and you'll be able to save a lot of money!"" Chen said.Chen leads a very simple life.All she needs is food and a place to sleep.Everything else is a luxury .Neither does she have any desire for material gains nor any form of enjoyment.Work,she says,is her enjoyment.""I love my work.If I don't how would I be able to work 16 hours a day?""Being the first to arrive and last to leave,she has been given the title of ""market manager.""
She is content with what she has.She feels that as long as she lives the life she wishes for and does the things she wants,that is good enough.",Because she often arrives early and leaves late in the market.,"Chen was called ""market manager"" because she is the manager of her vegetable stall, overseeing the operations and ensuring the stall runs efficiently, reflecting her role in managing the business.","Chen was called ""market manager"" because she is the manager of her vegetable stall, overseeing the operations and ensuring the stall runs efficiently, reflecting her role in managing the business.",False,"You are a helpful and knowledgeable tutor.
Answer the following question clearly and concisely, in 2-4 sentences.

Question: Why has Chen been called ""market manager""?
Context: In the dark and damp market,Chen ShuChu,near her sixties,owns a stall that her father left her.The stall,called YuanJin Vegetables,is her everything.Chen earns only a little money by selling vegetables,but she has donated about $321,550 to help poor children.
In March,Forbes magazine named her one of the 48 great philanthropists from the AsiaPacific region.A month later,TIME magazine selected the year's top 100 influential people and Chen was one of them.Although she has received many honours and rewards,Chen only cares about her vegetable stall and whether her regular customers buy her vegetables or not.""I do not place great importance on money.When I donate to help others,I feel happy and I can sleep well at night."" Chen said.
Chen's ability to donate such a great deal of money has led many to ask,""How can a vegetable seller donate so much?""
""Spend only on what you need,and you'll be able to save a lot of money!"" Chen said.Chen leads a very simple life.All she needs is food and a place to sleep.Everything else is a luxury .Neither does she have any desire for material gains nor any form of enjoyment.Work,she says,is her enjoyment.""I love my work.If I don't how would I be able to work 16 hours a day?""Being the first to arrive and last to leave,she has been given the title of ""market manager.""
She is content with what she has.She feels that as long as she lives the life she wishes for and does the things she wants,that is good enough.
Answer:",2.95,356,2026-09-29T20:48:29.286373,0.2439,0.8651,4,0.75,0.6197
race_0001,RACE,reading_comprehension,deepseek-r1:1.5b,Hundreds of people phoned professor Sabbatucci because they   _  .,"A thief who dropped a winning lottery ticket at the scene of his crime has been given a lesson in honesty. His victim, who picked up the ticket, then claimed the PS25000 prize, managed to trace him, and handed over the cash. The robbery happened when maths professor Vinicio Sabbatucci,58, was changing a tyre on an Italian motorway. Another motorist, who stopped  ""to help"", stole a suitcase from his car and drove off. The professor found the dropped ticket and put it in his pocket before driving home to Ascoli in eastern Italy.
    Next day, he saw the lottery results on TV and, taking out the ticket, realized it was a winner. He claimed the 60 million lire  prize. Then he began a battle with his conscience. Finally, he decided he could not keep the money despite having been robbed. He advertised in newspapers and on radio, saying: ""I'm trying to find the man who robbed me. I have 60 million for him--- a lottery win. Please meet me. Anonymity  guaranteed.""
    Professor Sabbatucci received hundreds of calls from people hoping to trick him into handing them the cash. But there was one voice he recognized--- and he arranged to meet the man in a park. The robber, a 35-year-old unemployed father of two, gave back the suitcase and burst into tears. He could not believe what was happening. ""Why didn't you keep the money?"" he asked. The professor replied:"" I couldn't because it's not mine."" Then he walked off, spurning the thief's offer of a reward.",hoped to get the money,The victims called the professor to get a hint.,The victims called the professor to get a hint.,False,"You are a helpful and knowledgeable tutor.
Answer the following question clearly and concisely, in 2-4 sentences.

Question: Hundreds of people phoned professor Sabbatucci because they   _  .
Context: A thief who dropped a winning lottery ticket at the scene of his crime has been given a lesson in honesty. His victim, who picked up the ticket, then claimed the PS25000 prize, managed to trace him, and handed over the cash. The robbery happened when maths professor Vinicio Sabbatucci,58, was changing a tyre on an Italian motorway. Another motorist, who stopped  ""to help"", stole a suitcase from his car and drove off. The professor found the dropped ticket and put it in his pocket before driving home to Ascoli in eastern Italy.
    Next day, he saw the lottery results on TV and, taking out the ticket, realized it was a winner. He claimed the 60 million lire  prize. Then he began a battle with his conscience. Finally, he decided he could not keep the money despite having been robbed. He advertised in newspapers and on radio, saying: ""I'm trying to find the man who robbed me. I have 60 million for him--- a lottery win. Please meet me. Anonymity  guaranteed.""
    Professor Sabbatucci received hundreds of calls from people hoping to trick him into handing them the cash. But there was one voice he recognized--- and he arranged to meet the man in a park. The robber, a 35-year-old unemployed father of two, gave back the suitcase and burst into tears. He could not believe what was happening. ""Why didn't you keep the money?"" he asked. The professor replied:"" I couldn't because it's not mine."" Then he walked off, spurning the thief's offer of a reward.
Answer:",1.7,200,2026-09-29T20:48:30.984663,0.2857,0.9013,2,0.25,0.479
race_0002,RACE,reading_comprehension,deepseek-r1:1.5b,How does a fault form?,"People in Mutsuhito, Japan, lived through one hundreds, and sometimes thousands, a day.But they couldn't get used to it.
What was it? It was a string of earthquakes that made the small town shake all the time.This went on for more than a year.Sometimes the quakes were very small.Only certain instruments could pick them up.At other times, the quakes damaged houses and land.The people were always afraid.They wished they knew how to stop the ground from shaking.
People all over the world would like to know when an earthquake is coming.But an earthquake is almost always a surprise.Under the surface of the Earth, huge blocks of rock drift apart or slide against each other.The ground above splits apart or rumbles and shakes.
Some scientists hope to predict quakes by keeping a close watch on animals.It seems that some animals can sense an earthquake coming.In 1969, animals in a Chinese zoo began to act funny one day.Swans flew out of their pond.A panda sat down, covered its eyes with its paws, and groaned.The animals seemed to know that something was about to happen.And it did.An earthquake struck.What was it that the animals sensed? Scientists are trying to find out.
Keeping close track of the Earth's magnetic force in earthquake areas may also help.A few years ago, in Hollister, CA, scientists kept a record of the area's magnetic pull.For one week, the force grew stronger.Then it weakened suddenly.A day later, an earthquake struck.
It may become possible to know when and where an earthquake will happen.But it will be much harder to stop one from happening.
Many scientists think that the Earth's covering is not smooth.They say the earth's ""skin"" is made up of huge puzzle pieces called plates.Land and ocean floors make up these huge plates.Under the Earth's crust  , or plates, is hot rock.The plates float on top of this rock.Sometimes the rock forces its way through the crust.What happens then? A volcano is born! More often, the rock moves and forces the plates to pull away from each other, causing earthquakes to happen.(Volcanoes and earthquakes often go together.)
Sometimes, the plates end up on top of each other.When this happens, the land above may look strange.Seen from the air, there seems to be a long scar in the Earth.This is called a fault  .The areas along faults have more earthquakes than other parts of the Earth.
For now, we'll just have to shake along with the Earth.It goes through millions of small earthquakes every year.With luck, you won't feel a thing!",When the plates end up on top of each other.,"A fault forms when tectonic plates move, causing the Earth's crust to break into two parts. This movement results in the formation of a fault, which is the site where an earthquake occurs. The fault is the result of the tectonic plates moving, leading to stress and the release of energy during an earthquake.","A fault forms when tectonic plates move, causing the Earth's crust to break into two parts. This movement results in the formation of a fault, which is the site where an earthquake occurs. The fault is the result of the tectonic plates moving, leading to stress and the release of energy during an earthquake.",False,"You are a helpful and knowledgeable tutor.
Answer the following question clearly and concisely, in 2-4 sentences.

Question: How does a fault form?
Context: People in Mutsuhito, Japan, lived through one hundreds, and sometimes thousands, a day.But they couldn't get used to it.
What was it? It was a string of earthquakes that made the small town shake all the time.This went on for more than a year.Sometimes the quakes were very small.Only certain instruments could pick them up.At other times, the quakes damaged houses and land.The people were always afraid.They wished they knew how to stop the ground from shaking.
People all over the world would like to know when an earthquake is coming.But an earthquake is almost always a surprise.Under the surface of the Earth, huge blocks of rock drift apart or slide against each other.The ground above splits apart or rumbles and shakes.
Some scientists hope to predict quakes by keeping a close watch on animals.It seems that some animals can sense an earthquake coming.In 1969, animals in a Chinese zoo began to act funny one day.Swans flew out of their pond.A panda sat down, covered its eyes with its paws, and groaned.The animals seemed to know that something was about to happen.And it did.An earthquake struck.What was it that the animals sensed? Scientists are trying to find out.
Keeping close track of the Earth's magnetic force in earthquake areas may also help.A few years ago, in Hollister, CA, scientists kept a record of the area's magnetic pull.For one week, the force grew stronger.Then it weakened suddenly.A day later, an earthquake struck.
It may become possible to know when and where an earthquake will happen.But it will be much harder to stop one from happening.
Many scientists think that the Earth's covering is not smooth.They say the earth's ""skin"" is made up of huge puzzle pieces called plates.Land and ocean floors make up these huge plates.Under the Earth's crust  , or plates, is hot rock.The plates float on top of this rock.Sometimes the rock forces its way through the crust.What happens then? A volcano is born! More often, the rock moves and forces the plates to pull away from each other, causing earthquakes to happen.(Volcanoes and earthquakes often go together.)
Sometimes, the plates end up on top of each other.When this happens, the land above may look strange.Seen from the air, there seems to be a long scar in the Earth.This is called a fault  .The areas along faults have more earthquakes than other parts of the Earth.
For now, we'll just have to shake along with the Earth.It goes through millions of small earthquakes every year.With luck, you won't feel a thing!
Answer:",3.58,425,2026-09-29T20:48:34.571250,0.1231,0.8353,4,0.75,0.5695
race_0003,RACE,reading_comprehension,deepseek-r1:1.5b,Why did the bird-catcher come back to the tortoise?,"Once upon a time a peacock  and a tortoise became great friends. The peacock lived in a tree on the bank of the stream in which the tortoise had his home, and every day the peacock danced near the stream and displayed his gay plumage for the amusement of his friend. 
Unfortunately, one day a bird-catcher caught the peacock and was about to take him away to the market. The unhappy bird begged his captor to allow him to say goodbyeto his friend -- the tortoise. The bird-catcher agreed and took the peacock to the tortoise, who was greatly astonished when he saw his friend become a captive. The tortoise asked the bird-catcher to let the peacock go, but the bird-catcher laughed at his request, saying that was his livelihood. The tortoise then said, ""If I give you a handsome present, will you let my friend go?"" ""Certainly,"" answered the bird-catcher. So the tortoise dived into the water and in a few seconds came up with a handsome pearl. To the bird-catcher's astonishment, the tortoise handed it to him. This was beyond his expectation, and he let the peacock go immediately.
A short time later, the  _ man came back and told the tortoise that he thought he had not been paid enough for the release of his friend, and threatened that unless he received another pearl which matched the first one, he would again catch the peacock. The tortoise, who had already advised his friend to go to a distant place on being set free, was greatly enraged at the greed of this man. ""Well,"" said the tortoise, ""if you insist on having another pearl like that one, give it to me and I will fish you out an exact match for it."" The cupidity of the bird-catcher prevented his reasoning that ""one in the hand is equal to two in the bed of the stream"", and he quickly gave the pearl to the wily tortoise, who swam out with it, saying, ""I am no fool to take one and give two!"" and disappeared immediately, leaving the bird-catcher to be sorry for his greed.",Because he wanted to get one more pearl.,,,False,"You are a helpful and knowledgeable tutor.
Answer the following question clearly and concisely, in 2-4 sentences.

Question: Why did the bird-catcher come back to the tortoise?
Context: Once upon a time a peacock  and a tortoise became great friends. The peacock lived in a tree on the bank of the stream in which the tortoise had his home, and every day the peacock danced near the stream and displayed his gay plumage for the amusement of his friend. 
Unfortunately, one day a bird-catcher caught the peacock and was about to take him away to the market. The unhappy bird begged his captor to allow him to say goodbyeto his friend -- the tortoise. The bird-catcher agreed and took the peacock to the tortoise, who was greatly astonished when he saw his friend become a captive. The tortoise asked the bird-catcher to let the peacock go, but the bird-catcher laughed at his request, saying that was his livelihood. The tortoise then said, ""If I give you a handsome present, will you let my friend go?"" ""Certainly,"" answered the bird-catcher. So the tortoise dived into the water and in a few seconds came up with a handsome pearl. To the bird-catcher's astonishment, the tortoise handed it to him. This was beyond his expectation, and he let the peacock go immediately.
A short time later, the  _ man came back and told the tortoise that he thought he had not been paid enough for the release of his friend, and threatened that unless he received another pearl which matched the first one, he would again catch the peacock. The tortoise, who had already advised his friend to go to a distant place on being set free, was greatly enraged at the greed of this man. ""Well,"" said the tortoise, ""if you insist on having another pearl like that one, give it to me and I will fish you out an exact match for it."" The cupidity of the bird-catcher prevented his reasoning that ""one in the hand is equal to two in the bed of the stream"", and he quickly gave the pearl to the wily tortoise, who swam out with it, saying, ""I am no fool to take one and give two!"" and disappeared immediately, leaving the bird-catcher to be sorry for his greed.
Answer:",4.29,512,2026-09-29T20:48:38.861255,0.0,0.8618,4,0.75,0.5373
race_0004,RACE,reading_comprehension,deepseek-r1:1.5b,What happened to the garden when the author's father was seriously ill?,"Father's Garden
My father was always a good  gardener. One of my earliest memories is standing without shoes in the freshly tilled  soil, my hands blackened from digging in the ground.
As a child, I loved following Dad around in the garden. I remember Dad pushing the tiller  ahead in perfectly straight lines. Dad loved growing all sorts of things: yellow and green onions, watermelons almost as big as me, rows of yellow corn, and our favorite--- red tomatoes.
As I grew into a teenager, I didn't get so excited about gardening with Dad. Instead of magical land of possibility, it had turned into some kind of prison. As Dad grew older, his love for gardening never disappeared. After all the kids were grown and had started families of their own, Dad turned to gardening like never before. Even when he was diagnosed with cancer, he still took care of his garden.
But then, the cancer, bit by bit, invaded his body. I had to do the things he used to do. What really convinced me that Dad was dying was the state of his garden that year. The rows and rows of multicolored vegetables were gone. Too tired to weed them, he simply let them be. He only planted tomatoes.
For the first few years after he died, I couldn't even bear to look at anyone's garden without having strong memories pour over me like cold water from a bucket. Three years ago, I decided to plant my own garden and started out with just a few tomatoes. That morning, after breaking up a fair amount of soil, something caught the corner of my eye and I had to smile. It was my eight-year-old son Nathan, happily playing in the freshly tilled soil.",The garden was almost deserted.,"When the author's father was seriously ill, his garden began to disintegrate. The rows of vegetables were gone, and he no longer wanted to keep trying to grow them. He simply planted tomatoes, a prison-like state where the garden was in disintegration.","When the author's father was seriously ill, his garden began to disintegrate. The rows of vegetables were gone, and he no longer wanted to keep trying to grow them. He simply planted tomatoes, a prison-like state where the garden was in disintegration.",False,"You are a helpful and knowledgeable tutor.
Answer the following question clearly and concisely, in 2-4 sentences.

Question: What happened to the garden when the author's father was seriously ill?
Context: Father's Garden
My father was always a good  gardener. One of my earliest memories is standing without shoes in the freshly tilled  soil, my hands blackened from digging in the ground.
As a child, I loved following Dad around in the garden. I remember Dad pushing the tiller  ahead in perfectly straight lines. Dad loved growing all sorts of things: yellow and green onions, watermelons almost as big as me, rows of yellow corn, and our favorite--- red tomatoes.
As I grew into a teenager, I didn't get so excited about gardening with Dad. Instead of magical land of possibility, it had turned into some kind of prison. As Dad grew older, his love for gardening never disappeared. After all the kids were grown and had started families of their own, Dad turned to gardening like never before. Even when he was diagnosed with cancer, he still took care of his garden.
But then, the cancer, bit by bit, invaded his body. I had to do the things he used to do. What really convinced me that Dad was dying was the state of his garden that year. The rows and rows of multicolored vegetables were gone. Too tired to weed them, he simply let them be. He only planted tomatoes.
For the first few years after he died, I couldn't even bear to look at anyone's garden without having strong memories pour over me like cold water from a bucket. Three years ago, I decided to plant my own garden and started out with just a few tomatoes. That morning, after breaking up a fair amount of soil, something caught the corner of my eye and I had to smile. It was my eight-year-old son Nathan, happily playing in the freshly tilled soil.
Answer:",3.06,367,2026-09-29T20:48:41.928782,0.1224,0.8716,4,0.75,0.5813
race_0005,RACE,reading_comprehension,deepseek-r1:1.5b,Which of the following is closest to the main idea of the passage?,"Zoe Chambers was a successful PR(Public Relations) consultant and life was going well -- she had a great job, beautiful flat and a busy social life in London. Then one evening in June last year, she received a text message telling her she was out of work. ""The first two weeks were the most difficult to live through."" she said. ""After everything I'd done for the company, they dismissed me by text! I was so angry and I just didn't feel like looking for another job. I hate everything about the city and my life.""
Then, Zoe received an invitation from an old school friend, Kathy, to come and stay. Kathy and her husband, Huw, had just bought a farm in north-west Wales. Zoe jumped at the chance to spend a weekend away from London, and now, ten months later she is still on the farm.
""The moment I arrived at Kathy's farm, I loved it and I knew I wanted to stay."" said Zoe. ""Everything about my past life suddenly seemed meaningless.""
Zoe has been working on the farm since October of last year and says she has no regrets. ""It's a hard life, physically very tiring."" she says. ""In London 1 was stressed and often mentally exhausted. But this is a good, healthy tiredness. Here, all I need to put me in a good mood is a hot bath and one of Kathy's wonderful dinners.""
Zoe says she has never felt bored on the farm. Every day brings a new experience. Kathy has been teaching her how to ride a horse and she has learnt to drive a tractor. Since Christmas, she has been helping with the lambing -- watching a lamb being born is unbelievable, she says, ""It's one of the most moving experiences I've ever had. I could never go back to city life now.""",A misfortune may turn out a blessing.,"Zoe Chambers moved from a successful PR career in London to a farm life in Wales, where she found a fulfilling and new life. She faced challenges in London but learned valuable skills from the farm experience.","Zoe Chambers moved from a successful PR career in London to a farm life in Wales, where she found a fulfilling and new life. She faced challenges in London but learned valuable skills from the farm experience.",False,"You are a helpful and knowledgeable tutor.
Answer the following question clearly and concisely, in 2-4 sentences.

Question: Which of the following is closest to the main idea of the passage?
Context: Zoe Chambers was a successful PR(Public Relations) consultant and life was going well -- she had a great job, beautiful flat and a busy social life in London. Then one evening in June last year, she received a text message telling her she was out of work. ""The first two weeks were the most difficult to live through."" she said. ""After everything I'd done for the company, they dismissed me by text! I was so angry and I just didn't feel like looking for another job. I hate everything about the city and my life.""
Then, Zoe received an invitation from an old school friend, Kathy, to come and stay. Kathy and her husband, Huw, had just bought a farm in north-west Wales. Zoe jumped at the chance to spend a weekend away from London, and now, ten months later she is still on the farm.
""The moment I arrived at Kathy's farm, I loved it and I knew I wanted to stay."" said Zoe. ""Everything about my past life suddenly seemed meaningless.""
Zoe has been working on the farm since October of last year and says she has no regrets. ""It's a hard life, physically very tiring."" she says. ""In London 1 was stressed and often mentally exhausted. But this is a good, healthy tiredness. Here, all I need to put me in a good mood is a hot bath and one of Kathy's wonderful dinners.""
Zoe says she has never felt bored on the farm. Every day brings a new experience. Kathy has been teaching her how to ride a horse and she has learnt to drive a tractor. Since Christmas, she has been helping with the lambing -- watching a lamb being born is unbelievable, she says, ""It's one of the most moving experiences I've ever had. I could never go back to city life now.""
Answer:",3.14,369,2026-09-29T20:48:45.071808,0.0909,0.8622,4,0.75,0.5677
race_0006,RACE,reading_comprehension,deepseek-r1:1.5b,Which people as a group did best in the honesty tests?,"HOGN KONG--Nine out of 10 Singapore citizens returned dropped wallets with money in them,but in Hone Kong only three out of l0 wallets were returned in an honesty test carried out in Asian cities by Readers Digest .
    Larger cities did worse while in general people in smaller places returned secretly planted wallets,results from the experiment showed.
    Readers Digest secretly scattered 140 wallets all over Asia,each with a name,address and phone number,family pictures,notes and money in it.
    The magazine workers then watched to see what happened.South Koreans in Seoul returned six out of the ten dropped wallets,while those in Inchon returned eight.
    50 percent of Be dropped wallets were returned in Bombay,Bangkok,Taipei and Kajang in Malaysia,with most people saying they would not keep what was not right fully theirs.
    Honesty had little relation to wealth  or status ,as several well-dressed people in a number of cities were observed to walk away without doing anything to get in touch with the rightful owners.
    About 57 percent of the wallets were returned,compared with 58 percent in Europe in a similar experiment and 67 percent in the United States.",People in Singapore.,"Hone Kong had the best honesty in the test, with only 3 out of 10 wallets returned, compared to 57% in other cities. This indicates that Hone Kong had the lowest return rate, showing the highest level of honesty.","Hone Kong had the best honesty in the test, with only 3 out of 10 wallets returned, compared to 57% in other cities. This indicates that Hone Kong had the lowest return rate, showing the highest level of honesty.",False,"You are a helpful and knowledgeable tutor.
Answer the following question clearly and concisely, in 2-4 sentences.

Question: Which people as a group did best in the honesty tests?
Context: HOGN KONG--Nine out of 10 Singapore citizens returned dropped wallets with money in them,but in Hone Kong only three out of l0 wallets were returned in an honesty test carried out in Asian cities by Readers Digest .
    Larger cities did worse while in general people in smaller places returned secretly planted wallets,results from the experiment showed.
    Readers Digest secretly scattered 140 wallets all over Asia,each with a name,address and phone number,family pictures,notes and money in it.
    The magazine workers then watched to see what happened.South Koreans in Seoul returned six out of the ten dropped wallets,while those in Inchon returned eight.
    50 percent of Be dropped wallets were returned in Bombay,Bangkok,Taipei and Kajang in Malaysia,with most people saying they would not keep what was not right fully theirs.
    Honesty had little relation to wealth  or status ,as several well-dressed people in a number of cities were observed to walk away without doing anything to get in touch with the rightful owners.
    About 57 percent of the wallets were returned,compared with 58 percent in Europe in a similar experiment and 67 percent in the United States.
Answer:",2.78,334,2026-09-29T20:48:47.857132,0.0476,0.8632,2,0.25,0.3869
race_0007,RACE,reading_comprehension,deepseek-r1:1.5b,When scientists found that sheep show similar abilities in many ways to humans they may think it   _  .,"Sheep, like turkeys and ostriches, are not considered the cleverest animals. British scientists said last Wednesday human may have underestimated  the woolly creatures. They could be much smarter than we think.
Researchers at the Babraham Institute in Cambridge, southern. England, have shown that animals have a good memory system and are extremely good at recognizing faces--which they think is a sure sign of intelligence.
Behavioral scientist Keith Kendrick and his friends trained 20 sheep to recognize and distinguish  25 pairs of sheep faces and used electrodes  to measure their brain activity, which showed they could remember 50 faces for up to two years.
""If they can do that with faces, the fact is that they have to have reasonable intelligence, otherwise, what is the point of having a system for remembering anything else,"" Kendrick said in an interview.
So hours of seemingly mindless eating grass may not be so mindless after all.
Kendrick believes sheep got their reputation as dumb animals because they live in large groups and do not appear to have much ind
ividuality and are frightened of just about everything.
All animals, including humans, once they are frightened don't tend to show signs of intelligent action,"" he explained.
In research reported in the science journal Nature, Kendrick and his team showed that sheep, like humans, have a specialized system in the brain, which allows them to distinguish between many different faces that look extremely similar.
""The most important findings of the study is that they are able, both from a behavioral point of view and from looking at the way the brain is organized, to remember a large number of faces of individuals for a very long time,"" said Kendrick. ""It is a very strange system. They are showing similar abilities in many ways to humans. """,interesting,"The scientists might think sheep are smarter because they demonstrated face recognition abilities, suggesting a brain system similar to humans, indicating intelligence.","The scientists might think sheep are smarter because they demonstrated face recognition abilities, suggesting a brain system similar to humans, indicating intelligence.",False,"You are a helpful and knowledgeable tutor.
Answer the following question clearly and concisely, in 2-4 sentences.

Question: When scientists found that sheep show similar abilities in many ways to humans they may think it   _  .
Context: Sheep, like turkeys and ostriches, are not considered the cleverest animals. British scientists said last Wednesday human may have underestimated  the woolly creatures. They could be much smarter than we think.
Researchers at the Babraham Institute in Cambridge, southern. England, have shown that animals have a good memory system and are extremely good at recognizing faces--which they think is a sure sign of intelligence.
Behavioral scientist Keith Kendrick and his friends trained 20 sheep to recognize and distinguish  25 pairs of sheep faces and used electrodes  to measure their brain activity, which showed they could remember 50 faces for up to two years.
""If they can do that with faces, the fact is that they have to have reasonable intelligence, otherwise, what is the point of having a system for remembering anything else,"" Kendrick said in an interview.
So hours of seemingly mindless eating grass may not be so mindless after all.
Kendrick believes sheep got their reputation as dumb animals because they live in large groups and do not appear to have much ind
ividuality and are frightened of just about everything.
All animals, including humans, once they are frightened don't tend to show signs of intelligent action,"" he explained.
In research reported in the science journal Nature, Kendrick and his team showed that sheep, like humans, have a specialized system in the brain, which allows them to distinguish between many different faces that look extremely similar.
""The most important findings of the study is that they are able, both from a behavioral point of view and from looking at the way the brain is organized, to remember a large number of faces of individuals for a very long time,"" said Kendrick. ""It is a very strange system. They are showing similar abilities in many ways to humans. ""
Answer:",1.99,235,2026-09-29T20:48:49.849934,0.0,0.8177,4,0.75,0.5226
race_0008,RACE,reading_comprehension,deepseek-r1:1.5b,What can we know about the computer models?,"We might not be alone in the universe. Actually, it may be confirmed as a very crowded place by new computer models developed to help identify habitable planets.
Estimates of places where life can exist have been based on the possibility of them having surface water. But software recently developed by the Aberdeen University allows researchers to identify planets with underground water kept liquid by heat from planets.
Water is fundamental for life and planets too close to the sun lose water to the atmosphere through evaporation. On the other hand, planets located in distant reaches from their star have their surface water locked away as ice.
Sean McMahon, who is carrying out the work, explained: ""Traditionally people have said that if a planet is in this Goldilocks zone--not too hot and not too cold--then it can have liquid water on its surface and be habitable.""
But this concept might change when considering that planets can receive two sources of heat--heat direct from the star and heat generated deep inside the planet.
It is easy to observe it in our own planet. As you go down through the crust   of the Earth, the temperature gets higher and higher. Even when the surface is frozen, water can exist below ground.
There could be immense quantities of water in fact--full of primitive life.
Professor John Parnell, also from Aberdeen University said: ""There is a significant habitat for microorganisms below the surface of the Earth, extending down several kilometres"".
""And some believe that the majority of life on Earth could even reside in this deep biosphere.""
So the Aberdeen team are developing models to predict which distant planets might harbour underground reservoirs of liquid water with the possibility of alien life.",They will help identify planets where there is life.,"Computer models are simulations that use data and algorithms to predict outcomes, such as where water can exist on a planet. In the context of identifying habitable planets, these models help predict the presence of liquid water, considering both direct heat from the star and heat generated deep inside the planet. Traditional models focused on the Goldilocks zone, but recent models show that water can exist deeper in the Earth's crust, even when the surface is frozen. This suggests that life might be more widespread than previously thought, with some life forms potentially living in deep Earth layers.","Computer models are simulations that use data and algorithms to predict outcomes, such as where water can exist on a planet. In the context of identifying habitable planets, these models help predict the presence of liquid water, considering both direct heat from the star and heat generated deep inside the planet. Traditional models focused on the Goldilocks zone, but recent models show that water can exist deeper in the Earth's crust, even when the surface is frozen. This suggests that life might be more widespread than previously thought, with some life forms potentially living in deep Earth layers.",False,"You are a helpful and knowledgeable tutor.
Answer the following question clearly and concisely, in 2-4 sentences.

Question: What can we know about the computer models?
Context: We might not be alone in the universe. Actually, it may be confirmed as a very crowded place by new computer models developed to help identify habitable planets.
Estimates of places where life can exist have been based on the possibility of them having surface water. But software recently developed by the Aberdeen University allows researchers to identify planets with underground water kept liquid by heat from planets.
Water is fundamental for life and planets too close to the sun lose water to the atmosphere through evaporation. On the other hand, planets located in distant reaches from their star have their surface water locked away as ice.
Sean McMahon, who is carrying out the work, explained: ""Traditionally people have said that if a planet is in this Goldilocks zone--not too hot and not too cold--then it can have liquid water on its surface and be habitable.""
But this concept might change when considering that planets can receive two sources of heat--heat direct from the star and heat generated deep inside the planet.
It is easy to observe it in our own planet. As you go down through the crust   of the Earth, the temperature gets higher and higher. Even when the surface is frozen, water can exist below ground.
There could be immense quantities of water in fact--full of primitive life.
Professor John Parnell, also from Aberdeen University said: ""There is a significant habitat for microorganisms below the surface of the Earth, extending down several kilometres"".
""And some believe that the majority of life on Earth could even reside in this deep biosphere.""
So the Aberdeen team are developing models to predict which distant planets might harbour underground reservoirs of liquid water with the possibility of alien life.
Answer:",2.97,354,2026-09-29T20:48:52.822307,0.0741,0.8649,4,0.75,0.563
race_0009,RACE,reading_comprehension,deepseek-r1:1.5b,Which of the following statements about the loan is right?,"The day the letter arrived from my university telling me how much I owed them for my first semester, I felt a lump forming in my throat. I hadn't even started my degree and already I was in debt. But although the sum was unsettling, I had peace of mind: I had taken out a loan that would cover the next three years of tuition fees and living expenses.
A government body in the UK, the Student Loans Company, provides loans to students whose parents cannot afford to cover the costs themselves. Students forward this amount to the university in advance and agree to repay the loan when they begin their first job. For me, it was a lot of money -around &6,000(60,860 Yuan) per year in total -and much more than I had ever been responsible for. I would receive a couple of thousand pounds per semester -half for tuition fees, half for living costs. 
Even though I will be paying off my debt for a long time, I don't regret my decision. 
Having a loan taught me a lot about money management, which I would not have learned otherwise. Each term I paid my tuition fees in one payment, but I also received my loan for living costs in one payment. It was up to me to organize how I would spend this. 
I divided the amount to calculate my weekly budget and it was important that I tried not to overspend. I had to be disciplined and keep a close eye on my expenditure. Food, clothes and going out are the main things students spend money on. 
With a loan, students have total financial freedom. Instead of having someone looking over their shoulder, they must make every financial decision for themselves. 
This year, university fees were tripled. But when it comes to money management, perhaps this generation will be the smartest yet.",It's well beyond what the author could be responsible for.,"The correct statements about the loan are:

1. The loan is specifically for students whose parents cannot afford to cover the costs","The correct statements about the loan are:

1. The loan is specifically for students whose parents cannot afford to cover the costs",False,"You are a helpful and knowledgeable tutor.
Answer the following question clearly and concisely, in 2-4 sentences.

Question: Which of the following statements about the loan is right?
Context: The day the letter arrived from my university telling me how much I owed them for my first semester, I felt a lump forming in my throat. I hadn't even started my degree and already I was in debt. But although the sum was unsettling, I had peace of mind: I had taken out a loan that would cover the next three years of tuition fees and living expenses.
A government body in the UK, the Student Loans Company, provides loans to students whose parents cannot afford to cover the costs themselves. Students forward this amount to the university in advance and agree to repay the loan when they begin their first job. For me, it was a lot of money -around &6,000(60,860 Yuan) per year in total -and much more than I had ever been responsible for. I would receive a couple of thousand pounds per semester -half for tuition fees, half for living costs. 
Even though I will be paying off my debt for a long time, I don't regret my decision. 
Having a loan taught me a lot about money management, which I would not have learned otherwise. Each term I paid my tuition fees in one payment, but I also received my loan for living costs in one payment. It was up to me to organize how I would spend this. 
I divided the amount to calculate my weekly budget and it was important that I tried not to overspend. I had to be disciplined and keep a close eye on my expenditure. Food, clothes and going out are the main things students spend money on. 
With a loan, students have total financial freedom. Instead of having someone looking over their shoulder, they must make every financial decision for themselves. 
This year, university fees were tripled. But when it comes to money management, perhaps this generation will be the smartest yet.
Answer:",4.22,512,2026-09-29T20:48:57.049752,0.1212,0.8513,4,0.75,0.5742
race_0010,RACE,reading_comprehension,deepseek-r1:1.5b,"If you bring your seven-year-old sister to the cinema, which of the following film should you avoid?",Have you got any wonderful plans for your coming winter vacation? Here are some wonderful films for you to kill time.,Orphan.,"The films to avoid are ""The Lion King,"" ""Pulp Fiction,"" ""Inception,"" and ""The Dark Knight"" due to their violent content and complexity, which may not be suitable for a seven-year-old.","The films to avoid are ""The Lion King,"" ""Pulp Fiction,"" ""Inception,"" and ""The Dark Knight"" due to their violent content and complexity, which may not be suitable for a seven-year-old.",False,"You are a helpful and knowledgeable tutor.
Answer the following question clearly and concisely, in 2-4 sentences.

Question: If you bring your seven-year-old sister to the cinema, which of the following film should you avoid?
Context: Have you got any wonderful plans for your coming winter vacation? Here are some wonderful films for you to kill time.
Answer:",3.95,488,2026-09-29T20:49:00.999430,0.0,0.8549,4,0.75,0.535
race_0011,RACE,reading_comprehension,deepseek-r1:1.5b,Which of the following statements is NOT true according to the passage?,"Are you a big fan of pirate  stories? Do you know how to talk like a pirate? You can have fun on September 19th. This special holiday is called International Talk Like A Pirate Day. It was invented in 1995 by two young Americans, John Baur and Mark Summers.
These two good friends came up with this idea when they were playing racquetball, and began to talk like pirates. At that moment, they thought, ""Young people are interested in pirate, but there is no such a chance for people to get together to share it. Why not have a day when everybody talks like a pirate?"" They decided to make September 19th the date. Since then, Baur and Summers have tried hard to promote Talk Like A Pirate Day. As Baur said, ""We've talked like pirates, and encouraged several of our friends to do so every September 19th.""
At first, this day was only known by a few people. In 2002, Baur and Summers sent a letter about their invented holiday to Dave Barry. This columnist really liked their idea. He promoted the holiday and made it known to more and more people. Now, it has really become an international holiday. On Talk Like A Pirate Day, you need to dress like a pirate. You should wear a big hat or maybe cover one of your eyes. You can pretend to be any kind of pirate that you can find in any story or movie.
Having fun and being relaxed are not the only best things about the holiday. Young people share the same interest and childhood dreams that day. That's why it is welcomed by so many people, especially young people.
Unlike traditional holidays, International Talk Like A Pirate Day is a brand new holiday which is invented by the youth themselves and celebrated by themselves too. Because of Baur and Summers' imagination and creativity, thousands of young people's pirate dream come true. Next time, when you have a good idea, why not share it with your fiends and insist on your belief? Maybe you can create another wonderful holiday for the youth in the future.",The holiday has been popular since the birth of it.,,,False,"You are a helpful and knowledgeable tutor.
Answer the following question clearly and concisely, in 2-4 sentences.

Question: Which of the following statements is NOT true according to the passage?
Context: Are you a big fan of pirate  stories? Do you know how to talk like a pirate? You can have fun on September 19th. This special holiday is called International Talk Like A Pirate Day. It was invented in 1995 by two young Americans, John Baur and Mark Summers.
These two good friends came up with this idea when they were playing racquetball, and began to talk like pirates. At that moment, they thought, ""Young people are interested in pirate, but there is no such a chance for people to get together to share it. Why not have a day when everybody talks like a pirate?"" They decided to make September 19th the date. Since then, Baur and Summers have tried hard to promote Talk Like A Pirate Day. As Baur said, ""We've talked like pirates, and encouraged several of our friends to do so every September 19th.""
At first, this day was only known by a few people. In 2002, Baur and Summers sent a letter about their invented holiday to Dave Barry. This columnist really liked their idea. He promoted the holiday and made it known to more and more people. Now, it has really become an international holiday. On Talk Like A Pirate Day, you need to dress like a pirate. You should wear a big hat or maybe cover one of your eyes. You can pretend to be any kind of pirate that you can find in any story or movie.
Having fun and being relaxed are not the only best things about the holiday. Young people share the same interest and childhood dreams that day. That's why it is welcomed by so many people, especially young people.
Unlike traditional holidays, International Talk Like A Pirate Day is a brand new holiday which is invented by the youth themselves and celebrated by themselves too. Because of Baur and Summers' imagination and creativity, thousands of young people's pirate dream come true. Next time, when you have a good idea, why not share it with your fiends and insist on your belief? Maybe you can create another wonderful holiday for the youth in the future.
Answer:",4.24,512,2026-09-29T20:49:05.246350,0.0,0.8644,4,0.75,0.5381
race_0012,RACE,reading_comprehension,deepseek-r1:1.5b,Some people keep healthy lifestyle but die younger than others because   _  .,"A new international study shows that some people's biological clock plays a powerful role for their life expectancy, regardless of lifestyle choices.
Published in the latest issue ofAgingon Wednesday, the study has found the most definitive evidence to explain why some people keep healthy lifestyle but die younger than others.
Geneticist Steve Horvath from the University of California, Los Angeles (UCLA), led a team of 65 scientists around the world to record age-related changes to human DNA, analyse blood samples collected from 13, 000 people and estimate their lifespan.
A higher biological age, regardless of actual age, consistently predicts an earlier death, the study says.
""You get people who are vegan, sleep 10 hours a day, have a low-stress job, and still end up dying young,"" Horvath said in a statement. ""We have shown some people have a faster innate aging rate.""
The findings discovered that 5 percent of the population ages at a faster biological rate, which translated to a roughly 50 percent higher than average risk of death at any age.
""The great hope is that we find anti-aging interventions that would slow your innate aging rate,"" Horvath said, adding that ""this is an important milestone to realizing this dream.""",they ages at a relatively faster biological rate,"The study reveals that higher biological age, regardless of actual age, consistently predicts earlier death. It found that 5% of the population ages at a faster biological rate, which translates to a roughly 50% higher risk of death at any age. The hope is that interventions could slow this innate aging rate.","The study reveals that higher biological age, regardless of actual age, consistently predicts earlier death. It found that 5% of the population ages at a faster biological rate, which translates to a roughly 50% higher risk of death at any age. The hope is that interventions could slow this innate aging rate.",False,"You are a helpful and knowledgeable tutor.
Answer the following question clearly and concisely, in 2-4 sentences.

Question: Some people keep healthy lifestyle but die younger than others because   _  .
Context: A new international study shows that some people's biological clock plays a powerful role for their life expectancy, regardless of lifestyle choices.
Published in the latest issue ofAgingon Wednesday, the study has found the most definitive evidence to explain why some people keep healthy lifestyle but die younger than others.
Geneticist Steve Horvath from the University of California, Los Angeles (UCLA), led a team of 65 scientists around the world to record age-related changes to human DNA, analyse blood samples collected from 13, 000 people and estimate their lifespan.
A higher biological age, regardless of actual age, consistently predicts an earlier death, the study says.
""You get people who are vegan, sleep 10 hours a day, have a low-stress job, and still end up dying young,"" Horvath said in a statement. ""We have shown some people have a faster innate aging rate.""
The findings discovered that 5 percent of the population ages at a faster biological rate, which translated to a roughly 50 percent higher than average risk of death at any age.
""The great hope is that we find anti-aging interventions that would slow your innate aging rate,"" Horvath said, adding that ""this is an important milestone to realizing this dream.""
Answer:",2.76,333,2026-09-29T20:49:08.007159,0.2,0.872,4,0.75,0.6073
race_0013,RACE,reading_comprehension,deepseek-r1:1.5b,"According to the passage, who was most known for comedy in China?","America's child movie star Shirley Temple Black died late Monday evening at the age of 85. Her fans in China are also deeply saddened. Temple is just one example of movie stars that China adored, and still adores. Here's our editor's pick of the top movie stars who have influenced China.
1. Sylvester Stallone
Oh, Rambo! The first strong American man that China knew. His accented English, easily recognizable even for someone who doesn't speak English, and his eyes that never seemed to smile, makes him someone whom cannot be forgotten. He represented the strong American image, and even stirred a boxing and bodybuilding fever in China.
2.Charlie Chaplin (April 16, 1889 - December 25, 1977)
In the 20th century, it is not too much to say that Einstein made the greatest contributions to science, and not many would disagree that Chaplin did the same for film. He was the first actor that introduced comedy to most Chinese viewers, and politically, he was also a close friend of China's. His silent films broke the barrier of language and his form of art was recognized by all. It will be a difficult task to find a person in China who does not recognize Chaplin, even today.
3. Shirley Temple ( April 23, 1928 - February 10, 2014)
When Chinese audiences saw this adorable child star for the first time on screen, Shirley Temple had already lived for more than half a century. In her movies, she was always alone or in trouble, but this adorable little blonde  could always resolve anything with her kindness, push away the fogginess and bring about light. The brand ""Shirley Temple"" was a product of the Great Depression. People watched her act to forget their hardships as Temple entertained the poor, the rich, adults and children alike. Several decades later, when her films were screened in China, the effects were the same.
4. Audrey Hepburn( May 4, 1929 - January 20, 1993)
She will forever be the princess in Chinese people's hearts. Even to this day, a large number of tourists go to Rome to visit the Mouth of Truth with their lovers and eat ice cream on the Spanish Steps. Her sense of style seems to never go out of style. When she was alive, she was living perfection. Even after her death, she has remained an _ . That's something that only Audrey Hepburn is capable of.",Charlie Chaplin,"According to the passage, the most known for comedy in China is **Charlie Chaplin**, as he was the first actor to introduce comedy to most Chinese viewers.","According to the passage, the most known for comedy in China is **Charlie Chaplin**, as he was the first actor to introduce comedy to most Chinese viewers.",False,"You are a helpful and knowledgeable tutor.
Answer the following question clearly and concisely, in 2-4 sentences.

Question: According to the passage, who was most known for comedy in China?
Context: America's child movie star Shirley Temple Black died late Monday evening at the age of 85. Her fans in China are also deeply saddened. Temple is just one example of movie stars that China adored, and still adores. Here's our editor's pick of the top movie stars who have influenced China.
1. Sylvester Stallone
Oh, Rambo! The first strong American man that China knew. His accented English, easily recognizable even for someone who doesn't speak English, and his eyes that never seemed to smile, makes him someone whom cannot be forgotten. He represented the strong American image, and even stirred a boxing and bodybuilding fever in China.
2.Charlie Chaplin (April 16, 1889 - December 25, 1977)
In the 20th century, it is not too much to say that Einstein made the greatest contributions to science, and not many would disagree that Chaplin did the same for film. He was the first actor that introduced comedy to most Chinese viewers, and politically, he was also a close friend of China's. His silent films broke the barrier of language and his form of art was recognized by all. It will be a difficult task to find a person in China who does not recognize Chaplin, even today.
3. Shirley Temple ( April 23, 1928 - February 10, 2014)
When Chinese audiences saw this adorable child star for the first time on screen, Shirley Temple had already lived for more than half a century. In her movies, she was always alone or in trouble, but this adorable little blonde  could always resolve anything with her kindness, push away the fogginess and bring about light. The brand ""Shirley Temple"" was a product of the Great Depression. People watched her act to forget their hardships as Temple entertained the poor, the rich, adults and children alike. Several decades later, when her films were screened in China, the effects were the same.
4. Audrey Hepburn( May 4, 1929 - January 20, 1993)
She will forever be the princess in Chinese people's hearts. Even to this day, a large number of tourists go to Rome to visit the Mouth of Truth with their lovers and eat ice cream on the Spanish Steps. Her sense of style seems to never go out of style. When she was alive, she was living perfection. Even after her death, she has remained an _ . That's something that only Audrey Hepburn is capable of.
Answer:",2.5,293,2026-09-29T20:49:10.509904,0.1379,0.8804,4,0.75,0.5894
race_0014,RACE,reading_comprehension,deepseek-r1:1.5b,What can be the best title of the passage?,"John and Booby joined a wholesale company together just after graduation from college the same year. Both worked very hard. After several years, however, the boss promoted Bobby to the position of manager but John remained an ordinary employee . John could not take it any more, so he sent his resignation  and complained that the boss did not value hard working workers but only promoted those who said good words of him.
The boss knew that John worked very hard for the years. He thought for a moment and said, ""Thank you for telling me, but I have a request. I hope you will do one more thing for our company before you leave. Perhaps you will change your mind and take back your resignation.""
John agreed. The boss asked him to go and find out anyone selling watermelons in the market. John went and returned soon. He said he had found out a man selling watermelons. The boss asked how much per kg, John shook his head and went back to the market to ask and returned to tell the boss $1.2 per kg.
The boss told John to wait a second, and he called Bobby to go and find anyone selling watermelons in the market. Bobby went, returned and said only one person sold watermelons. $1.2 for a kg, $10 for 10kg and his watermelons added up to 340. On the table 58 melons, every melon weighs about 2 kg, bought from the south two days ago and they were fresh, red and good quality.
John was surprised and realized the difference between himself and Bobby. He decided not to go away but to learn from Bobby.
The story tells us that a more successful person is more concerned and thinks more. Chances are there in the daily details. For the same thing, a person sees one year ahead, while another sees only tomorrow. The difference between a year and a day is 365 times, how could you win?","More Concerned, More Successful","""The Power of Seeing the Future""","""The Power of Seeing the Future""",False,"You are a helpful and knowledgeable tutor.
Answer the following question clearly and concisely, in 2-4 sentences.

Question: What can be the best title of the passage?
Context: John and Booby joined a wholesale company together just after graduation from college the same year. Both worked very hard. After several years, however, the boss promoted Bobby to the position of manager but John remained an ordinary employee . John could not take it any more, so he sent his resignation  and complained that the boss did not value hard working workers but only promoted those who said good words of him.
The boss knew that John worked very hard for the years. He thought for a moment and said, ""Thank you for telling me, but I have a request. I hope you will do one more thing for our company before you leave. Perhaps you will change your mind and take back your resignation.""
John agreed. The boss asked him to go and find out anyone selling watermelons in the market. John went and returned soon. He said he had found out a man selling watermelons. The boss asked how much per kg, John shook his head and went back to the market to ask and returned to tell the boss $1.2 per kg.
The boss told John to wait a second, and he called Bobby to go and find anyone selling watermelons in the market. Bobby went, returned and said only one person sold watermelons. $1.2 for a kg, $10 for 10kg and his watermelons added up to 340. On the table 58 melons, every melon weighs about 2 kg, bought from the south two days ago and they were fresh, red and good quality.
John was surprised and realized the difference between himself and Bobby. He decided not to go away but to learn from Bobby.
The story tells us that a more successful person is more concerned and thinks more. Chances are there in the daily details. For the same thing, a person sees one year ahead, while another sees only tomorrow. The difference between a year and a day is 365 times, how could you win?
Answer:",2.97,354,2026-09-29T20:49:13.489285,0.0,0.875,4,0.75,0.5417
race_0015,RACE,reading_comprehension,deepseek-r1:1.5b,Having two eyes instead of one is particularly useful for  _  .,"When we see well, we do not think about our eyes very often. It is only when we cannot see perfectly that we realize how important our eyes are.
People who are near-sighted can only see things that are very close to their eyes. Everything else seems blurry (unclear). Many people who do a lot of work, such as writing, reading and sewing become near--sighted.
People who are far-sighted _ from just the opposite problem. They can see things that are far away, but they have difficulty in reading a book unless they hold it at arm's length. If they want to do much reading, they must get glasses, too.
Other people do not see clearly because their eyes are not exactly the right shape. They have what is called astigmatism  . This, too, can be corrected by glasses. Some people's eyes become cloudy because of cataracts  . Long ago these people often became blind. Now, however, it is possible to operate on the cataracts and remove them.
Having two good eyes is important for judging distances. Each eye sees things from a slightly different angle. To prove this to yourself, look at an object out of one eye; then look at the same object out of your other eye. You will find the object's relation to the background and other things around it has changed. The difference between these two different eye views helps us to judge how far away an object is. People who have only one eye cannot judge distance as people with two eyes.",judging distances,"Having two good eyes is particularly useful for judging distances because each eye provides a slightly different perspective, and combining both helps in accurately determining how far something is.","Having two good eyes is particularly useful for judging distances because each eye provides a slightly different perspective, and combining both helps in accurately determining how far something is.",False,"You are a helpful and knowledgeable tutor.
Answer the following question clearly and concisely, in 2-4 sentences.

Question: Having two eyes instead of one is particularly useful for  _  .
Context: When we see well, we do not think about our eyes very often. It is only when we cannot see perfectly that we realize how important our eyes are.
People who are near-sighted can only see things that are very close to their eyes. Everything else seems blurry (unclear). Many people who do a lot of work, such as writing, reading and sewing become near--sighted.
People who are far-sighted _ from just the opposite problem. They can see things that are far away, but they have difficulty in reading a book unless they hold it at arm's length. If they want to do much reading, they must get glasses, too.
Other people do not see clearly because their eyes are not exactly the right shape. They have what is called astigmatism  . This, too, can be corrected by glasses. Some people's eyes become cloudy because of cataracts  . Long ago these people often became blind. Now, however, it is possible to operate on the cataracts and remove them.
Having two good eyes is important for judging distances. Each eye sees things from a slightly different angle. To prove this to yourself, look at an object out of one eye; then look at the same object out of your other eye. You will find the object's relation to the background and other things around it has changed. The difference between these two different eye views helps us to judge how far away an object is. People who have only one eye cannot judge distance as people with two eyes.
Answer:",3.02,366,2026-09-29T20:49:16.511381,0.129,0.8604,4,0.75,0.5798
race_0016,RACE,reading_comprehension,deepseek-r1:1.5b,It can be inferred from the passage that this girl   _  .,"This girl is almost without shelter. She may not realize it, but she's more exposed to the world than she's ever likely to be again. And it isn't because she's a girl. It could be a boy. It could be you.
But why is she 'shelter less ? She s got a place to live in quite a pleasant place by the look of it and if shelter .
Doesn't' t mean a house, then what does it mean? When we say someone ""lives a sheltered life"" , we don't only mean that their house is comfortable. We mean that they're protected from too many worries and troubles, that they live in a settled home, probably surrounded by friends and family, and that they don't have to cope with the difficulties the world is full of alone.
Certainly no one would say that this girl was leading a sheltered life; she's leaving home to earn her living in a strange city and live by herself in a bed sitter. She may be just as well protected physically as a ""sheltered life"" person, but she's lost all the other shelters in her life--family, friends, the home she grew up in, school, the groups she belonged to. She s on her own now and unless she's very self-reliant , she's likely to feel unhappy and insecure at times.
A young person setting out on her own like this is between the two main kinds of shelter most of us spend our lives in. One is our parents home where we grow up, and the other is the home we make ourselves and where we bring up our own children. For most people the time they spend between or outside these two shelters is only a small part of their lives.",is probably going to feel lonely,"The girl is likely living in a sheltered place, possibly in a somewhat uncomfortable or unsafe environment. She may not have much support or safety around her, dealing with stress and uncertainty due to living on her own and in a different environment.","The girl is likely living in a sheltered place, possibly in a somewhat uncomfortable or unsafe environment. She may not have much support or safety around her, dealing with stress and uncertainty due to living on her own and in a different environment.",False,"You are a helpful and knowledgeable tutor.
Answer the following question clearly and concisely, in 2-4 sentences.

Question: It can be inferred from the passage that this girl   _  .
Context: This girl is almost without shelter. She may not realize it, but she's more exposed to the world than she's ever likely to be again. And it isn't because she's a girl. It could be a boy. It could be you.
But why is she 'shelter less ? She s got a place to live in quite a pleasant place by the look of it and if shelter .
Doesn't' t mean a house, then what does it mean? When we say someone ""lives a sheltered life"" , we don't only mean that their house is comfortable. We mean that they're protected from too many worries and troubles, that they live in a settled home, probably surrounded by friends and family, and that they don't have to cope with the difficulties the world is full of alone.
Certainly no one would say that this girl was leading a sheltered life; she's leaving home to earn her living in a strange city and live by herself in a bed sitter. She may be just as well protected physically as a ""sheltered life"" person, but she's lost all the other shelters in her life--family, friends, the home she grew up in, school, the groups she belonged to. She s on her own now and unless she's very self-reliant , she's likely to feel unhappy and insecure at times.
A young person setting out on her own like this is between the two main kinds of shelter most of us spend our lives in. One is our parents home where we grow up, and the other is the home we make ourselves and where we bring up our own children. For most people the time they spend between or outside these two shelters is only a small part of their lives.
Answer:",3.05,366,2026-09-29T20:49:19.565067,0.0816,0.8551,4,0.75,0.5622
race_0017,RACE,reading_comprehension,deepseek-r1:1.5b,"If nobody answers you after your signal, what should you do then?","If you go into the woods with your friends, stay with them. If you don't, you may get lost. If you do get lost, this is what you should do.
Sit down and stay where you are. Don't try to find your friends -- let them find you. You can help them to find you by staying in one place.
There is another way to help your friends or other people nearby to find you. Give them a signal by shouting or whistling three times. Stop. Then shout or whistle three times again. Any signal given three times is a call for help. You will be helped by others.
Keep up the shouting or whistling, always three times together. When people hear you, they will know that you are not just making noise for fun. They will let you know they have heard your signal. They will give two shouts, two whistles or two gunshots. When a signal is given twice, it is an answer to a call for help.
If you don't think that you will get help before night comes, try to make a little house and cover up the holes with branches with lots of leaves and grass. What should you do if you get hungry or need to drink some water? You should have to leave your little branch house to look for a brook. Don't just walk away. Pick off small branches and drop them as you walk so that you can find your way back.
The most important thing to do when you are lost is -- stay in one place.",Make a house.,"If someone is lost and nobody answers your signal, stay in your current location. Do not try to find your friends; instead, use the signal method to help others. If needed, build a small house and find a water source. Stay in one place.","If someone is lost and nobody answers your signal, stay in your current location. Do not try to find your friends; instead, use the signal method to help others. If needed, build a small house and find a water source. Stay in one place.",False,"You are a helpful and knowledgeable tutor.
Answer the following question clearly and concisely, in 2-4 sentences.

Question: If nobody answers you after your signal, what should you do then?
Context: If you go into the woods with your friends, stay with them. If you don't, you may get lost. If you do get lost, this is what you should do.
Sit down and stay where you are. Don't try to find your friends -- let them find you. You can help them to find you by staying in one place.
There is another way to help your friends or other people nearby to find you. Give them a signal by shouting or whistling three times. Stop. Then shout or whistle three times again. Any signal given three times is a call for help. You will be helped by others.
Keep up the shouting or whistling, always three times together. When people hear you, they will know that you are not just making noise for fun. They will let you know they have heard your signal. They will give two shouts, two whistles or two gunshots. When a signal is given twice, it is an answer to a call for help.
If you don't think that you will get help before night comes, try to make a little house and cover up the holes with branches with lots of leaves and grass. What should you do if you get hungry or need to drink some water? You should have to leave your little branch house to look for a brook. Don't just walk away. Pick off small branches and drop them as you walk so that you can find your way back.
The most important thing to do when you are lost is -- stay in one place.
Answer:",2.47,297,2026-09-29T20:49:22.041944,0.0851,0.882,3,0.5,0.489
race_0018,RACE,reading_comprehension,deepseek-r1:1.5b,Which of the following is N0T based on common sense?,"To err is human. To blame the other guy is even more human.
Common sense is not all that common.
Why tell the truth when you can come up with a good excuse?
These three popular misquotes are meant to be jokes, and yet they tell us a lot about human nature .To err, or to make mistakes, is indeed a part of being human, but it seems that most people don't want to accept the responsibility for the problem. Perhaps it is the natural thing to do .The original quote about human nature went like this: "" To err is human, to forgive, divine .""This saying mirrors an ideal people should be forgiving of others' mistakes. Instead, we tend to do the opposite -find someone else to pass the blame on to. However, taking responsibility for something that went wrong is a making of great maturity.
Common sense is what we call clear thought. Having common sense means having a good general plan that will make things work well, and it also means staying with the plan. Common sense tells you that you take an umbrella out into a rainstorm, but you leave the umbrella home when you hear a weather forecast for sunshine.Common sense does not seem to be common for large organizations, because there are so many things going on that one person cannot be in charge of everything. People say that in a large company, ""the right hand does not know what the left hand is doing.""
And what is wrong with a society that thinks that making up a good excuse is like creating a work of art? One of the common problems with making excuses is that people, especially young people, get the idea that it's okay not to be totally honest all the time. There is a corollary to that: if good excuse is ""good"" even if it isn't honest, then where is the place of the truth?",A man tries to take charge of everything in a large company.,"The misquotes are about taking responsibility for mistakes, which is the third option.","The misquotes are about taking responsibility for mistakes, which is the third option.",False,"You are a helpful and knowledgeable tutor.
Answer the following question clearly and concisely, in 2-4 sentences.

Question: Which of the following is N0T based on common sense?
Context: To err is human. To blame the other guy is even more human.
Common sense is not all that common.
Why tell the truth when you can come up with a good excuse?
These three popular misquotes are meant to be jokes, and yet they tell us a lot about human nature .To err, or to make mistakes, is indeed a part of being human, but it seems that most people don't want to accept the responsibility for the problem. Perhaps it is the natural thing to do .The original quote about human nature went like this: "" To err is human, to forgive, divine .""This saying mirrors an ideal people should be forgiving of others' mistakes. Instead, we tend to do the opposite -find someone else to pass the blame on to. However, taking responsibility for something that went wrong is a making of great maturity.
Common sense is what we call clear thought. Having common sense means having a good general plan that will make things work well, and it also means staying with the plan. Common sense tells you that you take an umbrella out into a rainstorm, but you leave the umbrella home when you hear a weather forecast for sunshine.Common sense does not seem to be common for large organizations, because there are so many things going on that one person cannot be in charge of everything. People say that in a large company, ""the right hand does not know what the left hand is doing.""
And what is wrong with a society that thinks that making up a good excuse is like creating a work of art? One of the common problems with making excuses is that people, especially young people, get the idea that it's okay not to be totally honest all the time. There is a corollary to that: if good excuse is ""good"" even if it isn't honest, then where is the place of the truth?
Answer:",2.36,274,2026-09-29T20:49:24.402922,0.08,0.8765,4,0.75,0.5688
race_0019,RACE,reading_comprehension,deepseek-r1:1.5b,What's the function of the paintbrush?,"Do you want to write your password down so that no one can see it, or do you want to send someone a secret message? Knowing how to make an invisible ink message will have you feeling like a secret agent in no time. These are instructions for making invisible ink using baking soda.
Difficulty: Easy
Time required: A few minutes 
What you need:
Baking soda, Paper, Water, Light bulb, Paintbrush, Measuring cup, Purple grape juice
Here's how:
There are at least two methods of using baking soda as invisible ink. Mix equal amounts of water and baking soda.
Use a paintbrush to write a message onto white paper, using the baking soda solution   as ""ink"".
Allow the ink to dry.
One way to read the message is to hold the paper up to a heat source, such as a light bulb. The baking soda will cause the writing in the paper to turn brown.
The second way to read the message is to paint over the paper with purple grape juice. The message will appear in a different color1.
Tips:
If you are using the heating method, avoid burning the paper.
Baking soda and grape juice react in an acid-base   reaction, producing a color1 change in the paper.
Grape juice concentrate   results in a more visible color1 change than regular grape juice.",To write a message onto the white paper.,"The paintbrush is the tool used to apply invisible ink, which is made by mixing baking soda with water.","The paintbrush is the tool used to apply invisible ink, which is made by mixing baking soda with water.",False,"You are a helpful and knowledgeable tutor.
Answer the following question clearly and concisely, in 2-4 sentences.

Question: What's the function of the paintbrush?
Context: Do you want to write your password down so that no one can see it, or do you want to send someone a secret message? Knowing how to make an invisible ink message will have you feeling like a secret agent in no time. These are instructions for making invisible ink using baking soda.
Difficulty: Easy
Time required: A few minutes 
What you need:
Baking soda, Paper, Water, Light bulb, Paintbrush, Measuring cup, Purple grape juice
Here's how:
There are at least two methods of using baking soda as invisible ink. Mix equal amounts of water and baking soda.
Use a paintbrush to write a message onto white paper, using the baking soda solution   as ""ink"".
Allow the ink to dry.
One way to read the message is to hold the paper up to a heat source, such as a light bulb. The baking soda will cause the writing in the paper to turn brown.
The second way to read the message is to paint over the paper with purple grape juice. The message will appear in a different color1.
Tips:
If you are using the heating method, avoid burning the paper.
Baking soda and grape juice react in an acid-base   reaction, producing a color1 change in the paper.
Grape juice concentrate   results in a more visible color1 change than regular grape juice.
Answer:",2.36,283,2026-09-29T20:49:26.768316,0.0741,0.8701,2,0.25,0.3981
race_0020,RACE,reading_comprehension,deepseek-r1:1.5b,We can learn from the text that Mr.Filio  _,"Three years ago when I was still in the University, I also worked at a restaurant.
An old man named Mr. Candido Filio was one of our regular customer at the restaurant. He was one of the most intelligent people I've ever known.
Every Sunday the Philippine Star Newspaper had a special page for word puzzles and among his peers  , Mr.Filio held the record for solving all the puzzles in less than five minutes. He encouraged me to solve them too, and for months and months, I did my best to beat him but failed.
Then one Sunday, I did it! I was able to complete them before anyone else. Everyone cheered for me. He came up to me with a smile and said,  "" No one has ever beaten me before. You are the first. I'll have a prize for you tomorrow.""
The next day, he gave me a special Scrabble set. I would have never been able to afford one like that by myself. Then he said to me,  "" Kate, what do you think is man's final goal in life? Happiness, isn't it? You are happy and that should be considered as a success. Many people spend a lifetime searching for that. Be thankful that you have found it."" I looked at him and knew that my life had changed, probably forever. He must have known that I always felt sad about not having much money.
He encouraged me to learn the game and love words. And true to his words, I was never able to beat him again.",was good at word puzzles,,,False,"You are a helpful and knowledgeable tutor.
Answer the following question clearly and concisely, in 2-4 sentences.

Question: We can learn from the text that Mr.Filio  _
Context: Three years ago when I was still in the University, I also worked at a restaurant.
An old man named Mr. Candido Filio was one of our regular customer at the restaurant. He was one of the most intelligent people I've ever known.
Every Sunday the Philippine Star Newspaper had a special page for word puzzles and among his peers  , Mr.Filio held the record for solving all the puzzles in less than five minutes. He encouraged me to solve them too, and for months and months, I did my best to beat him but failed.
Then one Sunday, I did it! I was able to complete them before anyone else. Everyone cheered for me. He came up to me with a smile and said,  "" No one has ever beaten me before. You are the first. I'll have a prize for you tomorrow.""
The next day, he gave me a special Scrabble set. I would have never been able to afford one like that by myself. Then he said to me,  "" Kate, what do you think is man's final goal in life? Happiness, isn't it? You are happy and that should be considered as a success. Many people spend a lifetime searching for that. Be thankful that you have found it."" I looked at him and knew that my life had changed, probably forever. He must have known that I always felt sad about not having much money.
He encouraged me to learn the game and love words. And true to his words, I was never able to beat him again.
Answer:",4.22,512,2026-09-29T20:49:30.990689,0.0,0.8572,4,0.75,0.5357
race_0021,RACE,reading_comprehension,deepseek-r1:1.5b,What's the best tide for this passage?,"The Internet has become a part of our everyday life and there is nothing we can do without it.It is a means of communication as well as a good way of relieving and having fun.No matter in what place of the world,the Internet is the same for every one of us.
    If we hope to improve our knowledge or look for a certain piece of information, the Internet is the perfect tool for our need.If we do not have the time to shop, ordering online is the solution to our problem.The Internet is very useful to most  people.
    There is no doubt that the Internet also has some bad points.I'm speaking about the harmful information,which may come up in the most unexpected paces.You can sometimes come across violence,presented to the public as a very normal way of expressing beliefs.An intelligent person will always be able to tell apart right and wrong, but what can we do to help the teenagers and children? This sort of information is a cause of many of the violent incidents in schools.
    There are few organization that monitor the Internet and the information on it.They cannot possibly get rid of all the bad things on the Internet.
    So should the Internet be censored for the protection of children? My belief is that parents are the ones who should be to blame for what their children ale doing on the Internet.",Should the Internet be censored?,"The best tide for this passage is neutral. It presents a balanced view of the Internet's role in modern life, acknowledging both its benefits and drawbacks.","The best tide for this passage is neutral. It presents a balanced view of the Internet's role in modern life, acknowledging both its benefits and drawbacks.",False,"You are a helpful and knowledgeable tutor.
Answer the following question clearly and concisely, in 2-4 sentences.

Question: What's the best tide for this passage?
Context: The Internet has become a part of our everyday life and there is nothing we can do without it.It is a means of communication as well as a good way of relieving and having fun.No matter in what place of the world,the Internet is the same for every one of us.
    If we hope to improve our knowledge or look for a certain piece of information, the Internet is the perfect tool for our need.If we do not have the time to shop, ordering online is the solution to our problem.The Internet is very useful to most  people.
    There is no doubt that the Internet also has some bad points.I'm speaking about the harmful information,which may come up in the most unexpected paces.You can sometimes come across violence,presented to the public as a very normal way of expressing beliefs.An intelligent person will always be able to tell apart right and wrong, but what can we do to help the teenagers and children? This sort of information is a cause of many of the violent incidents in schools.
    There are few organization that monitor the Internet and the information on it.They cannot possibly get rid of all the bad things on the Internet.
    So should the Internet be censored for the protection of children? My belief is that parents are the ones who should be to blame for what their children ale doing on the Internet.
Answer:",1.92,230,2026-09-29T20:49:32.910636,0.125,0.8886,4,0.75,0.5879
race_0022,RACE,reading_comprehension,deepseek-r1:1.5b,What can we learn from the passage?,"For a long time now, I've been fascinated by common phrases and their origins- and just why we say what we say. I decided to consult the experts, sort through all the research and compile   the answers. Here are a few of the standouts.
Q: Why do we""tie the knot  ""when we get married?
A: Knots have been a common metaphor   in marriage ceremonies all over the world and through time. The expression means""to unite in manage"".  In the Hindu marriage ceremony, the groom ties a ribbon around the bride's neck. In ancient Rome, the bride wore a belt that was tied in a knot. The groom would then unfasten it on their first night together as husband and wife.
Q: Why do we say""Many happy returns""?
A: The phrase is short for""Many happy returns of the day"", which is to say,""May this day return many times""or""May you have many more birthdays. ""
Q: How about""It's not over till the fat lady sings""? Where does that come from?
A: This expression is usually phrased as""The opera isn't over till the fat lady sings. ""It got its start as a popular saying when it was used by a sportswriter Dan Cook in 1976 to indicate that a sporting contest wouldn't end until time was called.
Q: What's the story of""under the weather,""especially when the weather's just fine?
A: There's probably a nautical   explanation. In days gone by, when people felt seasick, they were told to go below-decks and find a spot in the middle of the ship where the motion would be less noticeable. In that way, they literally took themselves""under the weather.""","""Many happy returns""is often used when people celebrate birthdays.","From the passage, we can learn about the origins and meanings of several phrases. The phrase ""tie the knot"" refers to a wedding ceremony, where a ribbon is tied around the bride's neck. The phrase ""many happy returns"" means ""may this day return many times"" or ""may you have many more birthdays."" The phrase ""it's not over till the fat lady sings"" originates from a sports context, indicating a contest would end when time is called. Lastly, ""under the weather"" explains nautical terms, where people go below decks to feel less noticeable.","From the passage, we can learn about the origins and meanings of several phrases. The phrase ""tie the knot"" refers to a wedding ceremony, where a ribbon is tied around the bride's neck. The phrase ""many happy returns"" means ""may this day return many times"" or ""may you have many more birthdays."" The phrase ""it's not over till the fat lady sings"" originates from a sports context, indicating a contest would end when time is called. Lastly, ""under the weather"" explains nautical terms, where people go below decks to feel less noticeable.",False,"You are a helpful and knowledgeable tutor.
Answer the following question clearly and concisely, in 2-4 sentences.

Question: What can we learn from the passage?
Context: For a long time now, I've been fascinated by common phrases and their origins- and just why we say what we say. I decided to consult the experts, sort through all the research and compile   the answers. Here are a few of the standouts.
Q: Why do we""tie the knot  ""when we get married?
A: Knots have been a common metaphor   in marriage ceremonies all over the world and through time. The expression means""to unite in manage"".  In the Hindu marriage ceremony, the groom ties a ribbon around the bride's neck. In ancient Rome, the bride wore a belt that was tied in a knot. The groom would then unfasten it on their first night together as husband and wife.
Q: Why do we say""Many happy returns""?
A: The phrase is short for""Many happy returns of the day"", which is to say,""May this day return many times""or""May you have many more birthdays. ""
Q: How about""It's not over till the fat lady sings""? Where does that come from?
A: This expression is usually phrased as""The opera isn't over till the fat lady sings. ""It got its start as a popular saying when it was used by a sportswriter Dan Cook in 1976 to indicate that a sporting contest wouldn't end until time was called.
Q: What's the story of""under the weather,""especially when the weather's just fine?
A: There's probably a nautical   explanation. In days gone by, when people felt seasick, they were told to go below-decks and find a spot in the middle of the ship where the motion would be less noticeable. In that way, they literally took themselves""under the weather.""
Answer:",3.13,378,2026-09-29T20:49:36.045329,0.0962,0.8531,3,0.5,0.4831
race_0023,RACE,reading_comprehension,deepseek-r1:1.5b,Which website should you visit if you want to find out whether there exists a hotel under the sea?,"Ariau Amazon Towers
The Ariau Amazon Towers hotel lets you sleep in a tree house. Eight towers make up this hotel that offers over 300 rooms. If you really want to get into the spirit, book the Tarzan Suite which is large enough for a big family. You'll be thirty feet up in the air and can travel between the towers through their wooden walkways.
Prices: starting at $300 one night for each person for a regular room and going all the way up to $3000 for the Tarzan Suite.
For more information, visit the website: http://www.ariautowers.com
The Ice Hotel
Every winter in Jukkasjarvi, Sweden, a special kind of hotel called the Ice Hotel is built. Each year, world-famous artists are invited to design and produce works of art from the ice, many of which can be found in the rooms. You'll have your choice between hot or cold rooms, but you will be well advised to stay at least one night in a cold room for a true experience.
Prices: starting at $318 one night for each person for either a cold room or a warm one.
For more information, visit the website: http://www.icehotel.com
Propeller Island
Propeller Island City Lodge is a very special hotel that was designed by a German artist. Each room provides you with the possibility of living in a work of art. Every single piece of furniture in the thirty rooms of the hotel has been hand-made and each room is completely different. You'll be able to choose a room based on your own personal tastes.
Prices: starting at just $91 a night, and an additional person for only 20 extra dollars.
For more information, visit the website: http://www.propeller-island.com
For information about other cool hotels in the world, visit the website:
http://www.bahamabeachclub.com",http://www.bahamabeachclub.com,,,False,"You are a helpful and knowledgeable tutor.
Answer the following question clearly and concisely, in 2-4 sentences.

Question: Which website should you visit if you want to find out whether there exists a hotel under the sea?
Context: Ariau Amazon Towers
The Ariau Amazon Towers hotel lets you sleep in a tree house. Eight towers make up this hotel that offers over 300 rooms. If you really want to get into the spirit, book the Tarzan Suite which is large enough for a big family. You'll be thirty feet up in the air and can travel between the towers through their wooden walkways.
Prices: starting at $300 one night for each person for a regular room and going all the way up to $3000 for the Tarzan Suite.
For more information, visit the website: http://www.ariautowers.com
The Ice Hotel
Every winter in Jukkasjarvi, Sweden, a special kind of hotel called the Ice Hotel is built. Each year, world-famous artists are invited to design and produce works of art from the ice, many of which can be found in the rooms. You'll have your choice between hot or cold rooms, but you will be well advised to stay at least one night in a cold room for a true experience.
Prices: starting at $318 one night for each person for either a cold room or a warm one.
For more information, visit the website: http://www.icehotel.com
Propeller Island
Propeller Island City Lodge is a very special hotel that was designed by a German artist. Each room provides you with the possibility of living in a work of art. Every single piece of furniture in the thirty rooms of the hotel has been hand-made and each room is completely different. You'll be able to choose a room based on your own personal tastes.
Prices: starting at just $91 a night, and an additional person for only 20 extra dollars.
For more information, visit the website: http://www.propeller-island.com
For information about other cool hotels in the world, visit the website:
http://www.bahamabeachclub.com
Answer:",4.25,512,2026-09-29T20:49:40.296979,0.0,0.8412,4,0.75,0.5304
race_0024,RACE,reading_comprehension,deepseek-r1:1.5b,"With the three books, the Princeton Review aims at   _  .","Law School Essays that Made a Difference
Price: US $ 13.95
Paperback 256 pages
The Princeton Review
ISBN: 0375763457
Face it, and a lot of students have great LSAT scores. The best way for you to stand out in a crowd of applicants to top law schools is to write an exceptional(,) personal statement. This book puts you in the admissions office's seat. It gives you the intimate detailstest scores, GPAs (grade point average), demographic information, and personal statementsof 34 law school hopefuls, then shows you why they got into the colleges they applied to, and why some didn't. It's invaluable information that will help students evaluate  their own chances of admission to the most selective law schools in the United States.
Business School Essays that Made a Difference
Price: US $ 13.95
Paperback 304 pages
The Princeton Review
ISBN: 0375763511
What makes business school applications so brutal  ? For most applicants, it's the number, length, and complexity  of the essays they have to write when applying for a course. Most top schools require multiple essays and this book is your best bet for succeeding with them. It contains: 1. Forty-four real-life essays critiqued   by admissions officers from schools like Tuck, Chicago, and Massachusetts Institute of Technology. 2. Eight case studies of business school applicants saying what worked for them and what did not. 3. Translations of essay questions telling you what they are really asking.
College Essays that Made a Difference
Price: US $ 13.95
Paperback 384 pages
The Princeton Review
ISBN: 0375763449
This book helps students get into the college they want by showing them what essays helped actual students achieve their dreams. The book tells you what colleges want to see using interviews with actual admissions officers. The book has sections on the basics of essay writing--grammar and punctuation (> as well as the sections looking at what topics you should write about and how you should communicate your personality in your work. It finishes by looking at the work of a great many successful applicants to America's top colleges, and some unsuccessful students to tell you what to avoid.",offering guides on the writing of application essays for American universities,The three books aim at guiding students,The three books aim at guiding students,False,"You are a helpful and knowledgeable tutor.
Answer the following question clearly and concisely, in 2-4 sentences.

Question: With the three books, the Princeton Review aims at   _  .
Context: Law School Essays that Made a Difference
Price: US $ 13.95
Paperback 256 pages
The Princeton Review
ISBN: 0375763457
Face it, and a lot of students have great LSAT scores. The best way for you to stand out in a crowd of applicants to top law schools is to write an exceptional(,) personal statement. This book puts you in the admissions office's seat. It gives you the intimate detailstest scores, GPAs (grade point average), demographic information, and personal statementsof 34 law school hopefuls, then shows you why they got into the colleges they applied to, and why some didn't. It's invaluable information that will help students evaluate  their own chances of admission to the most selective law schools in the United States.
Business School Essays that Made a Difference
Price: US $ 13.95
Paperback 304 pages
The Princeton Review
ISBN: 0375763511
What makes business school applications so brutal  ? For most applicants, it's the number, length, and complexity  of the essays they have to write when applying for a course. Most top schools require multiple essays and this book is your best bet for succeeding with them. It contains: 1. Forty-four real-life essays critiqued   by admissions officers from schools like Tuck, Chicago, and Massachusetts Institute of Technology. 2. Eight case studies of business school applicants saying what worked for them and what did not. 3. Translations of essay questions telling you what they are really asking.
College Essays that Made a Difference
Price: US $ 13.95
Paperback 384 pages
The Princeton Review
ISBN: 0375763449
This book helps students get into the college they want by showing them what essays helped actual students achieve their dreams. The book tells you what colleges want to see using interviews with actual admissions officers. The book has sections on the basics of essay writing--grammar and punctuation (> as well as the sections looking at what topics you should write about and how you should communicate your personality in your work. It finishes by looking at the work of a great many successful applicants to America's top colleges, and some unsuccessful students to tell you what to avoid.
Answer:",4.32,512,2026-09-29T20:49:44.616217,0.1111,0.8733,4,0.75,0.5781
race_0025,RACE,reading_comprehension,deepseek-r1:1.5b,Which statement isn't among the reasons why customers are furious?,"Have you heard of the scandal that happened in one of Great Britain's biggest supermarket chains called Tesco? The British love Tesco as it sells very cheap products and it can be found on almost every corner of a British city or town.
On January 15th 2013 food inspectors discovered 30 % horsemeat in a certain brand of frozen beefburgers that were mostly sold by Tesco in the UK and Ireland.
In times of social media like Facebook and Twitter the news has spread fast and customers have been very concerned about what the food they buy actually contains. Tesco said it had taken away the burgers from the shop shelves immediately, and apologized to their customers. They also promised that they would find out what exactly happened and that they would work harder than ever so this would never happen again. Customers are also able to return the beefburgers and get a refund, that is, their money back.
However, it will be hard for Tesco to get the people's trust back. Just imagine buying lovely beefburgers that you fry at home and suddenly you find out that you have actually eaten horsemeat! In this case not only horse lovers will be upset!
By the way, why are British people so shocked about eating horsemeat? In history, horses have played great roles as working animals and as an important means of transport. When Britons of today think of horses, they think of majestic animals or cute pets rather than meat.
But this is not the only reason for the protest: Customers also want to be sure that the products they buy contain what it says on the label. Hopefully, supermarkets can avoid mistakes like that in the future. Maybe there should be stricter regulations and more controls of our food? Otherwise we will soon find ourselves eating panda meat instead of pork and parrot instead of chicken. So the next time you are in a supermarket maybe check the ingredients of your food before you buy it or you could get a nasty surprise ...",Everyone can call himself or herself a horse lover in the UK.,"The statement that isn't among the reasons customers are furious is that Tesco is taking legal action against horsemeat. They are not taking legal action against the customers, but against the products. 

Answer: Tesco is not taking legal action against horsemeat.","The statement that isn't among the reasons customers are furious is that Tesco is taking legal action against horsemeat. They are not taking legal action against the customers, but against the products. 

Answer: Tesco is not taking legal action against horsemeat.",False,"You are a helpful and knowledgeable tutor.
Answer the following question clearly and concisely, in 2-4 sentences.

Question: Which statement isn't among the reasons why customers are furious?
Context: Have you heard of the scandal that happened in one of Great Britain's biggest supermarket chains called Tesco? The British love Tesco as it sells very cheap products and it can be found on almost every corner of a British city or town.
On January 15th 2013 food inspectors discovered 30 % horsemeat in a certain brand of frozen beefburgers that were mostly sold by Tesco in the UK and Ireland.
In times of social media like Facebook and Twitter the news has spread fast and customers have been very concerned about what the food they buy actually contains. Tesco said it had taken away the burgers from the shop shelves immediately, and apologized to their customers. They also promised that they would find out what exactly happened and that they would work harder than ever so this would never happen again. Customers are also able to return the beefburgers and get a refund, that is, their money back.
However, it will be hard for Tesco to get the people's trust back. Just imagine buying lovely beefburgers that you fry at home and suddenly you find out that you have actually eaten horsemeat! In this case not only horse lovers will be upset!
By the way, why are British people so shocked about eating horsemeat? In history, horses have played great roles as working animals and as an important means of transport. When Britons of today think of horses, they think of majestic animals or cute pets rather than meat.
But this is not the only reason for the protest: Customers also want to be sure that the products they buy contain what it says on the label. Hopefully, supermarkets can avoid mistakes like that in the future. Maybe there should be stricter regulations and more controls of our food? Otherwise we will soon find ourselves eating panda meat instead of pork and parrot instead of chicken. So the next time you are in a supermarket maybe check the ingredients of your food before you buy it or you could get a nasty surprise ...
Answer:",2.95,353,2026-09-29T20:49:47.569294,0.037,0.8478,4,0.75,0.5449
race_0026,RACE,reading_comprehension,deepseek-r1:1.5b,Which of the following well-known sayings can best tell the main idea of the passage?,"Jones worked so hard that made the sparks fly from his hammer.The son of Mr.Smith, a rich neighbor, used to come to see the blacksmith and he would enjoy himself watching how the tradesman worked.""Why don't you try your hand to learn to make shoe tacks?"" said the blacksmith.""Who knows, one day, it may be of use to you."" The lazy boy began to see what he could do.But after a little practice he found that he was becoming very skilled and soon he was making some of the finest tacks.
Old Mr.Smith died and the son on account of the war lost all his goods.He had to leave home and was forced to take up residence in another country.It so happened that in this village there were numerous shoemakers who were spending a lot of money to buy tacks for their shoes and even at times when they paid high prices they were not always able to get what they wanted, because in that part of the country there was a high demand for soldiers' shoes.
Young Smith, who was finding it difficult to earn his daily bread, remembered that he had learned the art of making tacks and had the sudden idea of making a bargain with the shoemakers.He told them that he would make the tacks if they would help to get him settled in his workshop.The shoemakers were only too glad of the offer.""How funny it seems,"" he used to say, ""even making tacks can bring a fortune.My trade is more useful to me than were all my former riches.""",Knowledge is no burden.,"The main idea of the passage is about Jones learning to make tacks to make money. The saying ""Why don't you try your hand to learn to make shoe tacks?"" best reflects this, as it encourages someone to try a skill they might not be ready for.

Answer: Why don't you try your hand to learn to make shoe tacks?","The main idea of the passage is about Jones learning to make tacks to make money. The saying ""Why don't you try your hand to learn to make shoe tacks?"" best reflects this, as it encourages someone to try a skill they might not be ready for.

Answer: Why don't you try your hand to learn to make shoe tacks?",False,"You are a helpful and knowledgeable tutor.
Answer the following question clearly and concisely, in 2-4 sentences.

Question: Which of the following well-known sayings can best tell the main idea of the passage?
Context: Jones worked so hard that made the sparks fly from his hammer.The son of Mr.Smith, a rich neighbor, used to come to see the blacksmith and he would enjoy himself watching how the tradesman worked.""Why don't you try your hand to learn to make shoe tacks?"" said the blacksmith.""Who knows, one day, it may be of use to you."" The lazy boy began to see what he could do.But after a little practice he found that he was becoming very skilled and soon he was making some of the finest tacks.
Old Mr.Smith died and the son on account of the war lost all his goods.He had to leave home and was forced to take up residence in another country.It so happened that in this village there were numerous shoemakers who were spending a lot of money to buy tacks for their shoes and even at times when they paid high prices they were not always able to get what they wanted, because in that part of the country there was a high demand for soldiers' shoes.
Young Smith, who was finding it difficult to earn his daily bread, remembered that he had learned the art of making tacks and had the sudden idea of making a bargain with the shoemakers.He told them that he would make the tacks if they would help to get him settled in his workshop.The shoemakers were only too glad of the offer.""How funny it seems,"" he used to say, ""even making tacks can bring a fortune.My trade is more useful to me than were all my former riches.""
Answer:",3.3,398,2026-09-29T20:49:50.872426,0.0303,0.8427,4,0.75,0.541
race_0027,RACE,reading_comprehension,deepseek-r1:1.5b,Which of the following orders is RIGHT about what happened in their travel?,"Along a long path we came to a deep valley, on the far side of which the path led into some very thick bushes. Rather than push through up again and rejoin the path on the far side of the bushes
              As I climbed down into the valley a bird flew off h rock on which I had put my hand. On looking at the spot from which the bird had risen, I saw two eggs. They were the kind that I did not have in my collection, so I placed them carefully in my bag, wrapped in a little dry grass.
              As we went further down the valley the sides became steeper and not far from where I had entered. It came to drop of about twelve to fourteen feet. The water that rushed down all these small valleys in the rainy season had worn the rock as glass. As it was too deep to climb down, I handed my gun to one of the men and slid down it. My feet had hardly touched the sandy bottom when the two men jumped down, one on each side of me. They quickly gave me the gun and asked me if I had heard the tiger. In fact, I had heard nothing; possibly because of the noise I made sliding down the rock. The men said they had heard a tiger growling somewhere nearby, but they did not know from which direction the noise had come.",push through the bushes-climb down into the valley-find eggs-hear the sound of tiger,,,False,"You are a helpful and knowledgeable tutor.
Answer the following question clearly and concisely, in 2-4 sentences.

Question: Which of the following orders is RIGHT about what happened in their travel?
Context: Along a long path we came to a deep valley, on the far side of which the path led into some very thick bushes. Rather than push through up again and rejoin the path on the far side of the bushes
              As I climbed down into the valley a bird flew off h rock on which I had put my hand. On looking at the spot from which the bird had risen, I saw two eggs. They were the kind that I did not have in my collection, so I placed them carefully in my bag, wrapped in a little dry grass.
              As we went further down the valley the sides became steeper and not far from where I had entered. It came to drop of about twelve to fourteen feet. The water that rushed down all these small valleys in the rainy season had worn the rock as glass. As it was too deep to climb down, I handed my gun to one of the men and slid down it. My feet had hardly touched the sandy bottom when the two men jumped down, one on each side of me. They quickly gave me the gun and asked me if I had heard the tiger. In fact, I had heard nothing; possibly because of the noise I made sliding down the rock. The men said they had heard a tiger growling somewhere nearby, but they did not know from which direction the noise had come.
Answer:",4.18,512,2026-09-29T20:49:55.055023,0.0,0.8383,4,0.75,0.5294
race_0028,RACE,reading_comprehension,deepseek-r1:1.5b,How do you do to make real friends?,"Both are so much related to each other. And both are so dissimilar! What are the differences between friendship and love? Is platonic  friendship possible between persons of opposite sex? Let us try and understand.
What is friendship? Why do we call a person our friend? When do we call someone a very good friend? If we care for a person, if we are always ready to help that person and if we share most of our thoughts with a person, they are our good friends. We can always count upon our good friends in an emergency. We are always sure that our friend will understand why we acted in a certain way. We need not explain anything to our very good friends. The friendship is so deep and the relationship is so close, that most of the things are automatically understood by our friends.
What about love? In a relationship of deep love, all the sharing that we discussed above are taken for granted. But love transcends(,) all these. During love, we are attached with a particular person, while in friendship, one may have many friends. A loving relationship makes one so much attached to the other, that one gets pained if his/her beloved is hurt! Love also involves a physical element. Friendship does not have that. This is a vital difference. Nature gives us love so that the species can go forward. Nature does not give us friendship.
Your heart beats will never increase in expectation of meeting your friend. You will not lie awake at night thinking about your friend. You will not feel totally lost, if you don't meet your friend for a few days. You will not have dreams in your eyes thinking about your friend. But in love, you will do all these and much more. Indeed, there is no comparison between love and friendship.","You should share, help and understand each other.","To make real friends, focus on mutual respect, shared experiences, and mutual help. Friendship is about being a support system, while love is about deep affection and commitment. Platonic friendship can exist between people of opposite sexes, emphasizing respect and understanding.","To make real friends, focus on mutual respect, shared experiences, and mutual help. Friendship is about being a support system, while love is about deep affection and commitment. Platonic friendship can exist between people of opposite sexes, emphasizing respect and understanding.",False,"You are a helpful and knowledgeable tutor.
Answer the following question clearly and concisely, in 2-4 sentences.

Question: How do you do to make real friends?
Context: Both are so much related to each other. And both are so dissimilar! What are the differences between friendship and love? Is platonic  friendship possible between persons of opposite sex? Let us try and understand.
What is friendship? Why do we call a person our friend? When do we call someone a very good friend? If we care for a person, if we are always ready to help that person and if we share most of our thoughts with a person, they are our good friends. We can always count upon our good friends in an emergency. We are always sure that our friend will understand why we acted in a certain way. We need not explain anything to our very good friends. The friendship is so deep and the relationship is so close, that most of the things are automatically understood by our friends.
What about love? In a relationship of deep love, all the sharing that we discussed above are taken for granted. But love transcends(,) all these. During love, we are attached with a particular person, while in friendship, one may have many friends. A loving relationship makes one so much attached to the other, that one gets pained if his/her beloved is hurt! Love also involves a physical element. Friendship does not have that. This is a vital difference. Nature gives us love so that the species can go forward. Nature does not give us friendship.
Your heart beats will never increase in expectation of meeting your friend. You will not lie awake at night thinking about your friend. You will not feel totally lost, if you don't meet your friend for a few days. You will not have dreams in your eyes thinking about your friend. But in love, you will do all these and much more. Indeed, there is no comparison between love and friendship.
Answer:",2.55,307,2026-09-29T20:49:57.610757,0.1633,0.8771,4,0.75,0.5968
race_0029,RACE,reading_comprehension,deepseek-r1:1.5b,The research mentioned in the passage is most probably about   _  .,"Why texting harms your IQ
The regular use of text messages and e-mails can lower the IQ more than twice as much as smoking marijuana  . That is the statement of researchers who have found that tapping away on a mobile phone or computer keypad or checking for electronic messages temporarily knocks up to 10 points off the user's IQ. This rate of decline in intelligence compares unfavorably with the four-point drop in IQ associated with smoking marijuana, according to British researchers, who have described the phenomenon of improved stupidity as ""infomania"". The research conducted by Hewlett Packard, the technology company, has concluded that it is mainly a problem for adult workers, especially men.
It is concluded that too much use of modern technology can damage a person's mind. It can cause a constant distraction of ""always on"" technology when employees should be concentrating on what they are paid to do. Infomania means that they lose concentration as their minds remain fixed in an almost permanent state of readiness to react to technology instead of focusing on the task in hand. The report also added that, in a long term, the brain will be considerably shaped by what we do to it and by the experience of daily life. At a microcellular level, the complex networks of nerve cells that make up parts of the brain actually change in response to certain experiences.
Too much use of modern technology can be damaging not only to a person's mind, but to their social relationship. 1100 adults were interviewed during the research. More than 62 per cent of them admitted that they were addicted to checking their e-mails and text messages so often that they _ work-related ones even when at home or on holiday. Half said that they always responded immediately to an email and will even interrupt a meeting to do so. It is concluded that infomania is increasing stress and anxiety and affecting one's characteristics. Nine out of ten thought that colleagues who answered e-mails or messages during a face-to-face meeting were extremely rude.
The effects on IQ were studied by Dr Glenn Wilson, a psychologist at University of London. ""This is a very real and widespread phenomenon,"" he said. ""We have found that infomania will damage a worker's performance by reducing their mental sharpness and changing their social life. Companies should encourage a more balanced and appropriate way of working.""",the relevance between IQ and use of modern technology,"The research is about how modern technology, particularly mobile devices, can cause a significant impact on IQ, specifically infomania, leading to decreased performance and social issues.","The research is about how modern technology, particularly mobile devices, can cause a significant impact on IQ, specifically infomania, leading to decreased performance and social issues.",False,"You are a helpful and knowledgeable tutor.
Answer the following question clearly and concisely, in 2-4 sentences.

Question: The research mentioned in the passage is most probably about   _  .
Context: Why texting harms your IQ
The regular use of text messages and e-mails can lower the IQ more than twice as much as smoking marijuana  . That is the statement of researchers who have found that tapping away on a mobile phone or computer keypad or checking for electronic messages temporarily knocks up to 10 points off the user's IQ. This rate of decline in intelligence compares unfavorably with the four-point drop in IQ associated with smoking marijuana, according to British researchers, who have described the phenomenon of improved stupidity as ""infomania"". The research conducted by Hewlett Packard, the technology company, has concluded that it is mainly a problem for adult workers, especially men.
It is concluded that too much use of modern technology can damage a person's mind. It can cause a constant distraction of ""always on"" technology when employees should be concentrating on what they are paid to do. Infomania means that they lose concentration as their minds remain fixed in an almost permanent state of readiness to react to technology instead of focusing on the task in hand. The report also added that, in a long term, the brain will be considerably shaped by what we do to it and by the experience of daily life. At a microcellular level, the complex networks of nerve cells that make up parts of the brain actually change in response to certain experiences.
Too much use of modern technology can be damaging not only to a person's mind, but to their social relationship. 1100 adults were interviewed during the research. More than 62 per cent of them admitted that they were addicted to checking their e-mails and text messages so often that they _ work-related ones even when at home or on holiday. Half said that they always responded immediately to an email and will even interrupt a meeting to do so. It is concluded that infomania is increasing stress and anxiety and affecting one's characteristics. Nine out of ten thought that colleagues who answered e-mails or messages during a face-to-face meeting were extremely rude.
The effects on IQ were studied by Dr Glenn Wilson, a psychologist at University of London. ""This is a very real and widespread phenomenon,"" he said. ""We have found that infomania will damage a worker's performance by reducing their mental sharpness and changing their social life. Companies should encourage a more balanced and appropriate way of working.""
Answer:",2.4,284,2026-09-29T20:50:00.013826,0.1714,0.8683,4,0.75,0.5966
race_0030,RACE,reading_comprehension,deepseek-r1:1.5b,Which of the following can NOT describe the computer of the future properly?,"Computer technology is still developing rapidly. The computer of the future will continue to increase in value and performance while decreasing in cost. It will become smaller, but faster and more powerful.
It is possible to make some guesses about what the future of the computer will look like, based upon the types of technologies that are being developed now. A lot of progress has already been made in some of these new technologies, but some are still in their earliest stages and may not be ready for use for years. Two of the most interesting areas of computing that are currently being developed are quantum computing   and nanotechnology  .
Quantum computing is one possibility for the future of the computer that could make computers run far faster than even the quickest computers do today. Quantum computers could be able to do what modern supercomputers are unable to do by using transistors that are able to take on many states at the same time.
Nanotechnology could also change the face of computing, by creating computers that could be very powerful, though they are tiny in size. These computers could be incorporated   into everyday objects, including electrical appliances  , clothes and even the human body. We will be able to use computers in new and unimaginable ways. They will become a part of our lives rather than simply being a box that is used only for specific purposes, such as work.
Quantum computing and nanotechnology will be able to play new roles, which will make us live greener lives, as well as enjoy better health and happier lives.",Less valuable.,None of the options provided can be ruled out as impossible descriptions of the future of computers.,None of the options provided can be ruled out as impossible descriptions of the future of computers.,False,"You are a helpful and knowledgeable tutor.
Answer the following question clearly and concisely, in 2-4 sentences.

Question: Which of the following can NOT describe the computer of the future properly?
Context: Computer technology is still developing rapidly. The computer of the future will continue to increase in value and performance while decreasing in cost. It will become smaller, but faster and more powerful.
It is possible to make some guesses about what the future of the computer will look like, based upon the types of technologies that are being developed now. A lot of progress has already been made in some of these new technologies, but some are still in their earliest stages and may not be ready for use for years. Two of the most interesting areas of computing that are currently being developed are quantum computing   and nanotechnology  .
Quantum computing is one possibility for the future of the computer that could make computers run far faster than even the quickest computers do today. Quantum computers could be able to do what modern supercomputers are unable to do by using transistors that are able to take on many states at the same time.
Nanotechnology could also change the face of computing, by creating computers that could be very powerful, though they are tiny in size. These computers could be incorporated   into everyday objects, including electrical appliances  , clothes and even the human body. We will be able to use computers in new and unimaginable ways. They will become a part of our lives rather than simply being a box that is used only for specific purposes, such as work.
Quantum computing and nanotechnology will be able to play new roles, which will make us live greener lives, as well as enjoy better health and happier lives.
Answer:",3.23,394,2026-09-29T20:50:03.249582,0.0,0.8729,4,0.75,0.541
race_0031,RACE,reading_comprehension,deepseek-r1:1.5b,"""the talk of the town"" means  _  .","When Charles Strattion was five, he stopped growing. His mother took him to see the famous showman, P. T. Barnum, and thought a small person would be the perfect addition to his show. He hired Charles' parents along with him, and they traveled around the world together.
He gave the two-foot-tall Charles a new name, general Tom Thumb. He taught Tom how to sing, dance, act, and tell jokes. When he felt Tom was ready to perform on stage, he made up ads. To stir up great interest, he said that Tom was eleven years old and had come from England.
Tom's act was very popular and brought in a lot of money. By the time Tom was an adult, he had grown very rich. He had become a billionaire at the age of twenty-five.
Fortunately for Tom, Mr. Barnum added more little people to his show, and Tom became lucky in love as well. One of the little people was Lavinia Warren, a school teacher. Tom was able to win her love, and they married.
The ceremony and reception were _ They were attended by many rich and famous people and by about two thousand guests. Crowds filled the street of New York to have a look at their tiny wedding carriage. The couple even met with President Abraham Lincoln on their honeymoon, just before going to live in Tom's house in Connecticut.
Their wedding, which took place during the Civil War, provided a welcome escape from the sad problems of war. Not willing to let this bit of sunshine fade, communities throughout the country held Tom Thumb's weddings. In these weddings, small boys and girls, all dressed up, went through marriage ceremony for fun.",they were the most popular things happening,"""The talk of the town"" refers to Tom Thumb's success and fame in a specific town, as his wedding was a significant event attended by many wealthy and famous people and met with Lincoln before going to Tom's house in Connecticut.","""The talk of the town"" refers to Tom Thumb's success and fame in a specific town, as his wedding was a significant event attended by many wealthy and famous people and met with Lincoln before going to Tom's house in Connecticut.",False,"You are a helpful and knowledgeable tutor.
Answer the following question clearly and concisely, in 2-4 sentences.

Question: ""the talk of the town"" means  _  .
Context: When Charles Strattion was five, he stopped growing. His mother took him to see the famous showman, P. T. Barnum, and thought a small person would be the perfect addition to his show. He hired Charles' parents along with him, and they traveled around the world together.
He gave the two-foot-tall Charles a new name, general Tom Thumb. He taught Tom how to sing, dance, act, and tell jokes. When he felt Tom was ready to perform on stage, he made up ads. To stir up great interest, he said that Tom was eleven years old and had come from England.
Tom's act was very popular and brought in a lot of money. By the time Tom was an adult, he had grown very rich. He had become a billionaire at the age of twenty-five.
Fortunately for Tom, Mr. Barnum added more little people to his show, and Tom became lucky in love as well. One of the little people was Lavinia Warren, a school teacher. Tom was able to win her love, and they married.
The ceremony and reception were _ They were attended by many rich and famous people and by about two thousand guests. Crowds filled the street of New York to have a look at their tiny wedding carriage. The couple even met with President Abraham Lincoln on their honeymoon, just before going to live in Tom's house in Connecticut.
Their wedding, which took place during the Civil War, provided a welcome escape from the sad problems of war. Not willing to let this bit of sunshine fade, communities throughout the country held Tom Thumb's weddings. In these weddings, small boys and girls, all dressed up, went through marriage ceremony for fun.
Answer:",3.46,416,2026-09-29T20:50:06.709816,0.04,0.834,4,0.75,0.5413
race_0032,RACE,reading_comprehension,deepseek-r1:1.5b,Mom let Mark inside our house because she   _   .,"One rainy night , Mark decided to end his life . Having undergone a lot of sufferings and frustrations , he walked the streets , feeling desperate .
On that same night , I was sitting in my room when I heard the doorbell rang . My mom opened the door , finding herself face-to-face with a very disheveled-looking man , Mark , with tears running down his face . My mom , overcome by pity , invited him inside .
Curious , I went downstairs to get a better look . The sight of the man , holding his head in his hands and crying , made my chest ache . I raced back upstairs to my room , pulled out my only half-dollar coin from my money jar and ran back downstairs .
When I reached the door of the living room , I walked right in and quickly made my way over to the stranger . I put the half-dollar in his hand and told him that I wanted him to have it . Then I gave him a hug and turned and ran as fast as I could out of the room and back up the stairs .
Downstairs , tears streamed down Mark's face as he tightly held that coin . Finally he said , "" It's just that I thought nobody cared . For the last twenty years , I have been so alone . That was the first hug I have gotten . It's hard to believe that somebody cares . ""
Before Mark left , my parents asked him why he had knocked on our door , Mark said that as he was walking the streets that rainy night , hope. less and ready to die , he noticed a bumper sticker on our car reading SOMEBODY LOVES YOU .
It's hard to imagine that a bumper sticker and fifty cents could change a person's life . Mark's life did change that night . When he left our house , he was ready to live instead of die .",felt sorry for him,"Mark's death was marked by hope, as evidenced by the bumper sticker on their car. The money was a token of hope, signaling Mark's readiness to die but his belief in hope. Mark walked the streets, hoping for someone to care, and the money was a sign of his desperation.","Mark's death was marked by hope, as evidenced by the bumper sticker on their car. The money was a token of hope, signaling Mark's readiness to die but his belief in hope. Mark walked the streets, hoping for someone to care, and the money was a sign of his desperation.",False,"You are a helpful and knowledgeable tutor.
Answer the following question clearly and concisely, in 2-4 sentences.

Question: Mom let Mark inside our house because she   _   .
Context: One rainy night , Mark decided to end his life . Having undergone a lot of sufferings and frustrations , he walked the streets , feeling desperate .
On that same night , I was sitting in my room when I heard the doorbell rang . My mom opened the door , finding herself face-to-face with a very disheveled-looking man , Mark , with tears running down his face . My mom , overcome by pity , invited him inside .
Curious , I went downstairs to get a better look . The sight of the man , holding his head in his hands and crying , made my chest ache . I raced back upstairs to my room , pulled out my only half-dollar coin from my money jar and ran back downstairs .
When I reached the door of the living room , I walked right in and quickly made my way over to the stranger . I put the half-dollar in his hand and told him that I wanted him to have it . Then I gave him a hug and turned and ran as fast as I could out of the room and back up the stairs .
Downstairs , tears streamed down Mark's face as he tightly held that coin . Finally he said , "" It's just that I thought nobody cared . For the last twenty years , I have been so alone . That was the first hug I have gotten . It's hard to believe that somebody cares . ""
Before Mark left , my parents asked him why he had knocked on our door , Mark said that as he was walking the streets that rainy night , hope. less and ready to die , he noticed a bumper sticker on our car reading SOMEBODY LOVES YOU .
It's hard to imagine that a bumper sticker and fifty cents could change a person's life . Mark's life did change that night . When he left our house , he was ready to live instead of die .
Answer:",2.85,336,2026-09-29T20:50:09.560598,0.0357,0.8584,4,0.75,0.548
race_0033,RACE,reading_comprehension,deepseek-r1:1.5b,The purpose of the first hot line was   _  .,"Every language has its own special words and expressions. And a story can be told about each of them. ""Hot"" is a simple, easily-understood word. So are most of the expressions made with the word ""hot"".  But not always, as we shall see. 
Take the phrase ""hot potato"" for example. The potato is a popular vegetable in the United States. Many people like baked potatoes, cooked in an oven or fire. Imagine trying to carry a hot, baked potato in your hand. It would be difficult, even painful, to do so. One such hot potato is taxes. Calling for higher taxes can mean defeat for a politician. And yet, if taxes are not raised, some very popular government programs could be cut, which can also make a politician very unpopular. 
Another expression is ""not so hot"". If you ask someone how she feels, she may answer: ""Not so hot. "" What she means is that she does not feel well. ""Not so hot"" is also a way of saying that you do not really like something. 
""A hot shot"" is a person, often a young person, who thinks he can do anything. At least he wants to try. He is very sure he can succeed. But often he fails. The expression came from the army. A hot shot was a soldier who fired without aiming carefully.
A person who becomes angry easily is called ""a hothead"". An angry person's neck often becomes red. We say he is ""hot under the collar"". You could say that your friend is no hothead. But he got hot under the collar when someone took his radio. 
The hot line was a direct communication link between the leaders of the Soviet Union  and the United States. The hot line had an important purpose: to prevent accidental war between the two competitors during the period known as the Cold War. The American president and the Soviet leader were able to communicate directly and immediately on the hot line.",to prevent accidental war between the two superpowers,The purpose of the first hot line was to prevent accidental war between the United States and the Soviet Union during the Cold War.,The purpose of the first hot line was to prevent accidental war between the United States and the Soviet Union during the Cold War.,False,"You are a helpful and knowledgeable tutor.
Answer the following question clearly and concisely, in 2-4 sentences.

Question: The purpose of the first hot line was   _  .
Context: Every language has its own special words and expressions. And a story can be told about each of them. ""Hot"" is a simple, easily-understood word. So are most of the expressions made with the word ""hot"".  But not always, as we shall see. 
Take the phrase ""hot potato"" for example. The potato is a popular vegetable in the United States. Many people like baked potatoes, cooked in an oven or fire. Imagine trying to carry a hot, baked potato in your hand. It would be difficult, even painful, to do so. One such hot potato is taxes. Calling for higher taxes can mean defeat for a politician. And yet, if taxes are not raised, some very popular government programs could be cut, which can also make a politician very unpopular. 
Another expression is ""not so hot"". If you ask someone how she feels, she may answer: ""Not so hot. "" What she means is that she does not feel well. ""Not so hot"" is also a way of saying that you do not really like something. 
""A hot shot"" is a person, often a young person, who thinks he can do anything. At least he wants to try. He is very sure he can succeed. But often he fails. The expression came from the army. A hot shot was a soldier who fired without aiming carefully.
A person who becomes angry easily is called ""a hothead"". An angry person's neck often becomes red. We say he is ""hot under the collar"". You could say that your friend is no hothead. But he got hot under the collar when someone took his radio. 
The hot line was a direct communication link between the leaders of the Soviet Union  and the United States. The hot line had an important purpose: to prevent accidental war between the two competitors during the period known as the Cold War. The American president and the Soviet leader were able to communicate directly and immediately on the hot line.
Answer:",1.67,192,2026-09-29T20:50:11.229511,0.375,0.9033,5,1.0,0.7594
race_0034,RACE,reading_comprehension,deepseek-r1:1.5b,It took about  _   years to make jazz popular in the United States.,"Americans have contributed   to many art forms, and jazz, a type of music, is one of the art forms started in the United States. Black Americans, who sang and played the music of their homeland, created jazz.
Jazz is a mixture of the music of Africa, the work songs the slaves sang, and religious  music. Improvisation   is an important part of jazz. This is why a jazz song sounds a little different each time it is played.
Jazz bands formed in the late 1800s. They played in bars and clubs in many towns and cities of the South, especially New Orleans. New Orleans is an international seaport, and people from all over the world come to New Orleans to hear jazz.
Jazz became more and more popular. By the 1920s, jazz was popular all over the United States. By the 1940s, you could hear jazz not only in clubs and bars, but in concert halls as well. Today, people from all over the world play jazz. Jazz musicians from the United States, Asia, Africa, South America, and Europe meet and share their music at festivals on every continent. In this way, jazz continues to grow and change.",120,It took about 50 years to make jazz popular in the United States.,It took about 50 years to make jazz popular in the United States.,False,"You are a helpful and knowledgeable tutor.
Answer the following question clearly and concisely, in 2-4 sentences.

Question: It took about  _   years to make jazz popular in the United States.
Context: Americans have contributed   to many art forms, and jazz, a type of music, is one of the art forms started in the United States. Black Americans, who sang and played the music of their homeland, created jazz.
Jazz is a mixture of the music of Africa, the work songs the slaves sang, and religious  music. Improvisation   is an important part of jazz. This is why a jazz song sounds a little different each time it is played.
Jazz bands formed in the late 1800s. They played in bars and clubs in many towns and cities of the South, especially New Orleans. New Orleans is an international seaport, and people from all over the world come to New Orleans to hear jazz.
Jazz became more and more popular. By the 1920s, jazz was popular all over the United States. By the 1940s, you could hear jazz not only in clubs and bars, but in concert halls as well. Today, people from all over the world play jazz. Jazz musicians from the United States, Asia, Africa, South America, and Europe meet and share their music at festivals on every continent. In this way, jazz continues to grow and change.
Answer:",2.38,286,2026-09-29T20:50:13.612414,0.0,0.8276,4,0.75,0.5259
race_0035,RACE,reading_comprehension,deepseek-r1:1.5b,"According to the report,  _  .","In the past ten years, America's National Basketball Association (NBA) has grown increasingly dependent on the rest of the world to supply players.
When Michael Jordan and Larry Bird won gold in Barcelona in 1992, the Americans were praised for teaching the world how to play basketball. This season, however, 20 percent of NBA rosters  will be filled by non-Americans. NBA commissioner David Stem happily embraces the trend. On a visit to Paris in October, Stern outlined his vision for the future, which is likely to see Europe hosting NBA games by 2010.
The NBA is now planning to _ .
""Our experience in China has been that it is going to be explosive in its growth,""said Stem. The strategy (,)in China is television.""We've made 14 deals in China with local and national networks on cable and satellite."" The success of Chinese centre Yao Ming has paved the way for the NBA marketing blitz in China. The NBA, which is broadcasted in more than 200 countries in 42 languages, will put that to the test in October 2004 when the Houston Rockets play two pre-season games against the Sacramento Kings in Beijing and Shanghai. The NBA knows that it needs a global market to condensate for tough times on _ soil.
""It doesn't matter where the players come from, all the NBA teams now know that they have to scout(,) internationally,"" said Terry Lyons, the NBA's vice-president of international public relations. ""It has increased the level of competition here."" As Frenchman Tony Parker and Argentine Emanuel Ginobili showed in winning championship rings with the San Antonio Spurs last season, many people can earn the respect of their American peers. Others, such as the Houston Rockets' Chinese centre Yao Ming -- number one draft pick in 2002 -- and the Detroit Pistons' 18-year-old Serb Darko Milicic -- number two overall in this year's draft -- are icons in-waiting. It is the ultimate(,) revolution -- the rest of the world teaching the US how to play basketball.",the part played by the foreign players in NBA will be great,The report highlights the NBA's adaptation to a global market and the significant influence of players from outside the US.,The report highlights the NBA's adaptation to a global market and the significant influence of players from outside the US.,False,"You are a helpful and knowledgeable tutor.
Answer the following question clearly and concisely, in 2-4 sentences.

Question: According to the report,  _  .
Context: In the past ten years, America's National Basketball Association (NBA) has grown increasingly dependent on the rest of the world to supply players.
When Michael Jordan and Larry Bird won gold in Barcelona in 1992, the Americans were praised for teaching the world how to play basketball. This season, however, 20 percent of NBA rosters  will be filled by non-Americans. NBA commissioner David Stem happily embraces the trend. On a visit to Paris in October, Stern outlined his vision for the future, which is likely to see Europe hosting NBA games by 2010.
The NBA is now planning to _ .
""Our experience in China has been that it is going to be explosive in its growth,""said Stem. The strategy (,)in China is television.""We've made 14 deals in China with local and national networks on cable and satellite."" The success of Chinese centre Yao Ming has paved the way for the NBA marketing blitz in China. The NBA, which is broadcasted in more than 200 countries in 42 languages, will put that to the test in October 2004 when the Houston Rockets play two pre-season games against the Sacramento Kings in Beijing and Shanghai. The NBA knows that it needs a global market to condensate for tough times on _ soil.
""It doesn't matter where the players come from, all the NBA teams now know that they have to scout(,) internationally,"" said Terry Lyons, the NBA's vice-president of international public relations. ""It has increased the level of competition here."" As Frenchman Tony Parker and Argentine Emanuel Ginobili showed in winning championship rings with the San Antonio Spurs last season, many people can earn the respect of their American peers. Others, such as the Houston Rockets' Chinese centre Yao Ming -- number one draft pick in 2002 -- and the Detroit Pistons' 18-year-old Serb Darko Milicic -- number two overall in this year's draft -- are icons in-waiting. It is the ultimate(,) revolution -- the rest of the world teaching the US how to play basketball.
Answer:",2.97,356,2026-09-29T20:50:16.586063,0.1818,0.8991,4,0.75,0.6103
race_0036,RACE,reading_comprehension,deepseek-r1:1.5b,Alice grew so big because she   _  .,"Very soon the Rabbit noticed Alice, as she went hunting about, and called out to her, ""What are you doing out here? Run home this moment, and fetch me a pair of gloves and a fan! Quick, now!""
Alice was so much frightened that she ran off at once in the direction it pointed to. She saw a little house, on the door of which was a plate with the name ""W. RABBIT"". She went in and hurried upstairs.
By this time she had found her way into a tidy little room with a table in the window, and on it a fan and two or three pairs of tiny white kid gloves: she took up the fan and a pair of the gloves, and was just going to leave the room, when her eye fell upon a little bottle that stood near the looking-glass. There was no label  this time with the words' DRINK ME,' but she opened it and put it to her lips .""I know something interesting is sure to happen,"" she said to herself. Before she had drunk half the bottle, she found her head touching the ceiling. She went on growing and very soon had to get down on her knees on the floor. Still she went on growing, and as a last _ , she put one arm out of the window, and one foot up the chimney , and said to herself, ""Now I can do no more, whatever happens. What will happen to me?""
Luckily for Alice, she grew no longer: still it was very uncomfortable, and as there seemed to be no sort of chance of her ever getting out of the room again, no wonder she felt unhappy.",drank something in the bottle,Alice grew so big because she was scared of something.,Alice grew so big because she was scared of something.,False,"You are a helpful and knowledgeable tutor.
Answer the following question clearly and concisely, in 2-4 sentences.

Question: Alice grew so big because she   _  .
Context: Very soon the Rabbit noticed Alice, as she went hunting about, and called out to her, ""What are you doing out here? Run home this moment, and fetch me a pair of gloves and a fan! Quick, now!""
Alice was so much frightened that she ran off at once in the direction it pointed to. She saw a little house, on the door of which was a plate with the name ""W. RABBIT"". She went in and hurried upstairs.
By this time she had found her way into a tidy little room with a table in the window, and on it a fan and two or three pairs of tiny white kid gloves: she took up the fan and a pair of the gloves, and was just going to leave the room, when her eye fell upon a little bottle that stood near the looking-glass. There was no label  this time with the words' DRINK ME,' but she opened it and put it to her lips .""I know something interesting is sure to happen,"" she said to herself. Before she had drunk half the bottle, she found her head touching the ceiling. She went on growing and very soon had to get down on her knees on the floor. Still she went on growing, and as a last _ , she put one arm out of the window, and one foot up the chimney , and said to herself, ""Now I can do no more, whatever happens. What will happen to me?""
Luckily for Alice, she grew no longer: still it was very uncomfortable, and as there seemed to be no sort of chance of her ever getting out of the room again, no wonder she felt unhappy.
Answer:",2.52,301,2026-09-29T20:50:19.113031,0.1333,0.8731,3,0.5,0.5021
race_0037,RACE,reading_comprehension,deepseek-r1:1.5b,The main purpose of the passage is to tell you   _  .,"In the 1960s, people asked about your astrological sign . In the 1990s, they wanted to know your website. These days, having a web address is almost as important as a street address. Your website is an electronic meeting place for your family, friends and potentially, millions of people around the world. Best of all, you may not have to spend a cent. The Web is filled with all kinds of free services and all it takes is some time and creativity.
       Think of your home page as the starting point of your website. Like the table of contents of a book or a magazine, the home page is the front door. Your site can have one or more pages, depending on how you design it.
       While web pages vary greatly in their design and content, most use a traditional magazine layout. At the top of the page is a banner  GRAPHIC. Next comes a greeting and a short description of the site. Pictures, texts, and links to other websites follow.
       Before you start building your site, do some planning. Think about whom the site is for and what you want to say. Next, gather up the material that you want to put on the site. Draw a rough layout on a sheet of paper.
       While there are no rules you have to follow, there are a few things to keep in mind:
       Start simply. If you are too ambitious at the beginning, you may never get the site off the ground. You can always add to your site.
Less is better. Most people don't like to read a lot of text online. Break it into small pieces.
       Smaller is better. Most people connect to the Internet with a modem. Since it can take a long time to download large image files, keep the file sizes small.
       Have the rights. Don't put any material on your site unless you are sure you can do it legally. Learn the Net's Copyright Article for more about this.
       Now it's time to roll up your sleeves and start building. Learning the Net Communities provides tools to help you build your site.",how to build your own website,The main purpose of the passage is to explain the evolution of the web and its current significance in connecting people.,The main purpose of the passage is to explain the evolution of the web and its current significance in connecting people.,False,"You are a helpful and knowledgeable tutor.
Answer the following question clearly and concisely, in 2-4 sentences.

Question: The main purpose of the passage is to tell you   _  .
Context: In the 1960s, people asked about your astrological sign . In the 1990s, they wanted to know your website. These days, having a web address is almost as important as a street address. Your website is an electronic meeting place for your family, friends and potentially, millions of people around the world. Best of all, you may not have to spend a cent. The Web is filled with all kinds of free services and all it takes is some time and creativity.
       Think of your home page as the starting point of your website. Like the table of contents of a book or a magazine, the home page is the front door. Your site can have one or more pages, depending on how you design it.
       While web pages vary greatly in their design and content, most use a traditional magazine layout. At the top of the page is a banner  GRAPHIC. Next comes a greeting and a short description of the site. Pictures, texts, and links to other websites follow.
       Before you start building your site, do some planning. Think about whom the site is for and what you want to say. Next, gather up the material that you want to put on the site. Draw a rough layout on a sheet of paper.
       While there are no rules you have to follow, there are a few things to keep in mind:
       Start simply. If you are too ambitious at the beginning, you may never get the site off the ground. You can always add to your site.
Less is better. Most people don't like to read a lot of text online. Break it into small pieces.
       Smaller is better. Most people connect to the Internet with a modem. Since it can take a long time to download large image files, keep the file sizes small.
       Have the rights. Don't put any material on your site unless you are sure you can do it legally. Learn the Net's Copyright Article for more about this.
       Now it's time to roll up your sleeves and start building. Learning the Net Communities provides tools to help you build your site.
Answer:",2.83,334,2026-09-29T20:50:21.944769,0.0741,0.867,4,0.75,0.5637
race_0038,RACE,reading_comprehension,deepseek-r1:1.5b,What is the main idea of the passage?,"Do you feel embarrassed when your mum tries to use slang  or when she calls you by your childhood nickname in front of your friends? And how about searching for the nearest exit when your father dances with joy when he finds his favorite CD in the shop? Loving them dearly doesn't prevent you from feeling uncomfortable around them. 
And parents have to accept that Adam Gopnick, a writer for the New Yorker magazine, said in an article published by the BBC: ''The one thing that is written into the human genome   is that exactly at the age of 13, your child... will discover that you are now the most embarrassing, ridiculous and annoying person on the planet.'' 
A survey by the site YoungPoll.com in 2010 suggested that one in three youngsters is so  _ by their parents that they refuse to be seen with them in public; and seven in ten children are humiliated   by their mum and dad's behavior, like kissing them in front of friends and holding their hands. 
Part of going through adolescence is a sudden feeling that we are wise and self-sufficient and we are embarrassed when treated like vulnerable babies. But we are bound to lose this discomfort when we reach our 20s. 
Gopnick reminds us of writer William Blake's comment: ''When I was 14, my dad seemed to be so silly that I wouldn't even walk down the street with him. By the time I was 21, I was amazed how much he'd learnt.'' 
In any case, dissatisfied parents might feel comforted in the thought that their grandchildren are likely to end up enjoying their company. Then the uncool   ones will be the grandchildren's parents!",It is normal for teenagers to feel embarrassed with their parents sometimes.,"The main idea of the passage is about the feelings of discomfort and embarrassment that teenagers can have around their parents, particularly when faced with certain people or situations. It also discusses how teenagers may become more confident and less embarrassed as they grow older, referencing quotes from Gopnick and Blake.","The main idea of the passage is about the feelings of discomfort and embarrassment that teenagers can have around their parents, particularly when faced with certain people or situations. It also discusses how teenagers may become more confident and less embarrassed as they grow older, referencing quotes from Gopnick and Blake.",False,"You are a helpful and knowledgeable tutor.
Answer the following question clearly and concisely, in 2-4 sentences.

Question: What is the main idea of the passage?
Context: Do you feel embarrassed when your mum tries to use slang  or when she calls you by your childhood nickname in front of your friends? And how about searching for the nearest exit when your father dances with joy when he finds his favorite CD in the shop? Loving them dearly doesn't prevent you from feeling uncomfortable around them. 
And parents have to accept that Adam Gopnick, a writer for the New Yorker magazine, said in an article published by the BBC: ''The one thing that is written into the human genome   is that exactly at the age of 13, your child... will discover that you are now the most embarrassing, ridiculous and annoying person on the planet.'' 
A survey by the site YoungPoll.com in 2010 suggested that one in three youngsters is so  _ by their parents that they refuse to be seen with them in public; and seven in ten children are humiliated   by their mum and dad's behavior, like kissing them in front of friends and holding their hands. 
Part of going through adolescence is a sudden feeling that we are wise and self-sufficient and we are embarrassed when treated like vulnerable babies. But we are bound to lose this discomfort when we reach our 20s. 
Gopnick reminds us of writer William Blake's comment: ''When I was 14, my dad seemed to be so silly that I wouldn't even walk down the street with him. By the time I was 21, I was amazed how much he'd learnt.'' 
In any case, dissatisfied parents might feel comforted in the thought that their grandchildren are likely to end up enjoying their company. Then the uncool   ones will be the grandchildren's parents!
Answer:",3.08,368,2026-09-29T20:50:25.031881,0.1587,0.8949,4,0.75,0.6012
race_0039,RACE,reading_comprehension,deepseek-r1:1.5b,Which of the following is the best title for the passage?,"Lee Ann Laraway has polio   and is not able to move very much. Most things are out of reach for her. Jeannie, a Labrador retriever, acts as her arms and legs. Jeannie understands 72 or more different commands. On a shopping trip, she can get money for Lee Ann at the bank or candies at the store. She can pay the cashier   and get change back. Jeannie brings things to Lee Ann and puts them in her lap.
Jeannie was trained at a place called Canine Companions for Independence, located on twelve acres of land in Santa Rosa (California). The land was donated   by the cartoonist Charles Shultz. ""We train four different types of dogs here,"" said Ken Kirsh, a dog trainer there. ""Hearing dogs, service dogs, skilled companion dogs, and facility dogs.""
Trainers work with Labrador retrievers and golden retrievers for hours a day, but not every dog is good enough to be a working dog.
The work is a serious business. Hearing dogs warn their owners of sounds like ringing telephones and doorbells. Other dogs work with disabled patients like eight-year-old Noah Habib who communicates with a special computer. He likes it when people come to ask him about his dog. His father says, ""People are really interested in the dog and will come over and ask to pet her and play with her, and ask about what she does, and these are people that normally might not approach us and want to talk to Noah.""
When Lee Ann Laraway comes home with Jeannie and her goods, Jeannie helps her open the door. ""You can train a dog to do a lot of things."" said Lee Ann.",Dogs are helpful to people,Jeannie Training at Canine Companions,Jeannie Training at Canine Companions,False,"You are a helpful and knowledgeable tutor.
Answer the following question clearly and concisely, in 2-4 sentences.

Question: Which of the following is the best title for the passage?
Context: Lee Ann Laraway has polio   and is not able to move very much. Most things are out of reach for her. Jeannie, a Labrador retriever, acts as her arms and legs. Jeannie understands 72 or more different commands. On a shopping trip, she can get money for Lee Ann at the bank or candies at the store. She can pay the cashier   and get change back. Jeannie brings things to Lee Ann and puts them in her lap.
Jeannie was trained at a place called Canine Companions for Independence, located on twelve acres of land in Santa Rosa (California). The land was donated   by the cartoonist Charles Shultz. ""We train four different types of dogs here,"" said Ken Kirsh, a dog trainer there. ""Hearing dogs, service dogs, skilled companion dogs, and facility dogs.""
Trainers work with Labrador retrievers and golden retrievers for hours a day, but not every dog is good enough to be a working dog.
The work is a serious business. Hearing dogs warn their owners of sounds like ringing telephones and doorbells. Other dogs work with disabled patients like eight-year-old Noah Habib who communicates with a special computer. He likes it when people come to ask him about his dog. His father says, ""People are really interested in the dog and will come over and ask to pet her and play with her, and ask about what she does, and these are people that normally might not approach us and want to talk to Noah.""
When Lee Ann Laraway comes home with Jeannie and her goods, Jeannie helps her open the door. ""You can train a dog to do a lot of things."" said Lee Ann.
Answer:",2.68,323,2026-09-29T20:50:27.716992,0.0,0.8696,4,0.75,0.5399
race_0040,RACE,reading_comprehension,deepseek-r1:1.5b,"According to the text, some parents choose to homeschool their children because   _  .","Homeschooling is the education of children at home, typically by parents but sometimes by tutors, rather than in public or private school. As a matter of fact, most childhood education occurred within the family or community.
Homeschooling is a legal choice for parents in developed countries to provide their children with a learning environment at home. Parents see many reasons for homeschool, including better test results, improved instruction, to help the public system with fewer kids, poor public school environment, religious reasons, improved character development, the expense of private education, and objection to what is taught locally in public school.
Homeschooling can also be a choice for families living in remote   locations, living abroad, and to allow for more traveling. Also many young athletes and actors are taught at home, where a coach   or tutor is with the child for many years and then knows the child very well.
In some places, an approved curriculum   is required if children are to be home-schooled. In some cases a liberal arts   education is provided.",they are not satisfied with what is taught at local public schools,"Some parents choose homeschooling because it offers flexibility, better academic outcomes, improved learning environment, and allows for personalization. It's popular in many places due to legal status and the desire to provide a tailored education.","Some parents choose homeschooling because it offers flexibility, better academic outcomes, improved learning environment, and allows for personalization. It's popular in many places due to legal status and the desire to provide a tailored education.",False,"You are a helpful and knowledgeable tutor.
Answer the following question clearly and concisely, in 2-4 sentences.

Question: According to the text, some parents choose to homeschool their children because   _  .
Context: Homeschooling is the education of children at home, typically by parents but sometimes by tutors, rather than in public or private school. As a matter of fact, most childhood education occurred within the family or community.
Homeschooling is a legal choice for parents in developed countries to provide their children with a learning environment at home. Parents see many reasons for homeschool, including better test results, improved instruction, to help the public system with fewer kids, poor public school environment, religious reasons, improved character development, the expense of private education, and objection to what is taught locally in public school.
Homeschooling can also be a choice for families living in remote   locations, living abroad, and to allow for more traveling. Also many young athletes and actors are taught at home, where a coach   or tutor is with the child for many years and then knows the child very well.
In some places, an approved curriculum   is required if children are to be home-schooled. In some cases a liberal arts   education is provided.
Answer:",2.8,341,2026-09-29T20:50:30.525281,0.0,0.8563,4,0.75,0.5354
race_0041,RACE,reading_comprehension,deepseek-r1:1.5b,Why didn't Churchill want the tickets for the first night?,"George Bernard Shaw and Winston Churchill disliked each other. It is said that the playwright  once sent Churchill two tickets for the opening night of one of his plays, together with a card, which said, ""Bring a friend (if you have one)."" 
Churchill, however, returned the tickets with a note, which said, ""I shall be busy that evening. Please send me two tickets for the second night (if there is one)."" 
There is no record of whether Shaw ever sent the tickets.",He didn't want to take Shaw's insult .,,,False,"You are a helpful and knowledgeable tutor.
Answer the following question clearly and concisely, in 2-4 sentences.

Question: Why didn't Churchill want the tickets for the first night?
Context: George Bernard Shaw and Winston Churchill disliked each other. It is said that the playwright  once sent Churchill two tickets for the opening night of one of his plays, together with a card, which said, ""Bring a friend (if you have one)."" 
Churchill, however, returned the tickets with a note, which said, ""I shall be busy that evening. Please send me two tickets for the second night (if there is one)."" 
There is no record of whether Shaw ever sent the tickets.
Answer:",4.15,512,2026-09-29T20:50:34.679358,0.0,0.8614,4,0.75,0.5371
race_0042,RACE,reading_comprehension,deepseek-r1:1.5b,What is the passage mainly about?,"Lonely Planet Publications is the largest guidebook publisher in the world.  With over 650 titles sold in 118 countries, it annually sells six million copies, giving guidance to travelers in locations worldwide.
Tony Wheeler and his wife Maureen Wheeler were the founders of Lonely Planet Publications and its first writers. They put together Lonely Planet's first publication- Across Asia on the Cheap.  Originally from Australia,  the couple had decided to travel from Europe back home to Australia overland-going through the countries of Iran,
Afghanistan, Pakistan, India, Nepal, and South-East Asia, to eventually reach Australia. Tourist facilitres were limited in these countries, so if travelers wanted to go there, they had to eat and sleep locally. Many of these travelers were young and adventurous, but they didn't have much money, so going local was the only way that they could afford to travel across Asia. Frustrated that there was no guidebook to give budget travelers information on accommodations, food, and transport in these regions, the Wheelers decided to write a guidebook themselves. Full of humor and strong opinions, the book became famous among backpackers-budget travelers-as the chief travel guide for Asia. It made enough money for the Wheelers to travel more and finance their second book about traveling in Southeast Asia on a Shoestring.
This second book became even more popular and acquired readership outside of Australia in North America, Europe, and New Zealand. Sales developed so well that the Wheelers were able to open up a publishing house in Australia, and eventually opened up offices in the United States and Europe. Because the guidebooks were based off contributing writer's experiences, material was fresh and up to date. As more and more books were written, the series finally came to cover every country in the world.",How the Lonely Planet Publications developed.,"The passage is primarily about Lonely Planet Publications, a global guidebook publisher, detailing their history, the creation of their first two books, and their expansion into various markets.","The passage is primarily about Lonely Planet Publications, a global guidebook publisher, detailing their history, the creation of their first two books, and their expansion into various markets.",False,"You are a helpful and knowledgeable tutor.
Answer the following question clearly and concisely, in 2-4 sentences.

Question: What is the passage mainly about?
Context: Lonely Planet Publications is the largest guidebook publisher in the world.  With over 650 titles sold in 118 countries, it annually sells six million copies, giving guidance to travelers in locations worldwide.
Tony Wheeler and his wife Maureen Wheeler were the founders of Lonely Planet Publications and its first writers. They put together Lonely Planet's first publication- Across Asia on the Cheap.  Originally from Australia,  the couple had decided to travel from Europe back home to Australia overland-going through the countries of Iran,
Afghanistan, Pakistan, India, Nepal, and South-East Asia, to eventually reach Australia. Tourist facilitres were limited in these countries, so if travelers wanted to go there, they had to eat and sleep locally. Many of these travelers were young and adventurous, but they didn't have much money, so going local was the only way that they could afford to travel across Asia. Frustrated that there was no guidebook to give budget travelers information on accommodations, food, and transport in these regions, the Wheelers decided to write a guidebook themselves. Full of humor and strong opinions, the book became famous among backpackers-budget travelers-as the chief travel guide for Asia. It made enough money for the Wheelers to travel more and finance their second book about traveling in Southeast Asia on a Shoestring.
This second book became even more popular and acquired readership outside of Australia in North America, Europe, and New Zealand. Sales developed so well that the Wheelers were able to open up a publishing house in Australia, and eventually opened up offices in the United States and Europe. Because the guidebooks were based off contributing writer's experiences, material was fresh and up to date. As more and more books were written, the series finally came to cover every country in the world.
Answer:",3.16,383,2026-09-29T20:50:37.848086,0.2353,0.8898,4,0.75,0.625
race_0043,RACE,reading_comprehension,deepseek-r1:1.5b,From the text we can learn that   _  .,"Americans have contributed   to many art forms, and jazz, a type of music, is one of the art forms started in the United States. Black Americans, who sang and played the music of their homeland, created jazz.
Jazz is a mixture of the music of Africa, the work songs the slaves sang, and religious  music. Improvisation   is an important part of jazz. This is why a jazz song sounds a little different each time it is played.
Jazz bands formed in the late 1800s. They played in bars and clubs in many towns and cities of the South, especially New Orleans. New Orleans is an international seaport, and people from all over the world come to New Orleans to hear jazz.
Jazz became more and more popular. By the 1920s, jazz was popular all over the United States. By the 1940s, you could hear jazz not only in clubs and bars, but in concert halls as well. Today, people from all over the world play jazz. Jazz musicians from the United States, Asia, Africa, South America, and Europe meet and share their music at festivals on every continent. In this way, jazz continues to grow and change.",New Orleans is the place where jazz was very popular,"From the text, we can learn that jazz originated in the United States, was created by African Americans who sang and played music from their homeland, is a blend of African music, slaves' songs, and religious music, and plays a significant role through improvisation. It has become globally popular and continues to evolve and thrive worldwide.","From the text, we can learn that jazz originated in the United States, was created by African Americans who sang and played music from their homeland, is a blend of African music, slaves' songs, and religious music, and plays a significant role through improvisation. It has become globally popular and continues to evolve and thrive worldwide.",False,"You are a helpful and knowledgeable tutor.
Answer the following question clearly and concisely, in 2-4 sentences.

Question: From the text we can learn that   _  .
Context: Americans have contributed   to many art forms, and jazz, a type of music, is one of the art forms started in the United States. Black Americans, who sang and played the music of their homeland, created jazz.
Jazz is a mixture of the music of Africa, the work songs the slaves sang, and religious  music. Improvisation   is an important part of jazz. This is why a jazz song sounds a little different each time it is played.
Jazz bands formed in the late 1800s. They played in bars and clubs in many towns and cities of the South, especially New Orleans. New Orleans is an international seaport, and people from all over the world come to New Orleans to hear jazz.
Jazz became more and more popular. By the 1920s, jazz was popular all over the United States. By the 1940s, you could hear jazz not only in clubs and bars, but in concert halls as well. Today, people from all over the world play jazz. Jazz musicians from the United States, Asia, Africa, South America, and Europe meet and share their music at festivals on every continent. In this way, jazz continues to grow and change.
Answer:",2.6,315,2026-09-29T20:50:40.453494,0.1212,0.872,4,0.75,0.5811
race_0044,RACE,reading_comprehension,deepseek-r1:1.5b,What do we know about the people in Victorian times?,"As people have accurately observed,smiles are absent from early photographs. In 1852,for instance,a girl sat for her Daguerrotype,her head slightly turned,giving the camera an unsmiling look. She is preserved forever as a very serious girl indeed. Charles Darwin,a loving and playful parent,looks frozen in photographs. Why did our ancestors,from unknown sitters for family portraits  to the great and famous,because so sad in front of the camera?
The severity is everywhere in Victorian photographs. However,you don't have to look very long at these unsmiling old photos to see how incomplete the seemingly obvious answer is-that they are freezing their faces in order to keep still for the long exposure times. In Julia Margaret Cameron's Portrait of Tennyson,the poet dreams,his face a shadowed mask of genius. This is not simply a technique. It's an emotional choice.
People in the past did not go around in a continual state of sorrow. In fact,the Victorians had a sense of humor even about the darkest aspects of their society. Laughter was not just common in the past but accepted by society far more than it is today,from medieval carnivals  to Georgian print shops,where people gathered to look at the latest funnies. Far from preventing festivals and fun,the Victorians,who invented photography,also created Christmas as a celebration as it is today. So the severity of people in the 19th-century photographs cannot be the evidence of generalized sadness. This was not a society in permanent desperation. Instead,the true answer has to do with attitudes to portraiture itself.
People who sat for early photographs understood it as a significant moment. Sitting for the camera was cheaper,quicker and meant that people who never had a chance to be painted could now be photographed; but people seemed to have taken it seriously in the same way they would be a painted portrait. Like a portrait painting,it was intended as a timeless record of a person.
To me those unsmiling people probably had as much fun as we do,if not more. But they felt no need to prove it with pictures. Instead,when whey sat for a photograph,they thought about time,death and memory. Perhaps we should stop smiling sometimes,too.",They enjoyed themselves.,"Victorian people were known for their humor, creativity, and sense of humor about dark or serious topics. They didn't take things literally and often gave their work a shadowed mask of genius. Portraits were meant to be timeless records of a person, but they were also intended to capture the essence of the moment. The Victorians focused on the emotions and the joy of the moment, rather than proving their worth through pictures. The unsmiling in Victorian photographs reflects their personal experiences and the joy they found in the moment, rather than a literal smile.","Victorian people were known for their humor, creativity, and sense of humor about dark or serious topics. They didn't take things literally and often gave their work a shadowed mask of genius. Portraits were meant to be timeless records of a person, but they were also intended to capture the essence of the moment. The Victorians focused on the emotions and the joy of the moment, rather than proving their worth through pictures. The unsmiling in Victorian photographs reflects their personal experiences and the joy they found in the moment, rather than a literal smile.",False,"You are a helpful and knowledgeable tutor.
Answer the following question clearly and concisely, in 2-4 sentences.

Question: What do we know about the people in Victorian times?
Context: As people have accurately observed,smiles are absent from early photographs. In 1852,for instance,a girl sat for her Daguerrotype,her head slightly turned,giving the camera an unsmiling look. She is preserved forever as a very serious girl indeed. Charles Darwin,a loving and playful parent,looks frozen in photographs. Why did our ancestors,from unknown sitters for family portraits  to the great and famous,because so sad in front of the camera?
The severity is everywhere in Victorian photographs. However,you don't have to look very long at these unsmiling old photos to see how incomplete the seemingly obvious answer is-that they are freezing their faces in order to keep still for the long exposure times. In Julia Margaret Cameron's Portrait of Tennyson,the poet dreams,his face a shadowed mask of genius. This is not simply a technique. It's an emotional choice.
People in the past did not go around in a continual state of sorrow. In fact,the Victorians had a sense of humor even about the darkest aspects of their society. Laughter was not just common in the past but accepted by society far more than it is today,from medieval carnivals  to Georgian print shops,where people gathered to look at the latest funnies. Far from preventing festivals and fun,the Victorians,who invented photography,also created Christmas as a celebration as it is today. So the severity of people in the 19th-century photographs cannot be the evidence of generalized sadness. This was not a society in permanent desperation. Instead,the true answer has to do with attitudes to portraiture itself.
People who sat for early photographs understood it as a significant moment. Sitting for the camera was cheaper,quicker and meant that people who never had a chance to be painted could now be photographed; but people seemed to have taken it seriously in the same way they would be a painted portrait. Like a portrait painting,it was intended as a timeless record of a person.
To me those unsmiling people probably had as much fun as we do,if not more. But they felt no need to prove it with pictures. Instead,when whey sat for a photograph,they thought about time,death and memory. Perhaps we should stop smiling sometimes,too.
Answer:",3.56,428,2026-09-29T20:50:44.021354,0.0202,0.8585,4,0.75,0.5429
race_0045,RACE,reading_comprehension,deepseek-r1:1.5b,It can be inferred   that   _  .,"If you're in charge of  a project, the key to success is getting everyone to want to help you. As a director, I point, I suggest, I gently push the actors in the direction  I want them to go.
In the 1986 movie Nothing in Common, Jackie Gleason's character, Max Basner, gets fired (or unemployed) from his job as a clothing salesman. The scene, shot   on a boat, shows Max's despair  about being out of work. I was looking for some gesture that would allow Max to show his feelings.
Jackie had far more experience  at everything than I did, and at first I was frightened (very much afraid). What could I possibly tell ""The Great One"" about acting? Out of fear I decided to direct by suggestion, and I sat down with Gleason to talk about the scene. ""So Max is sad, right?"" I said.
Gleason nodded.
""And he's probably still carrying his pens with his name on them --- the ones he used to hand out to his customers, right?""
Gleason nodded.
"" So what would you want to do with the pens after you were fired?"" He was silent for a moment. ""Why don't I throw them overboard (or all over the boat)?"" I stood up and turned toward the crew. "" Hey, everybody, Jackie has a wonderful idea. Let's shoot it.""
After filming the scene, Gleason called me over and said with a smile, ""Garry, what kind of wonderful idea am I going to have tomorrow?""
You and your team can discover the answers to problems together. When there are no prizes or gold stars for who gets the solution (or the way to work out a problem) first, you'll all benefit (or get something of use or value) when everything turns out right.","Max, a character in a film, is in very low spirits  when he loses his job",It can be inferred that the director is working to help Max Basner and find a new idea for the next scene.,It can be inferred that the director is working to help Max Basner and find a new idea for the next scene.,False,"You are a helpful and knowledgeable tutor.
Answer the following question clearly and concisely, in 2-4 sentences.

Question: It can be inferred   that   _  .
Context: If you're in charge of  a project, the key to success is getting everyone to want to help you. As a director, I point, I suggest, I gently push the actors in the direction  I want them to go.
In the 1986 movie Nothing in Common, Jackie Gleason's character, Max Basner, gets fired (or unemployed) from his job as a clothing salesman. The scene, shot   on a boat, shows Max's despair  about being out of work. I was looking for some gesture that would allow Max to show his feelings.
Jackie had far more experience  at everything than I did, and at first I was frightened (very much afraid). What could I possibly tell ""The Great One"" about acting? Out of fear I decided to direct by suggestion, and I sat down with Gleason to talk about the scene. ""So Max is sad, right?"" I said.
Gleason nodded.
""And he's probably still carrying his pens with his name on them --- the ones he used to hand out to his customers, right?""
Gleason nodded.
"" So what would you want to do with the pens after you were fired?"" He was silent for a moment. ""Why don't I throw them overboard (or all over the boat)?"" I stood up and turned toward the crew. "" Hey, everybody, Jackie has a wonderful idea. Let's shoot it.""
After filming the scene, Gleason called me over and said with a smile, ""Garry, what kind of wonderful idea am I going to have tomorrow?""
You and your team can discover the answers to problems together. When there are no prizes or gold stars for who gets the solution (or the way to work out a problem) first, you'll all benefit (or get something of use or value) when everything turns out right.
Answer:",2.24,265,2026-09-29T20:50:46.263506,0.1053,0.8593,4,0.75,0.5715
race_0046,RACE,reading_comprehension,deepseek-r1:1.5b,"According to the passage, who first made chocolate drink from the seeds of the cacao tree?","In the last 500 years nothing about people--not their clothes, ideas, or languages has changed as much as what they eat. Chocolate   drink was first made from the seeds of the cacao   tree by South American Indians. The Spanish introduced it to the rest of the world during the 1500s. And although it was very expensive, it quickly became popular, In London, shops where chocolate drinks were served became important places. Some still exist today. The potato is also from the New World. Around 1600, the Spanish brought it from Peru to Europe, where it soon was widely grown. Ireland became so dependent   on it that thousands of Irish people starved   when the crop failed during the years of 1845--1846, and thousands more were forced to go to live in America.
There are many other foods that have traveled from South America to the Old World. But some others went in the opposite direction. Brazil is now the world's largest grower of coffee, and coffee is an important crop in other South American countries. But it is native to Ethiopia. It was first made into a drink by Arabs during the 1400s. According to an Arabic story, coffee was discovered when a goat keeper named Lakdi noticed that his goats were eating red fruits on a coffee tree. He tried one and experienced the ""wide-awake  "" feeling that one third of the world's population now starts the day with.",South American Indians.,The chocolate drink was first made from the seeds of the cacao tree by South American Indians.,The chocolate drink was first made from the seeds of the cacao tree by South American Indians.,False,"You are a helpful and knowledgeable tutor.
Answer the following question clearly and concisely, in 2-4 sentences.

Question: According to the passage, who first made chocolate drink from the seeds of the cacao tree?
Context: In the last 500 years nothing about people--not their clothes, ideas, or languages has changed as much as what they eat. Chocolate   drink was first made from the seeds of the cacao   tree by South American Indians. The Spanish introduced it to the rest of the world during the 1500s. And although it was very expensive, it quickly became popular, In London, shops where chocolate drinks were served became important places. Some still exist today. The potato is also from the New World. Around 1600, the Spanish brought it from Peru to Europe, where it soon was widely grown. Ireland became so dependent   on it that thousands of Irish people starved   when the crop failed during the years of 1845--1846, and thousands more were forced to go to live in America.
There are many other foods that have traveled from South America to the Old World. But some others went in the opposite direction. Brazil is now the world's largest grower of coffee, and coffee is an important crop in other South American countries. But it is native to Ethiopia. It was first made into a drink by Arabs during the 1400s. According to an Arabic story, coffee was discovered when a goat keeper named Lakdi noticed that his goats were eating red fruits on a coffee tree. He tried one and experienced the ""wide-awake  "" feeling that one third of the world's population now starts the day with.
Answer:",3.11,375,2026-09-29T20:50:49.375888,0.3,0.8908,4,0.75,0.6469
race_0047,RACE,reading_comprehension,deepseek-r1:1.5b,What's the best title of the passage ?,"Facebook users may feel socially successful in the web world but they are more likely to perform poorly in exams. The majority of students who use Facebook every day are doing badly compared with those who don't. About 83% of British 16 to 24-year-old people are using social networking site such as Facebook and MySpace, to keep in touch with friends and organize their social activities.
""Our study shows people who spend more time on Facebook spend less time studying,"" said Aryn Karpinski, a researcher. ""Every generation has its distractions , but I think Facebook is a unique phenomenon."" Karpinski and a colleague questioned 219 US undergraduates and graduates about their study and general Internet use, as well as their specific use of Facebook. They found 65% of Facebook users accessed their account daily, checking it several times to see if they had received new messages. The amount of time spent on Facebook at each log-in  varied from just a few minutes to more than an hour.
Some UK students have already realized the potential danger. Daisy Jones, 21, an undergraduate, realized the time she was spending on Facebook was threatening her grades, urging her to deactivate  her account, ""I was in the library and tried to write a 2,000-word essay when I realized my Facebook habit had got out of hand,"" she said. ""I couldn't resist going online, when thinking about it. Before you know it , a couple of minutes have turned into a couple of hours and you haven't written a word.""
Jones is among the few to have realized the risks. 79% of the users, however, believed the time they spent on the site had no impact on their work. The CEO of Facebook said, ""There is also academic research that shows the benefits of services like Facebook. It's in the hands of students to decide how to spend their time.""",Facebook fans do worse in exams,"The best title for the passage is ""The Risks of Social Life on Academic Performance.""","The best title for the passage is ""The Risks of Social Life on Academic Performance.""",False,"You are a helpful and knowledgeable tutor.
Answer the following question clearly and concisely, in 2-4 sentences.

Question: What's the best title of the passage ?
Context: Facebook users may feel socially successful in the web world but they are more likely to perform poorly in exams. The majority of students who use Facebook every day are doing badly compared with those who don't. About 83% of British 16 to 24-year-old people are using social networking site such as Facebook and MySpace, to keep in touch with friends and organize their social activities.
""Our study shows people who spend more time on Facebook spend less time studying,"" said Aryn Karpinski, a researcher. ""Every generation has its distractions , but I think Facebook is a unique phenomenon."" Karpinski and a colleague questioned 219 US undergraduates and graduates about their study and general Internet use, as well as their specific use of Facebook. They found 65% of Facebook users accessed their account daily, checking it several times to see if they had received new messages. The amount of time spent on Facebook at each log-in  varied from just a few minutes to more than an hour.
Some UK students have already realized the potential danger. Daisy Jones, 21, an undergraduate, realized the time she was spending on Facebook was threatening her grades, urging her to deactivate  her account, ""I was in the library and tried to write a 2,000-word essay when I realized my Facebook habit had got out of hand,"" she said. ""I couldn't resist going online, when thinking about it. Before you know it , a couple of minutes have turned into a couple of hours and you haven't written a word.""
Jones is among the few to have realized the risks. 79% of the users, however, believed the time they spent on the site had no impact on their work. The CEO of Facebook said, ""There is also academic research that shows the benefits of services like Facebook. It's in the hands of students to decide how to spend their time.""
Answer:",3.13,372,2026-09-29T20:50:52.506379,0.0,0.8604,4,0.75,0.5368
race_0048,RACE,reading_comprehension,deepseek-r1:1.5b,How did the writer feel when the letter arrived?,"The day the letter arrived from my university telling me how much I owed them for my first semester, I felt a lump forming in my throat. I hadn't even started my degree and already I was in debt. But although the sum was unsettling, I had peace of mind: I had taken out a loan that would cover the next three years of tuition fees and living expenses.
A government body in the UK, the Student Loans Company, provides loans to students whose parents cannot afford to cover the costs themselves. Students forward this amount to the university in advance and agree to repay the loan when they begin their first job. For me, it was a lot of money -around &6,000(60,860 Yuan) per year in total -and much more than I had ever been responsible for. I would receive a couple of thousand pounds per semester -half for tuition fees, half for living costs. 
Even though I will be paying off my debt for a long time, I don't regret my decision. 
Having a loan taught me a lot about money management, which I would not have learned otherwise. Each term I paid my tuition fees in one payment, but I also received my loan for living costs in one payment. It was up to me to organize how I would spend this. 
I divided the amount to calculate my weekly budget and it was important that I tried not to overspend. I had to be disciplined and keep a close eye on my expenditure. Food, clothes and going out are the main things students spend money on. 
With a loan, students have total financial freedom. Instead of having someone looking over their shoulder, they must make every financial decision for themselves. 
This year, university fees were tripled. But when it comes to money management, perhaps this generation will be the smartest yet.",Stressed.,"The writer felt a bit anxious initially due to the lump in their throat, but later felt a lot of peace of mind because they had a loan to cover their debt.","The writer felt a bit anxious initially due to the lump in their throat, but later felt a lot of peace of mind because they had a loan to cover their debt.",False,"You are a helpful and knowledgeable tutor.
Answer the following question clearly and concisely, in 2-4 sentences.

Question: How did the writer feel when the letter arrived?
Context: The day the letter arrived from my university telling me how much I owed them for my first semester, I felt a lump forming in my throat. I hadn't even started my degree and already I was in debt. But although the sum was unsettling, I had peace of mind: I had taken out a loan that would cover the next three years of tuition fees and living expenses.
A government body in the UK, the Student Loans Company, provides loans to students whose parents cannot afford to cover the costs themselves. Students forward this amount to the university in advance and agree to repay the loan when they begin their first job. For me, it was a lot of money -around &6,000(60,860 Yuan) per year in total -and much more than I had ever been responsible for. I would receive a couple of thousand pounds per semester -half for tuition fees, half for living costs. 
Even though I will be paying off my debt for a long time, I don't regret my decision. 
Having a loan taught me a lot about money management, which I would not have learned otherwise. Each term I paid my tuition fees in one payment, but I also received my loan for living costs in one payment. It was up to me to organize how I would spend this. 
I divided the amount to calculate my weekly budget and it was important that I tried not to overspend. I had to be disciplined and keep a close eye on my expenditure. Food, clothes and going out are the main things students spend money on. 
With a loan, students have total financial freedom. Instead of having someone looking over their shoulder, they must make every financial decision for themselves. 
This year, university fees were tripled. But when it comes to money management, perhaps this generation will be the smartest yet.
Answer:",2.29,272,2026-09-29T20:50:54.796343,0.0,0.8822,4,0.75,0.5441
race_0049,RACE,reading_comprehension,deepseek-r1:1.5b,"""  _  ""is the best title for this passage.","Two thieves came to a house to steal something. They dug a hole in the wall of the house.
There lived many mice in the house. The woman in the house saw a mouse crawl  into the house in the moonlight. ""Look! In comes one,"" she said to the man in the house. The thief was so frightened that he hurriedly crawled out of the house and said to the one waiting outside, ""She found me when I was just in."" But the thief outside didn't believe him, so he said, ""Let us try to crawl into the house together."" At that time two mice happened to crawl into the house, too. The woman saw the mice and shouted, ""In come two, catch them!"" The two thieves were terribly frightened. The man in the house said, ""You saw them come in but where are they? I will catch them tonight."" The two thieves started running away at once.
The two thieves wanted to make it clear whether they had been found or not the night before. The next day they acted as men selling sweet potatoes and came before the house. The man and the woman were ploughing in their fields. The rope broke and the woman came home for a rope. She saw two men selling sweet potatoes and wanted to buy some. She picked out two which looked like mice. At the time the man couldn't wait for her any longer in the fields and he ran back from the fields to hurry her up. The woman showed the sweet potatoes to the man and said, ""How they look like the two of last night."" The man said, ""I asked you to fetch a rope, why don't you hurry for it?"" The two thieves ran away very quickly without their sweet potatoes.",Hit the Mark by a Fluke,"""The Mice and the Sweet Potatoes""","""The Mice and the Sweet Potatoes""",False,"You are a helpful and knowledgeable tutor.
Answer the following question clearly and concisely, in 2-4 sentences.

Question: ""  _  ""is the best title for this passage.
Context: Two thieves came to a house to steal something. They dug a hole in the wall of the house.
There lived many mice in the house. The woman in the house saw a mouse crawl  into the house in the moonlight. ""Look! In comes one,"" she said to the man in the house. The thief was so frightened that he hurriedly crawled out of the house and said to the one waiting outside, ""She found me when I was just in."" But the thief outside didn't believe him, so he said, ""Let us try to crawl into the house together."" At that time two mice happened to crawl into the house, too. The woman saw the mice and shouted, ""In come two, catch them!"" The two thieves were terribly frightened. The man in the house said, ""You saw them come in but where are they? I will catch them tonight."" The two thieves started running away at once.
The two thieves wanted to make it clear whether they had been found or not the night before. The next day they acted as men selling sweet potatoes and came before the house. The man and the woman were ploughing in their fields. The rope broke and the woman came home for a rope. She saw two men selling sweet potatoes and wanted to buy some. She picked out two which looked like mice. At the time the man couldn't wait for her any longer in the fields and he ran back from the fields to hurry her up. The woman showed the sweet potatoes to the man and said, ""How they look like the two of last night."" The man said, ""I asked you to fetch a rope, why don't you hurry for it?"" The two thieves ran away very quickly without their sweet potatoes.
Answer:",3.7,448,2026-09-29T20:50:58.500800,0.1667,0.8427,4,0.75,0.5865
race_0050,RACE,reading_comprehension,deepseek-r1:1.5b,This passage talks mainly about   _  .,"There have been many great inventions, which have changed the way we live. The first great invention was one that is still very important today---the wheel. This made it easier to carry heavy things to travel long distances. For hundreds of years there were few inventions that have made as much effect as the wheel. There was little unknown land left in the world. People didn't have to explore  much any more. They began to work to make life better instead.
In the second half of the 19th century many great inventions were made. Among them were the camera, the electric light and the radio. These all became a big part of our life today. The first part of the 20th century saw more great inventions. The helicopter in 1909. Sound movies in 1926. The computer in 1928, and jet planes in 1930. This was also a time when a new material was made. Nylon came out in 1935. It changed the kind of clothes people wear. The middle part of the 20th brought new ways to help people get over diseases. They worked very well. They made people healthier and let them live long lives. By the 1960s most people could expect to live to be at least 60. By this time most people had a very good life. Of course new inventions continued to be made. But man now had a wish to explore again. The world is known to man but the stars are not yet. Man began looking for ways to go into space. Russia made the first step. Then the United States took a step. Since then other countries, including China and Japan, have made their steps into space.",how inventions affect people's life,"The passage primarily discusses the history of significant inventions that have transformed human life, from the wheel in the past to modern technologies like cameras, computers, jet planes, and new materials. It also highlights the ongoing quest to explore space, noting the progress made by nations like Russia, the United States, China, and Japan.","The passage primarily discusses the history of significant inventions that have transformed human life, from the wheel in the past to modern technologies like cameras, computers, jet planes, and new materials. It also highlights the ongoing quest to explore space, noting the progress made by nations like Russia, the United States, China, and Japan.",False,"You are a helpful and knowledgeable tutor.
Answer the following question clearly and concisely, in 2-4 sentences.

Question: This passage talks mainly about   _  .
Context: There have been many great inventions, which have changed the way we live. The first great invention was one that is still very important today---the wheel. This made it easier to carry heavy things to travel long distances. For hundreds of years there were few inventions that have made as much effect as the wheel. There was little unknown land left in the world. People didn't have to explore  much any more. They began to work to make life better instead.
In the second half of the 19th century many great inventions were made. Among them were the camera, the electric light and the radio. These all became a big part of our life today. The first part of the 20th century saw more great inventions. The helicopter in 1909. Sound movies in 1926. The computer in 1928, and jet planes in 1930. This was also a time when a new material was made. Nylon came out in 1935. It changed the kind of clothes people wear. The middle part of the 20th brought new ways to help people get over diseases. They worked very well. They made people healthier and let them live long lives. By the 1960s most people could expect to live to be at least 60. By this time most people had a very good life. Of course new inventions continued to be made. But man now had a wish to explore again. The world is known to man but the stars are not yet. Man began looking for ways to go into space. Russia made the first step. Then the United States took a step. Since then other countries, including China and Japan, have made their steps into space.
Answer:",3.93,476,2026-09-29T20:51:02.433979,0.0667,0.8597,4,0.75,0.5588
race_0051,RACE,reading_comprehension,deepseek-r1:1.5b,What do most people worry about the Internet according to this passage?,"The Internet has led to a huge increase in credit-card fraud. Your card information could even be for sale in an illegal web site.
Web sites offering cheap goods and services should be regarded with care.
On-line shoppers who enter their credit-card information may never receive the goods they thought they bought. The thieves then go shopping with your card number -- or sell the information over the Internet. Computers hackers have broken down security systems, raising questions about the safety of cardholder information. Several months ago, 25, 000 customers of CD Universe, an on-line music retailer , were not lucky. Their names, addresses and credit-card numbers were posted on a Web site after the retailer refused to pay US $157, 828 to get back the information.
Credit-card firms are now fighting against on-line fraud. Mastercard is working on plans for Web -- only credit card, with a lower credit limit. The card could be used only for shopping on-line. However, there are a few simple steps you can take to keep from being cheated.
Ask about your credit-card firm's on-line rules: Under British law, cardholders have to pay the first US $78 of any fraudulent  spending.
And shop only at secure sites; Send your credit-card information only if the Web site offers advanced secure system.
If the security is in place, a letter will appear in the bottom right-hand corner of your screen. The Website address may also start https: //--the extra ""s"" stands for secure. If in doubt, give your credit-card information over the telephone.
Keep your password safe: Most on-line sites require a user name and password before placing an order. Treat your passwords with care.",Fraud on the Internet.,"Most people worry about credit-card fraud, online shopping risks, and the security of personal information. They are concerned about data theft, unauthorized use, and the potential for fraud through the Internet.","Most people worry about credit-card fraud, online shopping risks, and the security of personal information. They are concerned about data theft, unauthorized use, and the potential for fraud through the Internet.",False,"You are a helpful and knowledgeable tutor.
Answer the following question clearly and concisely, in 2-4 sentences.

Question: What do most people worry about the Internet according to this passage?
Context: The Internet has led to a huge increase in credit-card fraud. Your card information could even be for sale in an illegal web site.
Web sites offering cheap goods and services should be regarded with care.
On-line shoppers who enter their credit-card information may never receive the goods they thought they bought. The thieves then go shopping with your card number -- or sell the information over the Internet. Computers hackers have broken down security systems, raising questions about the safety of cardholder information. Several months ago, 25, 000 customers of CD Universe, an on-line music retailer , were not lucky. Their names, addresses and credit-card numbers were posted on a Web site after the retailer refused to pay US $157, 828 to get back the information.
Credit-card firms are now fighting against on-line fraud. Mastercard is working on plans for Web -- only credit card, with a lower credit limit. The card could be used only for shopping on-line. However, there are a few simple steps you can take to keep from being cheated.
Ask about your credit-card firm's on-line rules: Under British law, cardholders have to pay the first US $78 of any fraudulent  spending.
And shop only at secure sites; Send your credit-card information only if the Web site offers advanced secure system.
If the security is in place, a letter will appear in the bottom right-hand corner of your screen. The Website address may also start https: //--the extra ""s"" stands for secure. If in doubt, give your credit-card information over the telephone.
Keep your password safe: Most on-line sites require a user name and password before placing an order. Treat your passwords with care.
Answer:",2.76,333,2026-09-29T20:51:05.199622,0.1667,0.8966,4,0.75,0.6044
race_0052,RACE,reading_comprehension,deepseek-r1:1.5b,How do suppliers meet the requirements of Wal-Mart?,"Wal-Mart is not just the world's largest retailer  . It's the world's largest company, which sells in three months what number-two retailer Home Depot sells in a year.
Wal-Mart exercises its power for just one purpose: to bring the lowest possible prices to its customers. At Wal-Mart, that goal is never reached. The retailer has a clear policy for suppliers: On basic products that don't change, the price Wal-Mart will pay, and will charge shoppers, must drop year after year. But what almost no one outside the world of Wal-Mart and none of its 21,000 suppliers know is the high cost of those low prices. To survive in the face of its pricing demands, makers of everything from bikes to jeans have had to close US plants in favor of obtaining products from abroad.
Indeed, the real story of Wal-Mart, the story that never gets told, is the story of the pressure the biggest retailer constantly applies to its suppliers in the name of bringing us ""every day low prices"".
The giant retailer' s low prices often come with a high cost. Wal-Mart' s pressure can crush the companies it does business with and force them to send jobs overseas. Are we shopping our way straight to the unemployment line? Of course, US companies have been moving jobs offshore for decades, long before Wal-Mart was a retailing power. But there is no question that the chain is helping accelerate the loss of American jobs to low-wage countries such as Thailand.
People ask, ""How can it be bad for things to come into the US cheaply?"" Sure, it's great to have bargains. But you can' t buy anything if you' re not employed.
There is no question that Wal-Mart's drive to squeeze out cost has benefited consumers. By now, it is accepted wisdom that Wal-Mart makes the companies it does business with more efficient and focused. Wal-Mart itself is known for continuous improvement in its ability to handle, move, and track goods. It is legendary   for forcing its suppliers to redesign everything from their packaging to their computer systems. It is also legendary for quite straightforwardly telling them what it will pay for their goods.",To run the business in a well-organized way.,,,False,"You are a helpful and knowledgeable tutor.
Answer the following question clearly and concisely, in 2-4 sentences.

Question: How do suppliers meet the requirements of Wal-Mart?
Context: Wal-Mart is not just the world's largest retailer  . It's the world's largest company, which sells in three months what number-two retailer Home Depot sells in a year.
Wal-Mart exercises its power for just one purpose: to bring the lowest possible prices to its customers. At Wal-Mart, that goal is never reached. The retailer has a clear policy for suppliers: On basic products that don't change, the price Wal-Mart will pay, and will charge shoppers, must drop year after year. But what almost no one outside the world of Wal-Mart and none of its 21,000 suppliers know is the high cost of those low prices. To survive in the face of its pricing demands, makers of everything from bikes to jeans have had to close US plants in favor of obtaining products from abroad.
Indeed, the real story of Wal-Mart, the story that never gets told, is the story of the pressure the biggest retailer constantly applies to its suppliers in the name of bringing us ""every day low prices"".
The giant retailer' s low prices often come with a high cost. Wal-Mart' s pressure can crush the companies it does business with and force them to send jobs overseas. Are we shopping our way straight to the unemployment line? Of course, US companies have been moving jobs offshore for decades, long before Wal-Mart was a retailing power. But there is no question that the chain is helping accelerate the loss of American jobs to low-wage countries such as Thailand.
People ask, ""How can it be bad for things to come into the US cheaply?"" Sure, it's great to have bargains. But you can' t buy anything if you' re not employed.
There is no question that Wal-Mart's drive to squeeze out cost has benefited consumers. By now, it is accepted wisdom that Wal-Mart makes the companies it does business with more efficient and focused. Wal-Mart itself is known for continuous improvement in its ability to handle, move, and track goods. It is legendary   for forcing its suppliers to redesign everything from their packaging to their computer systems. It is also legendary for quite straightforwardly telling them what it will pay for their goods.
Answer:",4.23,512,2026-09-29T20:51:09.430301,0.0,0.8711,4,0.75,0.5404
race_0053,RACE,reading_comprehension,deepseek-r1:1.5b,What's inside the box according to the little girl?,"The story goes that some time ago,a man punished his 3-year-old daughter for wasting a roll of gold wrapping paper.Money was tight and he became infuriated  when the child tried to decorate a box to put under the Christmas tree.Nevertheless,the little girl brought the gift to her father the next morning and said,""This is for you,Daddy.""
The man was embarrassed by his earlier overreaction,but his anger flared  again when he found out the box was empty.He yelled at her,stating,""Don't you know,when you give someone a present,there is supposed to be something inside?"" The little girl looked up at him with tears in her eyes and cried,""Oh,Daddy,it's not empty at all.I blew kisses into the box.They are all for you,Daddy.""
The father was crushed.He put his arms around his little girl,and he begged for her forgiveness.
Only a short time later,an accident took the life of the child.It is also told that her father kept that gold box by his bed for many years,and whenever he was discouraged,he would take out an imaginary kiss and remember the love of the child who had put it there.
In a very real sense,each one of us,as human beings,has been given a gold container filled with unconditional love and kisses from our children,family members,friends,and God.There is simply no other possession more precious than this.",Kisses.,"The box was empty, but the little girl thought it was for him.","The box was empty, but the little girl thought it was for him.",False,"You are a helpful and knowledgeable tutor.
Answer the following question clearly and concisely, in 2-4 sentences.

Question: What's inside the box according to the little girl?
Context: The story goes that some time ago,a man punished his 3-year-old daughter for wasting a roll of gold wrapping paper.Money was tight and he became infuriated  when the child tried to decorate a box to put under the Christmas tree.Nevertheless,the little girl brought the gift to her father the next morning and said,""This is for you,Daddy.""
The man was embarrassed by his earlier overreaction,but his anger flared  again when he found out the box was empty.He yelled at her,stating,""Don't you know,when you give someone a present,there is supposed to be something inside?"" The little girl looked up at him with tears in her eyes and cried,""Oh,Daddy,it's not empty at all.I blew kisses into the box.They are all for you,Daddy.""
The father was crushed.He put his arms around his little girl,and he begged for her forgiveness.
Only a short time later,an accident took the life of the child.It is also told that her father kept that gold box by his bed for many years,and whenever he was discouraged,he would take out an imaginary kiss and remember the love of the child who had put it there.
In a very real sense,each one of us,as human beings,has been given a gold container filled with unconditional love and kisses from our children,family members,friends,and God.There is simply no other possession more precious than this.
Answer:",4.17,509,2026-09-29T20:51:13.608440,0.0,0.8782,4,0.75,0.5427
race_0054,RACE,reading_comprehension,deepseek-r1:1.5b,How can we deal with snake wounds according to the passage?,"Rob Coulter worked in the wild of South Africa. He knew the animals, insects, and reptiles of Africa very well. Rob knew them so well that he became careless. 
   One night, while camping alone, Rob reached out to pick up a large piece of wood and felt something bite his arm. Rob didn't think much about it. But a little later, his arm began to ache. When he looked closely at it, he immediately saw two teeth marks in the skin of his arm. He realized that a poisonous snake had bitten him. His pulse became rapid. 
   Rob's mind raced as he thought about what he had to do to survive. Rob knew that he should remain calm, stay still, keep the injured arm below the level of his heart and avoid eating or drinking anything, especially anything with alcohol in it. He also knew that cutting the wound to suck the poison out was a bad idea. 
   He used his two-way radio to call for help. As he waited, he washed the bite with soap and water. To help slow the spread of the venom , he wrapped a bandage two inches above the bite and made it loose enough to slip a finger under it so that it would not cut off the flow of blood. Then, after about half an hour, his friend Mike arrived. Mike took Rob to the local hospital, where Rob was given antivenin--an antidote for snake venom. 
   Rob still enjoys camping, but he is now very careful not to disturb snakes.",Stay calm and don't move.,"Rob Coulter dealt with the snake wound by staying calm, avoiding alcohol, wrapping a bandage above the bite, waiting, washing the wound, and calling for help, ultimately leading him to the hospital where he received antivenin.","Rob Coulter dealt with the snake wound by staying calm, avoiding alcohol, wrapping a bandage above the bite, waiting, washing the wound, and calling for help, ultimately leading him to the hospital where he received antivenin.",False,"You are a helpful and knowledgeable tutor.
Answer the following question clearly and concisely, in 2-4 sentences.

Question: How can we deal with snake wounds according to the passage?
Context: Rob Coulter worked in the wild of South Africa. He knew the animals, insects, and reptiles of Africa very well. Rob knew them so well that he became careless. 
   One night, while camping alone, Rob reached out to pick up a large piece of wood and felt something bite his arm. Rob didn't think much about it. But a little later, his arm began to ache. When he looked closely at it, he immediately saw two teeth marks in the skin of his arm. He realized that a poisonous snake had bitten him. His pulse became rapid. 
   Rob's mind raced as he thought about what he had to do to survive. Rob knew that he should remain calm, stay still, keep the injured arm below the level of his heart and avoid eating or drinking anything, especially anything with alcohol in it. He also knew that cutting the wound to suck the poison out was a bad idea. 
   He used his two-way radio to call for help. As he waited, he washed the bite with soap and water. To help slow the spread of the venom , he wrapped a bandage two inches above the bite and made it loose enough to slip a finger under it so that it would not cut off the flow of blood. Then, after about half an hour, his friend Mike arrived. Mike took Rob to the local hospital, where Rob was given antivenin--an antidote for snake venom. 
   Rob still enjoys camping, but he is now very careful not to disturb snakes.
Answer:",2.49,300,2026-09-29T20:51:16.106684,0.1429,0.8651,4,0.75,0.586
race_0055,RACE,reading_comprehension,deepseek-r1:1.5b,The mother ask the question again after the grandfather died because   _  .,"My mother used to ask me what the most important part of the body is. Through the years Iwould take a guess at what I thought was the correct answer. When I was younger, I thought sound was very important to us as humans, so I said: ""My ears, Mommy."" She said: ""No. Many people are deaf. But you keep thinking about it and I will ask you again soon.""Several years passed before she asked me again. Since making my first attempt, I had contemplated the correct answer. So this time I told her: ""Mommy, sight is very important to everybody, so it must be our eyes."" She looked at me and told me: ""You are learning fast, but the answer is not correct because there are many people who are blind.""
Mother asked me a couple more times and always her answer was ""No. But you are getting smarter every year, my child.""Then last year, my grandpa died. Everybody was hurt. Everybody was crying. My momlooked at me when it was our turn to say our final goodbye to grandpa. She asked me: ""Do you know the most important body part yet, my dear?""
I was  shocked  when  she  asked  me  this  now. She  told  me:  ""This  question is very important,especially at this moment. How you answer it can truly shows whether you have
learned about life. For every body part you gave me in the past, I have told you were wrong
and I have given you an example why. But today is the day you need to learn this important
lesson.""
I saw her eyes well up with tears. She said: ""My dear, the most important body part is your
shoulder.""""Is it because it holds up my head?"" I asked.""No, it is because it can hold the head of a friend or a loved one when they cry,"" she replied:""Everybody needs a shoulder to cry on somet ime in life, my dear. I only hope that you have enough love and friends that you will always have a shoulder to cry on when you need it.""",at that moment the answer seemed especially true.,"The grandmother asked the question again because her answer was incorrect. She revealed that the correct answer is about sight, not just the eyes, as there are many people who are blind. The grandmother was shocked and knew that the grandmother's answer was wrong because there are many people who are blind.","The grandmother asked the question again because her answer was incorrect. She revealed that the correct answer is about sight, not just the eyes, as there are many people who are blind. The grandmother was shocked and knew that the grandmother's answer was wrong because there are many people who are blind.",False,"You are a helpful and knowledgeable tutor.
Answer the following question clearly and concisely, in 2-4 sentences.

Question: The mother ask the question again after the grandfather died because   _  .
Context: My mother used to ask me what the most important part of the body is. Through the years Iwould take a guess at what I thought was the correct answer. When I was younger, I thought sound was very important to us as humans, so I said: ""My ears, Mommy."" She said: ""No. Many people are deaf. But you keep thinking about it and I will ask you again soon.""Several years passed before she asked me again. Since making my first attempt, I had contemplated the correct answer. So this time I told her: ""Mommy, sight is very important to everybody, so it must be our eyes."" She looked at me and told me: ""You are learning fast, but the answer is not correct because there are many people who are blind.""
Mother asked me a couple more times and always her answer was ""No. But you are getting smarter every year, my child.""Then last year, my grandpa died. Everybody was hurt. Everybody was crying. My momlooked at me when it was our turn to say our final goodbye to grandpa. She asked me: ""Do you know the most important body part yet, my dear?""
I was  shocked  when  she  asked  me  this  now. She  told  me:  ""This  question is very important,especially at this moment. How you answer it can truly shows whether you have
learned about life. For every body part you gave me in the past, I have told you were wrong
and I have given you an example why. But today is the day you need to learn this important
lesson.""
I saw her eyes well up with tears. She said: ""My dear, the most important body part is your
shoulder.""""Is it because it holds up my head?"" I asked.""No, it is because it can hold the head of a friend or a loved one when they cry,"" she replied:""Everybody needs a shoulder to cry on somet ime in life, my dear. I only hope that you have enough love and friends that you will always have a shoulder to cry on when you need it.""
Answer:",2.85,341,2026-09-29T20:51:18.959693,0.0984,0.8464,4,0.75,0.5649
race_0056,RACE,reading_comprehension,deepseek-r1:1.5b,"After smartphone walking himself, the author thinks  _  .","It's 5pm on a Friday and I'm standing in a coffee shop above Shibuya crossing - one of the most busiest place in Japan where more than a thousand of Tokyo's smartly dressed people gather at eight points, ready to cross - then rush straight for each other. It looks like they must bump into each other, but It's amazing that they all manage to reach the other side safely.
But the real reason I'm here is that I want to see people crash. I want businessmen to knock into each other, their umbrellas flying off their arms, and uniformed schoolchildren hitting grannies. Why may I see this now, but wouldn't have had the chance even a year ago? It's very simple - smartphones.
Smartphone use is booming in Japan. In 2012, only about a quarter of Japanese used them, most being perfectly happy with their everyday mobiles. But now more than half of all Japanese now own a smartphone and the number is rising fast. But with that rise has grown another phenomenon - the smartphone walk. Those people who're staring at a phone screen adopt this kind of pace- their head down, arms outreached, looking like zombies trying to find human prey .
Surprisingly, an American named Michael Cucek who has lived here for more than 20 years told me smartphone walk probably wouldn't be a long-term problem. Japanese phone manner is in fact better than anywhere else in the world - hardly anyone speaks on their phones on trains, and teenagers wouldn't dare broadcast music out of one. If things got truly bad at Shibuya, the police would just start shouting at people to look up.
But really, is the smartphone walk such an annoying problem? There's only one way to find out. So I leave the coffee shop, head down to the crossing and start typing an email, promising myself I won't look up until I get to the other side. When they start walking past me, it's my time to cross. As I step forward, the experience quickly becomes nervous - legs jump in and out of my vision without warning, while shopping bags fly towards my face before being pulled away at the last moment. I'm sure I'm going to get hit, but after a few seconds I relax. It's OK. Everyone's reacting for me.
I expect to see two smartphone walkers just like me. But instead I find a young couple, very much in love and very much refusing to let each other's hands go just to give way to a fool on his smartphone. The girl gives me such a look of dislike that I quickly apologize and rush round them. That look was enough to ensure I'll never be smartphone walking again.",other passers-by give way to him although they dislike.,,,False,"You are a helpful and knowledgeable tutor.
Answer the following question clearly and concisely, in 2-4 sentences.

Question: After smartphone walking himself, the author thinks  _  .
Context: It's 5pm on a Friday and I'm standing in a coffee shop above Shibuya crossing - one of the most busiest place in Japan where more than a thousand of Tokyo's smartly dressed people gather at eight points, ready to cross - then rush straight for each other. It looks like they must bump into each other, but It's amazing that they all manage to reach the other side safely.
But the real reason I'm here is that I want to see people crash. I want businessmen to knock into each other, their umbrellas flying off their arms, and uniformed schoolchildren hitting grannies. Why may I see this now, but wouldn't have had the chance even a year ago? It's very simple - smartphones.
Smartphone use is booming in Japan. In 2012, only about a quarter of Japanese used them, most being perfectly happy with their everyday mobiles. But now more than half of all Japanese now own a smartphone and the number is rising fast. But with that rise has grown another phenomenon - the smartphone walk. Those people who're staring at a phone screen adopt this kind of pace- their head down, arms outreached, looking like zombies trying to find human prey .
Surprisingly, an American named Michael Cucek who has lived here for more than 20 years told me smartphone walk probably wouldn't be a long-term problem. Japanese phone manner is in fact better than anywhere else in the world - hardly anyone speaks on their phones on trains, and teenagers wouldn't dare broadcast music out of one. If things got truly bad at Shibuya, the police would just start shouting at people to look up.
But really, is the smartphone walk such an annoying problem? There's only one way to find out. So I leave the coffee shop, head down to the crossing and start typing an email, promising myself I won't look up until I get to the other side. When they start walking past me, it's my time to cross. As I step forward, the experience quickly becomes nervous - legs jump in and out of my vision without warning, while shopping bags fly towards my face before being pulled away at the last moment. I'm sure I'm going to get hit, but after a few seconds I relax. It's OK. Everyone's reacting for me.
I expect to see two smartphone walkers just like me. But instead I find a young couple, very much in love and very much refusing to let each other's hands go just to give way to a fool on his smartphone. The girl gives me such a look of dislike that I quickly apologize and rush round them. That look was enough to ensure I'll never be smartphone walking again.
Answer:",4.27,512,2026-09-29T20:51:23.232760,0.0,0.8645,4,0.75,0.5382
race_0057,RACE,reading_comprehension,deepseek-r1:1.5b,"In the 19thcentury, Americans moved from east to west because they  _  .","In the 19thcentury, Americans from the eastern states moved out west to settle in the rich new lands along the Pacific Coast. The most difficult part of their trip was crossing ""the Great American Desert"" in the western part of the United States by horse and wagon.
The western desert can be very dangerous. There is little water and there are few trees. But the desert also has scenery of great beauty. Tall towers of red and yellow stone rise sharply from the flat, sandy valley floor. The scene has been photographed many times and appears in movies and on TV.
In Arizona, man-made dams across the Colorado River have made two large lakes in the middle of the dry desert country. At Lake Powell, the red stone arch of Rainbow Bridge rises high above the blue lake.
There are few roads. Many areas of Lake Powell's shore can only be reached by boat or on foot. But hikers in this empty desert land sometimes find very old native American pictures, painted on the rocks.
In Death Valley, California, the summer temperature rises to 130degF--165degF. There is less than inches of rain each year. Death Valley is the lowest place in America---925 metres below sea level. In the 1800s, many travelers died when they tried to cross this waterless valley in the terrible heat.
Although the desert is dry and seems empty, there is plenty of life if you look closely. Snakes and rats have learned how to live in the desert heat. They live underground and come out at night, when it is cool. Plants such as cacti need very little water. When it does rain in the desert (sometimes only once or twice a year), plants grow quickly, and flowers open in a single day. For a short time, the desert is covered with brilliant (very bright) colours.",wanted to make their home there,"In the 19thcentury, Americans moved west because crossing the Great American Desert was the most challenging part of their journey, marked by its dryness, lack of water, and few trees. The scenery, with tall red and yellow stone towers and beautiful desert landscapes, was a key factor in their migration.","In the 19thcentury, Americans moved west because crossing the Great American Desert was the most challenging part of their journey, marked by its dryness, lack of water, and few trees. The scenery, with tall red and yellow stone towers and beautiful desert landscapes, was a key factor in their migration.",False,"You are a helpful and knowledgeable tutor.
Answer the following question clearly and concisely, in 2-4 sentences.

Question: In the 19thcentury, Americans moved from east to west because they  _  .
Context: In the 19thcentury, Americans from the eastern states moved out west to settle in the rich new lands along the Pacific Coast. The most difficult part of their trip was crossing ""the Great American Desert"" in the western part of the United States by horse and wagon.
The western desert can be very dangerous. There is little water and there are few trees. But the desert also has scenery of great beauty. Tall towers of red and yellow stone rise sharply from the flat, sandy valley floor. The scene has been photographed many times and appears in movies and on TV.
In Arizona, man-made dams across the Colorado River have made two large lakes in the middle of the dry desert country. At Lake Powell, the red stone arch of Rainbow Bridge rises high above the blue lake.
There are few roads. Many areas of Lake Powell's shore can only be reached by boat or on foot. But hikers in this empty desert land sometimes find very old native American pictures, painted on the rocks.
In Death Valley, California, the summer temperature rises to 130degF--165degF. There is less than inches of rain each year. Death Valley is the lowest place in America---925 metres below sea level. In the 1800s, many travelers died when they tried to cross this waterless valley in the terrible heat.
Although the desert is dry and seems empty, there is plenty of life if you look closely. Snakes and rats have learned how to live in the desert heat. They live underground and come out at night, when it is cool. Plants such as cacti need very little water. When it does rain in the desert (sometimes only once or twice a year), plants grow quickly, and flowers open in a single day. For a short time, the desert is covered with brilliant (very bright) colours.
Answer:",3.47,418,2026-09-29T20:51:26.707841,0.0357,0.8352,4,0.75,0.5403
race_0058,RACE,reading_comprehension,deepseek-r1:1.5b,"According to the passage, we know that the gentleman hired the boy  _  .","A gentleman put an advertisement in a newspaper for a boy to work in his office. Out of the nearly fifty men who come to apply, the man selected one and dismissed the others.
""I should like to know,"" said a friend, ""the reason you preferred that boy, who brought not a single letter--not a recommendation  ,""
""You are wrong"" said the gentleman. He had a great man. He wiped his feet at the door and closed the door after him, indicating that he was careful. He gave his seat immediately to that old man, showing that he was kind and thoughtful. He took off his cap when he came in and answered my questions, showing that he was polite and gentlemanly.
"" All the rest stepped over the book which I had purposely put on the floor."" He picked it up and placed it on the table; and he waited quietly for his turn instead of pushing and crowding.
When I asked to him, I noticed his tidy clothing, his neatly brushed hair, and his clean fingernails. "" Can't you see that these things are excellent recommendations? I consider them more significant than letters.""",not by his letters but by his good manners,The gentleman hired the boy because he was a great man.,The gentleman hired the boy because he was a great man.,False,"You are a helpful and knowledgeable tutor.
Answer the following question clearly and concisely, in 2-4 sentences.

Question: According to the passage, we know that the gentleman hired the boy  _  .
Context: A gentleman put an advertisement in a newspaper for a boy to work in his office. Out of the nearly fifty men who come to apply, the man selected one and dismissed the others.
""I should like to know,"" said a friend, ""the reason you preferred that boy, who brought not a single letter--not a recommendation  ,""
""You are wrong"" said the gentleman. He had a great man. He wiped his feet at the door and closed the door after him, indicating that he was careful. He gave his seat immediately to that old man, showing that he was kind and thoughtful. He took off his cap when he came in and answered my questions, showing that he was polite and gentlemanly.
"" All the rest stepped over the book which I had purposely put on the floor."" He picked it up and placed it on the table; and he waited quietly for his turn instead of pushing and crowding.
When I asked to him, I noticed his tidy clothing, his neatly brushed hair, and his clean fingernails. "" Can't you see that these things are excellent recommendations? I consider them more significant than letters.""
Answer:",2.8,340,2026-09-29T20:51:29.516057,0.0,0.864,4,0.75,0.538
race_0059,RACE,reading_comprehension,deepseek-r1:1.5b,Which of the following cannot be seen at Frigo's?,"Hidden in a small street in the south end of Springfield, not far from buildings torn apart by the tornado  earlier this year, Frigo's is an Italian restaurant right in our own backyard.
Frigo's is not a tiny place. It provides different kinds of Italian food. There are refrigerator cases full of prepared foods and desserts, and shelves filled with olives and various pasta.
There's some traditional Italian music and the smell is of olive oil and garlic . Above the largest refrigerator case, there's a chalk board covered with desriptions of more Italian sandwiches than I could remember.
I stepped into Frigo's almost by accident when I had to stay in Springfield into the evening for an open house at the school where I work. Frigo's is the perfect place to find something quick to go. There are no tables, so all food is taken out. I also thought it would be a great place to pick up some already-prepared food to bring home for dinner.
I ordered the easiest meal possible: a chicken sandwich and a salad. It cost$4.75 for the sandwich. The salad was$4.99 and didn't have salad dressing on it. I must have missed the choice of salad dressing on the way out. The sandwich was great--great chicken, excellent tomato sauce and not too much cheese.
I wish I had tried one of the many other sandwiches which include Joe's Favorite ($5.25-$6.75) and the Dante (King) which is made of turkey breast, roasted red peppers, asiago cheese and choice of dressing.
I have a feeling that I'll be picking up dinner for me and the kids at Frigo's soon.",Customers eating happily around tables,The traditional Italian music and the smell of olive oil and garlic cannot be seen at Frigo's.,The traditional Italian music and the smell of olive oil and garlic cannot be seen at Frigo's.,False,"You are a helpful and knowledgeable tutor.
Answer the following question clearly and concisely, in 2-4 sentences.

Question: Which of the following cannot be seen at Frigo's?
Context: Hidden in a small street in the south end of Springfield, not far from buildings torn apart by the tornado  earlier this year, Frigo's is an Italian restaurant right in our own backyard.
Frigo's is not a tiny place. It provides different kinds of Italian food. There are refrigerator cases full of prepared foods and desserts, and shelves filled with olives and various pasta.
There's some traditional Italian music and the smell is of olive oil and garlic . Above the largest refrigerator case, there's a chalk board covered with desriptions of more Italian sandwiches than I could remember.
I stepped into Frigo's almost by accident when I had to stay in Springfield into the evening for an open house at the school where I work. Frigo's is the perfect place to find something quick to go. There are no tables, so all food is taken out. I also thought it would be a great place to pick up some already-prepared food to bring home for dinner.
I ordered the easiest meal possible: a chicken sandwich and a salad. It cost$4.75 for the sandwich. The salad was$4.99 and didn't have salad dressing on it. I must have missed the choice of salad dressing on the way out. The sandwich was great--great chicken, excellent tomato sauce and not too much cheese.
I wish I had tried one of the many other sandwiches which include Joe's Favorite ($5.25-$6.75) and the Dante (King) which is made of turkey breast, roasted red peppers, asiago cheese and choice of dressing.
I have a feeling that I'll be picking up dinner for me and the kids at Frigo's soon.
Answer:",3.26,389,2026-09-29T20:51:32.776547,0.0,0.8429,4,0.75,0.531
race_0060,RACE,reading_comprehension,deepseek-r1:1.5b,The man from the West must have broken the law   _  .,"The man from the west stopped and drew back his arm. ""You're not Jimmy Wells,"" he said in a quick and angry way, ""Twenty years is a long time, but not long enough to change a man' nose from a Roman to pug."" ""It sometimes changes a good man into a bad one,"" said the tall man, ""you've been under arrest for ten minutes. Silky Bob. prefix = st1 /Chicagothinks you may have dropped over our way and phones us she wants to have a word with you. Going quietly, are you? That's sensible. Now before we go to the station here's a note I was asked to hand you. You may read it here at the window. It's from Patrolman Wells.?"" The man from the West opened the little piece of paper handed him. His hand was steady when he began to read, but it trembled a little by the time he finished. The note was rather short. Bob: I was at the right place on time. When you struck the match to light your cigar I saw it was the face wanted in Chicago. Somehow I couldn't do it myself, so I went around and got a plain clothes man   to do the job.",in Chicago,Jimmy Wells must have broken the law by being angry and frustrated.,Jimmy Wells must have broken the law by being angry and frustrated.,False,"You are a helpful and knowledgeable tutor.
Answer the following question clearly and concisely, in 2-4 sentences.

Question: The man from the West must have broken the law   _  .
Context: The man from the west stopped and drew back his arm. ""You're not Jimmy Wells,"" he said in a quick and angry way, ""Twenty years is a long time, but not long enough to change a man' nose from a Roman to pug."" ""It sometimes changes a good man into a bad one,"" said the tall man, ""you've been under arrest for ten minutes. Silky Bob. prefix = st1 /Chicagothinks you may have dropped over our way and phones us she wants to have a word with you. Going quietly, are you? That's sensible. Now before we go to the station here's a note I was asked to hand you. You may read it here at the window. It's from Patrolman Wells.?"" The man from the West opened the little piece of paper handed him. His hand was steady when he began to read, but it trembled a little by the time he finished. The note was rather short. Bob: I was at the right place on time. When you struck the match to light your cigar I saw it was the face wanted in Chicago. Somehow I couldn't do it myself, so I went around and got a plain clothes man   to do the job.
Answer:",2.93,357,2026-09-29T20:51:35.712524,0.0,0.8507,4,0.75,0.5336
race_0061,RACE,reading_comprehension,deepseek-r1:1.5b,"If you cut your finger, you may use   _   to cure it.","Medicine comes in lots of different packages. Painkillers in a tablet can make your headache go away. Antibiotic cream   from a tube can prevent your cuts from becoming infected. But can medicine come packaged in chicken eggs?
A team of scientists from Scotland say ""yes"". They've engineered special chickens that lay eggs with disease-treating drugs inside.
These eggs come from chickens that have been engineered to produce certain drugs inside their egg whites.
These drugs are made of molecules called proteins . Animals make thousands of proteins -- they're the main element in skin, hair, milk and meat. Since animals can make proteins easily, they're good candidates   for making protein drugs.
Researchers have already made cows, sheep and goats produce protein drugs in their milk. But chickens are cheaper to take care of, need less room, and grow faster than these other animals. Those qualities could make chickens a better choice to become living drug factories, says Simon Lillico of the Roslin Institute near Edinburgh, Scotland.
Lillico and a team of researchers changed chickens' DNA -- the code that tells cells how to make proteins -- so that the birds' cells made two protein drugs. One drug can treat skin cancer, and the other treats a nerve disease called multiple sclerosis  .
The scientists changed the chickens' DNA so that the birds made these drugs only in their egg whites. This protects the chickens' bodies from the drugs' possible harmful effects and makes it easy for scientists to collect the drugs.",antibiotic cream from a tube,"Yes, medicine can be packaged in chicken eggs. These eggs contain proteins from the egg's white, which are made by animals. Chickens are a good choice for this packaging due to their efficiency and cost-effectiveness.","Yes, medicine can be packaged in chicken eggs. These eggs contain proteins from the egg's white, which are made by animals. Chickens are a good choice for this packaging due to their efficiency and cost-effectiveness.",False,"You are a helpful and knowledgeable tutor.
Answer the following question clearly and concisely, in 2-4 sentences.

Question: If you cut your finger, you may use   _   to cure it.
Context: Medicine comes in lots of different packages. Painkillers in a tablet can make your headache go away. Antibiotic cream   from a tube can prevent your cuts from becoming infected. But can medicine come packaged in chicken eggs?
A team of scientists from Scotland say ""yes"". They've engineered special chickens that lay eggs with disease-treating drugs inside.
These eggs come from chickens that have been engineered to produce certain drugs inside their egg whites.
These drugs are made of molecules called proteins . Animals make thousands of proteins -- they're the main element in skin, hair, milk and meat. Since animals can make proteins easily, they're good candidates   for making protein drugs.
Researchers have already made cows, sheep and goats produce protein drugs in their milk. But chickens are cheaper to take care of, need less room, and grow faster than these other animals. Those qualities could make chickens a better choice to become living drug factories, says Simon Lillico of the Roslin Institute near Edinburgh, Scotland.
Lillico and a team of researchers changed chickens' DNA -- the code that tells cells how to make proteins -- so that the birds' cells made two protein drugs. One drug can treat skin cancer, and the other treats a nerve disease called multiple sclerosis  .
The scientists changed the chickens' DNA so that the birds made these drugs only in their egg whites. This protects the chickens' bodies from the drugs' possible harmful effects and makes it easy for scientists to collect the drugs.
Answer:",2.92,355,2026-09-29T20:51:38.641853,0.0952,0.8283,1,0.0,0.3078
race_0062,RACE,reading_comprehension,deepseek-r1:1.5b,Why is Mr. Brown surprised? Because   _   .,"One day Mr. Brown sees a young woman in the street with children. He is very surprised because all the children are wearing the same clothes. White caps, blue coats and yellow trousers.
""Are all these children yours?"" he asks the woman.
""Yes, they are."" she answers.
""Do you always dress them in the same clothes ?"" asks Mr. Brown.
""Yes,"" answers the mother. ""When we have four children, we dress them in the same clothes because we don't want to lose any of them. It is easy to see our children among other children because they are all wearing the same clothes.
And now we have ten, we dress them like this because we don't want to take other children home by mistake. When there are other children among ours, it is easy to see them because their clothes are different.",all the children are in the same clothes,"Mr. Brown is surprised because all the children are wearing the same clothes, which he didn't expect.","Mr. Brown is surprised because all the children are wearing the same clothes, which he didn't expect.",False,"You are a helpful and knowledgeable tutor.
Answer the following question clearly and concisely, in 2-4 sentences.

Question: Why is Mr. Brown surprised? Because   _   .
Context: One day Mr. Brown sees a young woman in the street with children. He is very surprised because all the children are wearing the same clothes. White caps, blue coats and yellow trousers.
""Are all these children yours?"" he asks the woman.
""Yes, they are."" she answers.
""Do you always dress them in the same clothes ?"" asks Mr. Brown.
""Yes,"" answers the mother. ""When we have four children, we dress them in the same clothes because we don't want to lose any of them. It is easy to see our children among other children because they are all wearing the same clothes.
And now we have ten, we dress them like this because we don't want to take other children home by mistake. When there are other children among ours, it is easy to see them because their clothes are different.
Answer:",1.79,217,2026-09-29T20:51:40.436184,0.5385,0.9208,4,0.75,0.7364
race_0063,RACE,reading_comprehension,deepseek-r1:1.5b,It can be inferred from the three news that  _,"*200 dead as Brazilian plane crashes  in Sao Paulo
Up to 200 people were dead after a passenger plane with 176 people aboard slid off the runway on landing and hit a fuel storage tank at Sao Paulo's Congonhas airport on Tuesday. 
Brazilian airline TAM said that 170 passengers and 6 crew  were aboard the Airbus A320 flying from Porto Alegre in southern Brazil to Sao Paulo when it lost control on landing and slid off the wet runway. 
Brazilian news agency Folha reported up to 200 people were dead, including some victims on the ground.
* _ 
Two people were killed Saturday in two separate plane crashes in the United States, media reports said. 
In Dayton, Ohio, a plane crashed on a runway of the Dayton International Airport while performing during the Vectren Dayton Air Show. The pilot, Jim LeRoy, was taken to Miami Valley Hospital and was announced dead. The air show was canceled. 
Also on the same day, two single-engine war planes at an experimental air show collided  in Wisconsin while landing, killing one of the pilots and injuring the other.
*All 114 aboard Kenya plane killed  
A Kenya Airways plane that crashed after takeoff in Cameroon with 114 people on board is largely submerged   in a swamp  and there is no chance of survivors, Cameroon 's civil protection service said on Monday
The Boeing 737-800 had taken off from Douala and its wreckage  was found just 12 miles from the town. The plane fell head first. But the cause of the crash remained unclear. 
Among the passengers were Associated Press reporter Anthony Mitchella and an executivefrom the South African cell phone giant MTN. Five Chinese passengers were also killed in the crash .","whenthe Airbus A320 landed, it was likely to be raining heavily","From the three news snippets, the following events occurred:

1. A plane crash involving 200 people in São Paulo, Brazil, on a wet runway from Porto Alegre to São Paulo.
2. Two plane crashes in the United States: one in Dayton, Ohio, involving a pilot taken to the hospital, and another in Wisconsin where two war planes collided.
3. A plane crash in Cameroon, Kenya, involving 114 people, with the plane falling into a swamp and five Chinese passengers also dying.","From the three news snippets, the following events occurred:

1. A plane crash involving 200 people in São Paulo, Brazil, on a wet runway from Porto Alegre to São Paulo.
2. Two plane crashes in the United States: one in Dayton, Ohio, involving a pilot taken to the hospital, and another in Wisconsin where two war planes collided.
3. A plane crash in Cameroon, Kenya, involving 114 people, with the plane falling into a swamp and five Chinese passengers also dying.",False,"You are a helpful and knowledgeable tutor.
Answer the following question clearly and concisely, in 2-4 sentences.

Question: It can be inferred from the three news that  _
Context: *200 dead as Brazilian plane crashes  in Sao Paulo
Up to 200 people were dead after a passenger plane with 176 people aboard slid off the runway on landing and hit a fuel storage tank at Sao Paulo's Congonhas airport on Tuesday. 
Brazilian airline TAM said that 170 passengers and 6 crew  were aboard the Airbus A320 flying from Porto Alegre in southern Brazil to Sao Paulo when it lost control on landing and slid off the wet runway. 
Brazilian news agency Folha reported up to 200 people were dead, including some victims on the ground.
* _ 
Two people were killed Saturday in two separate plane crashes in the United States, media reports said. 
In Dayton, Ohio, a plane crashed on a runway of the Dayton International Airport while performing during the Vectren Dayton Air Show. The pilot, Jim LeRoy, was taken to Miami Valley Hospital and was announced dead. The air show was canceled. 
Also on the same day, two single-engine war planes at an experimental air show collided  in Wisconsin while landing, killing one of the pilots and injuring the other.
*All 114 aboard Kenya plane killed  
A Kenya Airways plane that crashed after takeoff in Cameroon with 114 people on board is largely submerged   in a swamp  and there is no chance of survivors, Cameroon 's civil protection service said on Monday
The Boeing 737-800 had taken off from Douala and its wreckage  was found just 12 miles from the town. The plane fell head first. But the cause of the crash remained unclear. 
Among the passengers were Associated Press reporter Anthony Mitchella and an executivefrom the South African cell phone giant MTN. Five Chinese passengers were also killed in the crash .
Answer:",3.69,445,2026-09-29T20:51:44.131462,0.0213,0.8194,4,0.75,0.5302
race_0064,RACE,reading_comprehension,deepseek-r1:1.5b,What would the writer probably suggest black people do?,"Now I know that we black people are much more likely to have high blood pressure and diabetes  than white people. And _ often lead to heart attacks and other untreated diseases. For example, black people are three to four times more likely than white people to have high blood pressure and twice as likely as the white population to die of a stroke .
New research has found out the surprisingly high levels of salt in many of black people's favorite meals. I stopped putting extra salt in my food at the table long ago and I try to cut down on the salt I use in cooking. The recommended daily level of salt for adults is 6 grams. It is easy to see that if you avoid processed  foods and use salt in your cooking within the limit, you won't exceed the daily level.
The research showed how much salt there is in some foods that we buy from restaurants and takeaways. An average salad with rice and peas has 6.2 grams of salt. This is more salt than you are supposed to eat for the whole day.
A researcher talked about the importance of home cooking rather than take-outs. At home, he pointed out, not only can you hold control of the salt shaker, but also you can create tasty food which is low on salt. The researcher later provided curry goat and rice and peas. They were low on salt, but completely delicious.
I do not suppose Jamaicans are going to stop buying takeaways soon. But if you suffer from high blood pressure, it is probably better not to buy them often.",Eat less takeaways.,"The writer suggests that black people should avoid processed foods and limit salt intake, particularly in processed foods. They recommend home cooking, allowing control over salt intake and creating low-salt, tasty dishes, which can help reduce high blood pressure and other health issues associated with high salt consumption.","The writer suggests that black people should avoid processed foods and limit salt intake, particularly in processed foods. They recommend home cooking, allowing control over salt intake and creating low-salt, tasty dishes, which can help reduce high blood pressure and other health issues associated with high salt consumption.",False,"You are a helpful and knowledgeable tutor.
Answer the following question clearly and concisely, in 2-4 sentences.

Question: What would the writer probably suggest black people do?
Context: Now I know that we black people are much more likely to have high blood pressure and diabetes  than white people. And _ often lead to heart attacks and other untreated diseases. For example, black people are three to four times more likely than white people to have high blood pressure and twice as likely as the white population to die of a stroke .
New research has found out the surprisingly high levels of salt in many of black people's favorite meals. I stopped putting extra salt in my food at the table long ago and I try to cut down on the salt I use in cooking. The recommended daily level of salt for adults is 6 grams. It is easy to see that if you avoid processed  foods and use salt in your cooking within the limit, you won't exceed the daily level.
The research showed how much salt there is in some foods that we buy from restaurants and takeaways. An average salad with rice and peas has 6.2 grams of salt. This is more salt than you are supposed to eat for the whole day.
A researcher talked about the importance of home cooking rather than take-outs. At home, he pointed out, not only can you hold control of the salt shaker, but also you can create tasty food which is low on salt. The researcher later provided curry goat and rice and peas. They were low on salt, but completely delicious.
I do not suppose Jamaicans are going to stop buying takeaways soon. But if you suffer from high blood pressure, it is probably better not to buy them often.
Answer:",3.06,371,2026-09-29T20:51:47.196218,0.0,0.8562,4,0.75,0.5354
race_0065,RACE,reading_comprehension,deepseek-r1:1.5b,We can infer from the novels that  _,"From Nigerian science fiction to a time-travelling serial killer, Brittle Paper selects the best works of fiction from the continent to inspire our inner desire to travel.
My Life in the Bush of Ghosts - Amos Tutuola
Who wouldn't want to get enveloped in a fog of magical delight? 
The novel describes the adventures of a little boy lost in a forest. His search for the way back home seem to take him deeper and deeper into secret colonies of creatures living in reality.
Nigerians in Space - Deji Olukotun
Wale is a Nigerian lunar geologist. He is under the spell of a life-long dream to traveling out to the moon when the mysterious Mr Bello offers him the chance to man a Nigerian space-exploration mission. But like most dreams, what starts out as the magical fulfillment of desire quickly slips into the kingdom of nightmare . In novels like this, travelling through space easily becomes a journey into the self.
Our Sister Killjoy - Ama Ata Aidoo
Ama Ata Aidoo's novel is a tourist adventure set in Germany and London. It charts the journey of Sissie, a bright and self-assured African student who wins a European travel scholarship. Like any good explorer, she is very aware of her surroundings - an awareness that she conveys in a mixture of poetic and prose expressions. 
The Moor's Account - Laila Lalami
In the 16th century, a group of five ships set sail from Spain for the New World. Estabanico, a survivor of the expedition, is our latest guide through the unknown lands and peoples. He lives to tell the story of their following  travels heading out to Florida and how their dream of becoming wealthy conquerors  becomes a journey in search of self-discovery and redemption .",The Moor's Account indeed talks about a journey of heart,"From the novels, we can infer that they all present a narrative journey, whether it is a lost boy, a space mission, a student's journey, or a historical expedition. These stories explore travel, adventure, and self-discovery.","From the novels, we can infer that they all present a narrative journey, whether it is a lost boy, a space mission, a student's journey, or a historical expedition. These stories explore travel, adventure, and self-discovery.",False,"You are a helpful and knowledgeable tutor.
Answer the following question clearly and concisely, in 2-4 sentences.

Question: We can infer from the novels that  _
Context: From Nigerian science fiction to a time-travelling serial killer, Brittle Paper selects the best works of fiction from the continent to inspire our inner desire to travel.
My Life in the Bush of Ghosts - Amos Tutuola
Who wouldn't want to get enveloped in a fog of magical delight? 
The novel describes the adventures of a little boy lost in a forest. His search for the way back home seem to take him deeper and deeper into secret colonies of creatures living in reality.
Nigerians in Space - Deji Olukotun
Wale is a Nigerian lunar geologist. He is under the spell of a life-long dream to traveling out to the moon when the mysterious Mr Bello offers him the chance to man a Nigerian space-exploration mission. But like most dreams, what starts out as the magical fulfillment of desire quickly slips into the kingdom of nightmare . In novels like this, travelling through space easily becomes a journey into the self.
Our Sister Killjoy - Ama Ata Aidoo
Ama Ata Aidoo's novel is a tourist adventure set in Germany and London. It charts the journey of Sissie, a bright and self-assured African student who wins a European travel scholarship. Like any good explorer, she is very aware of her surroundings - an awareness that she conveys in a mixture of poetic and prose expressions. 
The Moor's Account - Laila Lalami
In the 16th century, a group of five ships set sail from Spain for the New World. Estabanico, a survivor of the expedition, is our latest guide through the unknown lands and peoples. He lives to tell the story of their following  travels heading out to Florida and how their dream of becoming wealthy conquerors  becomes a journey in search of self-discovery and redemption .
Answer:",3.25,393,2026-09-29T20:51:50.450503,0.1224,0.8605,4,0.75,0.5776
race_0066,RACE,reading_comprehension,deepseek-r1:1.5b,How does the author feel about the roles the CPC has played in China?,"It is under the CPC's leadership that China has overcome many challenges in its economic, political and social systems and achieved remarkable progress the world has ever seen. Under the CPC's leadership, China has become the world's largest second largest economy. People's lives have greatly improved, and hundreds of millions of people have been lifted out of poverty, an objective fact no one can deny. At the same time, China is quickly becoming a major player on the world stage.
As a responsible nation, China has been playing a growing role and shouldered greater responsibilities in world affairs. Such achievements, especially for a nation with a size equaling to a continent and a population of nearly 1.4 billion, are not easy to make. What roles do you think CPC has played in China? Do you think it's the CPC leadership that has made China's economic _ possible? Is there any room for improvements for the future role of CPC? What challenges will lie ahead for the future leadership of CPC? Please share your opinion with us.",Proud,"The author acknowledges the significant achievements China has made under the CPC's leadership, such as overcoming challenges, achieving economic, political, and social progress, becoming the world's largest economy, improving people's lives, and lifting many out of poverty. They reflect on the effectiveness of the CPC's leadership, noting that while these achievements are impressive, they are not easy for a nation of that size and population. The author also reflects on China's growing role and the responsibility it has taken in the world. However, they critique the CPC's leadership, suggesting there might be","The author acknowledges the significant achievements China has made under the CPC's leadership, such as overcoming challenges, achieving economic, political, and social progress, becoming the world's largest economy, improving people's lives, and lifting many out of poverty. They reflect on the effectiveness of the CPC's leadership, noting that while these achievements are impressive, they are not easy for a nation of that size and population. The author also reflects on China's growing role and the responsibility it has taken in the world. However, they critique the CPC's leadership, suggesting there might be",False,"You are a helpful and knowledgeable tutor.
Answer the following question clearly and concisely, in 2-4 sentences.

Question: How does the author feel about the roles the CPC has played in China?
Context: It is under the CPC's leadership that China has overcome many challenges in its economic, political and social systems and achieved remarkable progress the world has ever seen. Under the CPC's leadership, China has become the world's largest second largest economy. People's lives have greatly improved, and hundreds of millions of people have been lifted out of poverty, an objective fact no one can deny. At the same time, China is quickly becoming a major player on the world stage.
As a responsible nation, China has been playing a growing role and shouldered greater responsibilities in world affairs. Such achievements, especially for a nation with a size equaling to a continent and a population of nearly 1.4 billion, are not easy to make. What roles do you think CPC has played in China? Do you think it's the CPC leadership that has made China's economic _ possible? Is there any room for improvements for the future role of CPC? What challenges will lie ahead for the future leadership of CPC? Please share your opinion with us.
Answer:",4.17,512,2026-09-29T20:51:54.625026,0.0,0.8118,4,0.75,0.5206
race_0067,RACE,reading_comprehension,deepseek-r1:1.5b,"From the passage, we can learn that   _  .","Women love shoes! They will sometimes go to look for the perfect pair of shoes to wear only once with the perfect outfit or the fashion of the day. Once worn, these fashionable designer shoes may spend weeks, months, or years in the closet without being worn again until another special occasion comes up. With that said, are expensive designer shoes really worth their cost?
Historically, shoes were invented to free feet from sharp rocks, hot sands, and blisters. Shoes were made to be simple and functional, with tough leather soles and straps. As society became more sophisticated  , the role of shoes changed; shoes were made to add status to the wearer.
Shoe designers began to work on the production of fashion shoes for the wealthy; shoes meant more for show than for practical use or simplicity. Good shoemakers became well known and printed symbols on their shoes, so people could recognize the maker of that particular design. Designer shoes were thus born.
Many women develop serious problems with their feet after wearing these designer shoes during the workday and the medical costs for dealing with these problems can get very high. Some popular makers of designer shoes have been working towards combining comfort and practical use into their shoes, but it has been noted that women still go for style, beauty and uniqueness above everything else.
So to answer the question as to whether or not designer shoes are worth the cost, the answer is certainly yes, but be smart and invest in a pair of comfortable, not so stylish shoes for the days when you stay outdoors for hours! They can also be very expensive, but I can surely say that they are worth the cost.",shoemakers printed symbols on their shoes for being recognized,"From the passage, we can learn that designer shoes are worth their cost when worn in style and comfort, especially on days when practicality is essential. They are not always worth the investment when not used appropriately.","From the passage, we can learn that designer shoes are worth their cost when worn in style and comfort, especially on days when practicality is essential. They are not always worth the investment when not used appropriately.",False,"You are a helpful and knowledgeable tutor.
Answer the following question clearly and concisely, in 2-4 sentences.

Question: From the passage, we can learn that   _  .
Context: Women love shoes! They will sometimes go to look for the perfect pair of shoes to wear only once with the perfect outfit or the fashion of the day. Once worn, these fashionable designer shoes may spend weeks, months, or years in the closet without being worn again until another special occasion comes up. With that said, are expensive designer shoes really worth their cost?
Historically, shoes were invented to free feet from sharp rocks, hot sands, and blisters. Shoes were made to be simple and functional, with tough leather soles and straps. As society became more sophisticated  , the role of shoes changed; shoes were made to add status to the wearer.
Shoe designers began to work on the production of fashion shoes for the wealthy; shoes meant more for show than for practical use or simplicity. Good shoemakers became well known and printed symbols on their shoes, so people could recognize the maker of that particular design. Designer shoes were thus born.
Many women develop serious problems with their feet after wearing these designer shoes during the workday and the medical costs for dealing with these problems can get very high. Some popular makers of designer shoes have been working towards combining comfort and practical use into their shoes, but it has been noted that women still go for style, beauty and uniqueness above everything else.
So to answer the question as to whether or not designer shoes are worth the cost, the answer is certainly yes, but be smart and invest in a pair of comfortable, not so stylish shoes for the days when you stay outdoors for hours! They can also be very expensive, but I can surely say that they are worth the cost.
Answer:",2.56,307,2026-09-29T20:51:57.187122,0.0435,0.8351,4,0.75,0.5429
race_0068,RACE,reading_comprehension,deepseek-r1:1.5b,The teacher's sweet voice and her friendly look   _  .,"Have you ever heard the saying "" _ ""?
Here is how a new teacher made friends with the girls and boys in her class on the first day of school. As the bell rang, the teacher smiled at each girl and boy. Then she said in a quiet voice, ""Good morning. How nice it is to have all of you in my class this year. I'd like to know each of you. I am sure we will enjoy working together."" Everyone felt that she meant what she said because of her sweet voice and her friendly look.
She told the girls and boys her name and wrote it on the blackboard. Then she told them some of the things she liked to do and she was hoping to do with them during the year.
Then she said to the class, ""Now you know my name and the things I like and I want to know your names and the things you like. Then I will feel that I know you.""
Could you make friends by doing the same as this teacher did?
One way of getting to know girls and boys in your class is to find out more about them. It is often easy to be friends with those people who have the same hobbies with you. You play the same games and go on journeys together.
You may find that some new comers in your class miss their old friends and feel strange and lonely. You can invite them to take a walk or to ride bikes with you. You will find many things in common to talk about. Just talking together in a friendly manner is one good way to make friends.",showed that she would like to be a friend of the girls and boys',"The teacher's sweet voice and friendly look make students feel welcome and to know each other. She also tells the students their name and what she likes to do, encouraging them to do the same. To make friends, students can also find out more about each other and make friends with them.

Answer:  
The teacher's sweet voice and friendly look make students feel welcome and to know each other. She also tells the students their name and what she likes to do, encouraging them to do the same. To make friends, students can also find out more about each other and make friends with them.","The teacher's sweet voice and friendly look make students feel welcome and to know each other. She also tells the students their name and what she likes to do, encouraging them to do the same. To make friends, students can also find out more about each other and make friends with them.

Answer:  
The teacher's sweet voice and friendly look make students feel welcome and to know each other. She also tells the students their name and what she likes to do, encouraging them to do the same. To make friends, students can also find out more about each other and make friends with them.",False,"You are a helpful and knowledgeable tutor.
Answer the following question clearly and concisely, in 2-4 sentences.

Question: The teacher's sweet voice and her friendly look   _  .
Context: Have you ever heard the saying "" _ ""?
Here is how a new teacher made friends with the girls and boys in her class on the first day of school. As the bell rang, the teacher smiled at each girl and boy. Then she said in a quiet voice, ""Good morning. How nice it is to have all of you in my class this year. I'd like to know each of you. I am sure we will enjoy working together."" Everyone felt that she meant what she said because of her sweet voice and her friendly look.
She told the girls and boys her name and wrote it on the blackboard. Then she told them some of the things she liked to do and she was hoping to do with them during the year.
Then she said to the class, ""Now you know my name and the things I like and I want to know your names and the things you like. Then I will feel that I know you.""
Could you make friends by doing the same as this teacher did?
One way of getting to know girls and boys in your class is to find out more about them. It is often easy to be friends with those people who have the same hobbies with you. You play the same games and go on journeys together.
You may find that some new comers in your class miss their old friends and feel strange and lonely. You can invite them to take a walk or to ride bikes with you. You will find many things in common to talk about. Just talking together in a friendly manner is one good way to make friends.
Answer:",3.54,431,2026-09-29T20:52:00.730188,0.0992,0.8388,4,0.75,0.5627
race_0069,RACE,reading_comprehension,deepseek-r1:1.5b,Which of the following statements is NOT true of the advantages of handwriting ?,"As computers become more popular in China , Chinese people are increasingly relying on computer keyboards to input Chinese characters . But if they use the computer too much , they may end up forgetting the exact strokes of each Chinese character when writing on paper . Experts suggest people , especially students , write by hand more .
Do you write by hand more or type more ? In Beijing , students start using a computer as early as primary school . And computer dependence is more widespread among university students . Almost all their assignments and essays are typed on a computer .
All the students interviewed say they usually use a computer .
It's faster and easier to correct if using a computer . And that's why computers are being applied more and more often to modern education . But when people are
computers increasingly , problems appear .
"" When I'm writing with a pen , I find I often can't remember how to write a character , though I feel I'm familiar with it .""
"" I'm not in the mood to write when faced with a pen and paper .""
Many students don't feel this is something to worry about . Now that it's more convenient and efficient to write on a computer , why bother to handwrite ?
Many educators think differently . Shi Liwei , the headmaster of a famous primary school in the capital said "" Chinese characters enjoy both practical and aesthetic value . But those characters typed with computer keyboards only maintain their practical value . All the artistic beauty of the characters is lost . And handwriting contains the writer's emotion . Through one's handwriting , people can get to know one's thinking and personality . Beautiful writing will give people a better first impression of them .""
To encourage students to handwrite more , many primary schools in Beijing have made writing classes compulsory and in universities , some professors are asking students to turn in their homework and essays written by hand .",Handwriting can impress people well and build one's self-confidence .,"The statement that is NOT true is: ""Do you write by hand more or type more?"" The expert suggests writing more by hand, not typing more.","The statement that is NOT true is: ""Do you write by hand more or type more?"" The expert suggests writing more by hand, not typing more.",False,"You are a helpful and knowledgeable tutor.
Answer the following question clearly and concisely, in 2-4 sentences.

Question: Which of the following statements is NOT true of the advantages of handwriting ?
Context: As computers become more popular in China , Chinese people are increasingly relying on computer keyboards to input Chinese characters . But if they use the computer too much , they may end up forgetting the exact strokes of each Chinese character when writing on paper . Experts suggest people , especially students , write by hand more .
Do you write by hand more or type more ? In Beijing , students start using a computer as early as primary school . And computer dependence is more widespread among university students . Almost all their assignments and essays are typed on a computer .
All the students interviewed say they usually use a computer .
It's faster and easier to correct if using a computer . And that's why computers are being applied more and more often to modern education . But when people are
computers increasingly , problems appear .
"" When I'm writing with a pen , I find I often can't remember how to write a character , though I feel I'm familiar with it .""
"" I'm not in the mood to write when faced with a pen and paper .""
Many students don't feel this is something to worry about . Now that it's more convenient and efficient to write on a computer , why bother to handwrite ?
Many educators think differently . Shi Liwei , the headmaster of a famous primary school in the capital said "" Chinese characters enjoy both practical and aesthetic value . But those characters typed with computer keyboards only maintain their practical value . All the artistic beauty of the characters is lost . And handwriting contains the writer's emotion . Through one's handwriting , people can get to know one's thinking and personality . Beautiful writing will give people a better first impression of them .""
To encourage students to handwrite more , many primary schools in Beijing have made writing classes compulsory and in universities , some professors are asking students to turn in their homework and essays written by hand .
Answer:",3.81,461,2026-09-29T20:52:04.543839,0.0,0.8572,4,0.75,0.5357
race_0070,RACE,reading_comprehension,deepseek-r1:1.5b,"According to the text, we can infer that    _   .","A person named Bernard Jackson today is a free man, but he has many bitter memories. He spent five years in prison after a jury  wrongly convicted (...) him of raping two women. At Jackson's trial, although two witnesses testified that Jackson was with them in another location at the time of the crime, he was convicted  anyway. Why? The jury believed the testimony of the two victims, who positively identified Jackson as the man who had attacked them. The court eventually freed Jackson after the police found the real criminal.
Many factors influence the accuracy of eyewitness testimony. For instance, witnesses sometimes see photographs of several suspects before they try to identify the person they saw in a group of people. They can become confused by seeing many photographs of similar faces. The number of people in the group, and whether it is a person or a photograph, may also affect a witness's decision. People sometimes have difficulty identifying people of other races. The questions the police ask witnesses also have an effect on them.
Many people believe that police officers are more reliable than ordinary people. Psychologists decided to test this idea, and they discovered that it is not true. Two psychologists showed a film of crimes to both police officers and civilians. The psychologists found no difference between the police and the civilians in correctly remembering the details of the crimes.
Despite all the possibilities for inaccuracy, courts cannot omit eyewitness testimony from a trial. American courts depend almost completely on eyewitness testimony to resolve court cases. Sometimes it is the only evidence to a crime, such as rape. Furthermore, eyewitness testimony is often correct. Although people do sometimes make mistakes, and convict innocent people, more importantly, eyewitness testimony has rightly convicted a larger number of guilty people.
American courts depend on the ability of the twelve jurors, and not the judges, to determine the accuracy of the witness's testimony. It is their responsibility to decide if a certain witness could actually see, hear and remember what happened.","eyewitness testimony is valuable, though sometimes incorrect.","According to the text, the court can infer that the accuracy of eyewitness testimony is crucial in court cases, particularly when it is the sole evidence, such as in rape cases. The text highlights that the jury's ability to assess the reliability of each witness is essential, and that the text emphasizes the importance of this evidence in determining the guilt or innocence of the defendant.","According to the text, the court can infer that the accuracy of eyewitness testimony is crucial in court cases, particularly when it is the sole evidence, such as in rape cases. The text highlights that the jury's ability to assess the reliability of each witness is essential, and that the text emphasizes the importance of this evidence in determining the guilt or innocence of the defendant.",False,"You are a helpful and knowledgeable tutor.
Answer the following question clearly and concisely, in 2-4 sentences.

Question: According to the text, we can infer that    _   .
Context: A person named Bernard Jackson today is a free man, but he has many bitter memories. He spent five years in prison after a jury  wrongly convicted (...) him of raping two women. At Jackson's trial, although two witnesses testified that Jackson was with them in another location at the time of the crime, he was convicted  anyway. Why? The jury believed the testimony of the two victims, who positively identified Jackson as the man who had attacked them. The court eventually freed Jackson after the police found the real criminal.
Many factors influence the accuracy of eyewitness testimony. For instance, witnesses sometimes see photographs of several suspects before they try to identify the person they saw in a group of people. They can become confused by seeing many photographs of similar faces. The number of people in the group, and whether it is a person or a photograph, may also affect a witness's decision. People sometimes have difficulty identifying people of other races. The questions the police ask witnesses also have an effect on them.
Many people believe that police officers are more reliable than ordinary people. Psychologists decided to test this idea, and they discovered that it is not true. Two psychologists showed a film of crimes to both police officers and civilians. The psychologists found no difference between the police and the civilians in correctly remembering the details of the crimes.
Despite all the possibilities for inaccuracy, courts cannot omit eyewitness testimony from a trial. American courts depend almost completely on eyewitness testimony to resolve court cases. Sometimes it is the only evidence to a crime, such as rape. Furthermore, eyewitness testimony is often correct. Although people do sometimes make mistakes, and convict innocent people, more importantly, eyewitness testimony has rightly convicted a larger number of guilty people.
American courts depend on the ability of the twelve jurors, and not the judges, to determine the accuracy of the witness's testimony. It is their responsibility to decide if a certain witness could actually see, hear and remember what happened.
Answer:",2.63,314,2026-09-29T20:52:07.178754,0.0811,0.869,4,0.75,0.5667
race_0071,RACE,reading_comprehension,deepseek-r1:1.5b,What is the best title for this passage?,"No one wants to look stupid or do the wrong thing at a new job. It is important to make the right impression from the very first day. You will face new people. You will be in a new place.
It may be difficult to know what to do. Here are five tips to help you make it through the first days at a new job:
1. First impressions can last forever. Make sure you make a good one. Before your first day, find out if your new job has a dress code (rules about what you can wear to work). If so, be sure to follow it. No matter what, always be neat and clean.
2. Get to work on time.
3. Pay attention to introductions. One of the first things that your supervisor may do is to introduce you to co-workers. These co-workers will be important to you. They are the ones who will answer your questions when the boss is not around.
4. Ask plenty of questions. Make sure that your supervisor has told you what is expected of you. If he or she has not told you your duties, ask for a list. Set daily and weekly goals for yourself.
5. Never be the first one to leave. Observe  what your co-workers do around quitting time  . It does not look good for you to be eager to leave.",The First-day Work.,"The best title for this passage is ""Preparing for Success in a New Job Environment.""","The best title for this passage is ""Preparing for Success in a New Job Environment.""",False,"You are a helpful and knowledgeable tutor.
Answer the following question clearly and concisely, in 2-4 sentences.

Question: What is the best title for this passage?
Context: No one wants to look stupid or do the wrong thing at a new job. It is important to make the right impression from the very first day. You will face new people. You will be in a new place.
It may be difficult to know what to do. Here are five tips to help you make it through the first days at a new job:
1. First impressions can last forever. Make sure you make a good one. Before your first day, find out if your new job has a dress code (rules about what you can wear to work). If so, be sure to follow it. No matter what, always be neat and clean.
2. Get to work on time.
3. Pay attention to introductions. One of the first things that your supervisor may do is to introduce you to co-workers. These co-workers will be important to you. They are the ones who will answer your questions when the boss is not around.
4. Ask plenty of questions. Make sure that your supervisor has told you what is expected of you. If he or she has not told you your duties, ask for a list. Set daily and weekly goals for yourself.
5. Never be the first one to leave. Observe  what your co-workers do around quitting time  . It does not look good for you to be eager to leave.
Answer:",2.66,318,2026-09-29T20:52:09.839676,0.1053,0.8769,4,0.75,0.5774
race_0072,RACE,reading_comprehension,deepseek-r1:1.5b,Which of the following statements about Zhai Tiantian is true?,"When Chinese student Du Juan brought her American boyfriend home two years ago to use the toilet, her Japanese roommate became so upset that she shouted in English: ""I hate you.""
Du, then 21 and an undergraduate at Bridgewater State College in Massachusetts, was shocked. So was her boyfriend.
""Later I realized that she didn't literally mean what she said and that she was not aware of the full meaning of the word 'hate' in English,"" said Du. ""It was more a problem with translation,"" she added.
Cultural differences can cause confusion about what words or even actions mean, an issue that has come to the forefront recently following the arrest of a Chinese doctoral degree student in New Jersey.
Zhai Tiantian, who studied at the Stevens Institute of Technology, has been accused of trying to set fire to a campus building and of making threats to a professor who gave him a low mark. No physical _ took place but Zhai reportedly said something along the lines of ""at worst, I will risk anything on the line."" The professor called the campus police.
According to the indictment sheet , Zhai is facing the serious charge of making a terroristic threat.
For a few days, Chinese media mistranslated, or misunderstood, the charges and reported that Zhai was being charged with terrorism.
Some language experts have speculated  that the disagreement between Zhai and the professor can also be chalked up to cultural and linguistic differences. ""What Chinese people regard as acceptable speech may be regarded by Americans as threats,"" said Luo Gang, the Chinese Consulate's Overseas Chinese Affairs consul. ""This is an unfortunate incident. Even though Zhai intended no harm, he has done himself a great deal of harm.""
Du, now 23, said she supports Zhai's actions in fighting to save his academic career, but added he needs to learn more about communication in a foreign language.
""Chinese students in a foreign country must prepare more in terms of languages and conversation skills to avoid misunderstandings,"" she said.",He argued with a professor because he received a low mark.,,,False,"You are a helpful and knowledgeable tutor.
Answer the following question clearly and concisely, in 2-4 sentences.

Question: Which of the following statements about Zhai Tiantian is true?
Context: When Chinese student Du Juan brought her American boyfriend home two years ago to use the toilet, her Japanese roommate became so upset that she shouted in English: ""I hate you.""
Du, then 21 and an undergraduate at Bridgewater State College in Massachusetts, was shocked. So was her boyfriend.
""Later I realized that she didn't literally mean what she said and that she was not aware of the full meaning of the word 'hate' in English,"" said Du. ""It was more a problem with translation,"" she added.
Cultural differences can cause confusion about what words or even actions mean, an issue that has come to the forefront recently following the arrest of a Chinese doctoral degree student in New Jersey.
Zhai Tiantian, who studied at the Stevens Institute of Technology, has been accused of trying to set fire to a campus building and of making threats to a professor who gave him a low mark. No physical _ took place but Zhai reportedly said something along the lines of ""at worst, I will risk anything on the line."" The professor called the campus police.
According to the indictment sheet , Zhai is facing the serious charge of making a terroristic threat.
For a few days, Chinese media mistranslated, or misunderstood, the charges and reported that Zhai was being charged with terrorism.
Some language experts have speculated  that the disagreement between Zhai and the professor can also be chalked up to cultural and linguistic differences. ""What Chinese people regard as acceptable speech may be regarded by Americans as threats,"" said Luo Gang, the Chinese Consulate's Overseas Chinese Affairs consul. ""This is an unfortunate incident. Even though Zhai intended no harm, he has done himself a great deal of harm.""
Du, now 23, said she supports Zhai's actions in fighting to save his academic career, but added he needs to learn more about communication in a foreign language.
""Chinese students in a foreign country must prepare more in terms of languages and conversation skills to avoid misunderstandings,"" she said.
Answer:",4.24,512,2026-09-29T20:52:14.081059,0.0,0.8731,4,0.75,0.541
race_0073,RACE,reading_comprehension,deepseek-r1:1.5b,What life lesson do kids learn from skateboarding?,"Skateboarding has become one of several non-traditional activities that PE teachers around America are introducing to inspire kids to exercise regularly. Some PE classes feature in-line  skating, yoga, and even rock climbing. Experts have called those types of activities ""the new PE"".
Such activities are part of a larger effort to help kids develop lifelong fitness habits and to keep them from becoming overweight. Now, 9 million U.S. children and teens are overweight. Obesity   can lead to health problems such as diabetes and heart disease later in life.
""Our children and youth are becoming unhealthy and obese,"" says Johnson. ""Skateboarding is a great activity that keeps kids doing physical movement and gives them new skills and interest.""
Some schools don't allow skateboarding because they say it is dangerous. Tim, however, argues that regular practice eliminates a great deal of the danger. ""We teach students how to do it and how to do it safely,"" he says.
Some people say skateboarding teaches life lessons. ""Skateboarding teaches kids to believe that if they stick with  something they will finally succeed."" says education expert Richard Savor from College in Portland.
Skateboarding encourages kids not to give up in learning difficult skills. ""It's natural for kids to want to learn and get better at things,"" adds Tim. ""When it comes to skateboarding, they'll try a trick hundreds of times before they succeed."" The same effort could be made in schoolwork.
Eric Brown agrees that skateboarding requires kids to stop saying a task is too hard for them. ""A baby will attempt to walk 600 to 900 times before he or she is successful,"" says Eric, ""We tell students that they shouldn't say 'I can't do it' unless they've tried 600 to 900 times.",You will succeed in life if you don't give up.,"Skateboarding teaches kids to believe in themselves, keep trying, and not give up. It emphasizes perseverance and commitment, which are valuable life lessons.","Skateboarding teaches kids to believe in themselves, keep trying, and not give up. It emphasizes perseverance and commitment, which are valuable life lessons.",False,"You are a helpful and knowledgeable tutor.
Answer the following question clearly and concisely, in 2-4 sentences.

Question: What life lesson do kids learn from skateboarding?
Context: Skateboarding has become one of several non-traditional activities that PE teachers around America are introducing to inspire kids to exercise regularly. Some PE classes feature in-line  skating, yoga, and even rock climbing. Experts have called those types of activities ""the new PE"".
Such activities are part of a larger effort to help kids develop lifelong fitness habits and to keep them from becoming overweight. Now, 9 million U.S. children and teens are overweight. Obesity   can lead to health problems such as diabetes and heart disease later in life.
""Our children and youth are becoming unhealthy and obese,"" says Johnson. ""Skateboarding is a great activity that keeps kids doing physical movement and gives them new skills and interest.""
Some schools don't allow skateboarding because they say it is dangerous. Tim, however, argues that regular practice eliminates a great deal of the danger. ""We teach students how to do it and how to do it safely,"" he says.
Some people say skateboarding teaches life lessons. ""Skateboarding teaches kids to believe that if they stick with  something they will finally succeed."" says education expert Richard Savor from College in Portland.
Skateboarding encourages kids not to give up in learning difficult skills. ""It's natural for kids to want to learn and get better at things,"" adds Tim. ""When it comes to skateboarding, they'll try a trick hundreds of times before they succeed."" The same effort could be made in schoolwork.
Eric Brown agrees that skateboarding requires kids to stop saying a task is too hard for them. ""A baby will attempt to walk 600 to 900 times before he or she is successful,"" says Eric, ""We tell students that they shouldn't say 'I can't do it' unless they've tried 600 to 900 times.
Answer:",3.1,374,2026-09-29T20:52:17.189088,0.1765,0.8987,4,0.75,0.6084
race_0074,RACE,reading_comprehension,deepseek-r1:1.5b,"About William, which of the following is true?","Born in America in 1898, William was an extraordinary boy, gifted with an amazing IQ between 250 and 300. The genius went to a grammar school when he was only 6 years old and graduated just within 7 months. At the age of 11, he became the youngest student of the Harvard University. He graduated with high scores at the age of 16 and entered Harvard Law School at 18.
    Gifted with an amazing IQ between 220 and 230, Terence Tao makes it to this list of the people with the highest IQ in the world. Born in Adelaide, Australia in 1975, this genius first displayed his incredible intelligence at a mere age of 2, when he managed to solve basic arithmetic questions on his own. At the age of 16, he graduated with both Master's and Bachelor's degrees at the Flinders University. He has been considered as ''Mr. Fix it "" by Charles Fefferman, who is a professor of Mathematics at Princeton University, and many other mathematicians want to interest him in their problems.
    This 31-year-old Japanese-American astrophysicist lands him third in this list. At the age of 12, Christopher Hirata already worked on college-level courses, around the time most of us were just in the 7th grade. At the age of 13, this gifted kid became the youngest American to have ever won the gold medal in the International physics Olympiad.
At the age of 16, he was already working with NASA on its project to conquer planet Mars. After he was awarded the Ph.D. at Princeton University, he went back to California Institute of Technology.
    The next person with very high IQ is Albert Einstein. With an IQ between 160 and 190, Albert Einstein is the genius behind the theory of relativity, which has had great impact on the world of science. He possessed such an amazing ability that after his death, researchers were eager to preserve and make research on his brain in search for clues to his exceptional brilliance, which to this day, has remained a mystery. 
ks5u","At the age of 11, he became the youngest student at the Harvard University.","Albert Einstein is the genius behind the theory of relativity, which has had a great impact on the world of science.","Albert Einstein is the genius behind the theory of relativity, which has had a great impact on the world of science.",False,"You are a helpful and knowledgeable tutor.
Answer the following question clearly and concisely, in 2-4 sentences.

Question: About William, which of the following is true?
Context: Born in America in 1898, William was an extraordinary boy, gifted with an amazing IQ between 250 and 300. The genius went to a grammar school when he was only 6 years old and graduated just within 7 months. At the age of 11, he became the youngest student of the Harvard University. He graduated with high scores at the age of 16 and entered Harvard Law School at 18.
    Gifted with an amazing IQ between 220 and 230, Terence Tao makes it to this list of the people with the highest IQ in the world. Born in Adelaide, Australia in 1975, this genius first displayed his incredible intelligence at a mere age of 2, when he managed to solve basic arithmetic questions on his own. At the age of 16, he graduated with both Master's and Bachelor's degrees at the Flinders University. He has been considered as ''Mr. Fix it "" by Charles Fefferman, who is a professor of Mathematics at Princeton University, and many other mathematicians want to interest him in their problems.
    This 31-year-old Japanese-American astrophysicist lands him third in this list. At the age of 12, Christopher Hirata already worked on college-level courses, around the time most of us were just in the 7th grade. At the age of 13, this gifted kid became the youngest American to have ever won the gold medal in the International physics Olympiad.
At the age of 16, he was already working with NASA on its project to conquer planet Mars. After he was awarded the Ph.D. at Princeton University, he went back to California Institute of Technology.
    The next person with very high IQ is Albert Einstein. With an IQ between 160 and 190, Albert Einstein is the genius behind the theory of relativity, which has had great impact on the world of science. He possessed such an amazing ability that after his death, researchers were eager to preserve and make research on his brain in search for clues to his exceptional brilliance, which to this day, has remained a mystery. 
ks5u
Answer:",2.26,266,2026-09-29T20:52:19.456253,0.1714,0.8697,2,0.25,0.4304
race_0075,RACE,reading_comprehension,deepseek-r1:1.5b,What can we learn from this passage?    _,"There are a number of different ways to study a language, each of which has advantages and disadvantages. You may find a combination of these is a best choice for you.
If you can find a course in the language you want to learn in your country, this is quite a good way to study. A variety of courses are usually available, including part-time and full-time courses. If you look around, you can probably find a course that suits your needs.
The main advantage of such courses is that you'll have a teacher to provide you with instructions, support and with whom to practice your language. You will also be studying with others who are at more or less the same level and you can exchange ideas with them and help one another.
One choice is to study a language in a country where it's spoken. There are many schools teaching English, French, Spanish, Italian and German, but far fewer teaching other languages. The main advantage of studying abroad is that you are totally in the language, not just in class, but the rest of the time as well. As a result, you can make rapid progress.
The main disadvantage of studying abroad is the cost, not just of your course, but also of your food and travel. However, if you're a native speaker of English, you could get a job teaching English in a country where the language you want to learn is spoken.
Studying online is also a good choice. There are plenty to choose from a lot of languages. Many are free but there are some you have to pay for. Some of the paid ones provide support from teachers via email, chat programs, video conferencing, telephone or even face to face.","If you study a language in your own country, you can study with more partners of the same level.","The passage highlights that studying a language isn't just about the language itself but also about the methods used. It offers a balanced view, noting that while some methods like courses or living in the country might be expensive, others like studying online are free. This shows that there are multiple approaches to studying a language, each with its own pros and cons, especially regarding cost and other factors.","The passage highlights that studying a language isn't just about the language itself but also about the methods used. It offers a balanced view, noting that while some methods like courses or living in the country might be expensive, others like studying online are free. This shows that there are multiple approaches to studying a language, each with its own pros and cons, especially regarding cost and other factors.",False,"You are a helpful and knowledgeable tutor.
Answer the following question clearly and concisely, in 2-4 sentences.

Question: What can we learn from this passage?    _
Context: There are a number of different ways to study a language, each of which has advantages and disadvantages. You may find a combination of these is a best choice for you.
If you can find a course in the language you want to learn in your country, this is quite a good way to study. A variety of courses are usually available, including part-time and full-time courses. If you look around, you can probably find a course that suits your needs.
The main advantage of such courses is that you'll have a teacher to provide you with instructions, support and with whom to practice your language. You will also be studying with others who are at more or less the same level and you can exchange ideas with them and help one another.
One choice is to study a language in a country where it's spoken. There are many schools teaching English, French, Spanish, Italian and German, but far fewer teaching other languages. The main advantage of studying abroad is that you are totally in the language, not just in class, but the rest of the time as well. As a result, you can make rapid progress.
The main disadvantage of studying abroad is the cost, not just of your course, but also of your food and travel. However, if you're a native speaker of English, you could get a job teaching English in a country where the language you want to learn is spoken.
Studying online is also a good choice. There are plenty to choose from a lot of languages. Many are free but there are some you have to pay for. Some of the paid ones provide support from teachers via email, chat programs, video conferencing, telephone or even face to face.
Answer:",2.83,340,2026-09-29T20:52:22.286159,0.1573,0.8634,4,0.75,0.5902
race_0076,RACE,reading_comprehension,deepseek-r1:1.5b,"According to the passage, a proactive person's behavior can result from    _   .","The word proactivity is fairly common in management literature, but you won't find it in the dictionary. It means that as a human being you take responsibility for your own life.
Look at the word responsibility: ability to choose your response, response-ability. Effective people are proactive because they take responsibility. Their behavior is a product of their own decisions, based on values, rather than being a product of their own conditions, based on feelings.For instance, you are planning a picnic with your family.You're excited.You have all the preparations.You've decided where to go, and then it becomes stormy, killing your plan.Proactive people
. They realize what their purpose really was, and they creatively have a picnic elsewhere even if it's in their own basement with some special games, and make the best of that situation.The opposite of being proactive is to be reactive.Reactive people would say, ""What's the use?"" ""We can't do anything."" ""Oh this is so upsetting after all of our preparations and arrangements."" They try to persuade the people around them and usually the picnic will be cancelled.
Being proactive is really just being true to your human nature. Your basic nature is to act, and not to be acted upon.That's true, despite widely accepted theories of determinism used to explain human nature. Determinism says that you don't really choose anything and that what you call choices are nothing more than automatic responses to outside conditions.
The language of reactive people is like: "" I can't."" "" Don't have time."" "" I have to."" "" I must."" The whole spirit of that language is the transfer of responsibility.They think things are determined by their environment, or by their conditions, or by their conditioning or their genetic makeup.Psychologically, people who believe they are determined will produce the evidence to support the belief, and they increasingly feel victimized and out of control.They're not in charge of their life at all.
On the contrary, a proactive person exercises free will, the freedom to choose the response that best applies to his values.In that way, he gains control over the circumstances, rather than being controlled by them.",an inner belief,"According to the passage, a proactive person's behavior results from taking responsibility for one's own life.","According to the passage, a proactive person's behavior results from taking responsibility for one's own life.",False,"You are a helpful and knowledgeable tutor.
Answer the following question clearly and concisely, in 2-4 sentences.

Question: According to the passage, a proactive person's behavior can result from    _   .
Context: The word proactivity is fairly common in management literature, but you won't find it in the dictionary. It means that as a human being you take responsibility for your own life.
Look at the word responsibility: ability to choose your response, response-ability. Effective people are proactive because they take responsibility. Their behavior is a product of their own decisions, based on values, rather than being a product of their own conditions, based on feelings.For instance, you are planning a picnic with your family.You're excited.You have all the preparations.You've decided where to go, and then it becomes stormy, killing your plan.Proactive people
. They realize what their purpose really was, and they creatively have a picnic elsewhere even if it's in their own basement with some special games, and make the best of that situation.The opposite of being proactive is to be reactive.Reactive people would say, ""What's the use?"" ""We can't do anything."" ""Oh this is so upsetting after all of our preparations and arrangements."" They try to persuade the people around them and usually the picnic will be cancelled.
Being proactive is really just being true to your human nature. Your basic nature is to act, and not to be acted upon.That's true, despite widely accepted theories of determinism used to explain human nature. Determinism says that you don't really choose anything and that what you call choices are nothing more than automatic responses to outside conditions.
The language of reactive people is like: "" I can't."" "" Don't have time."" "" I have to."" "" I must."" The whole spirit of that language is the transfer of responsibility.They think things are determined by their environment, or by their conditions, or by their conditioning or their genetic makeup.Psychologically, people who believe they are determined will produce the evidence to support the belief, and they increasingly feel victimized and out of control.They're not in charge of their life at all.
On the contrary, a proactive person exercises free will, the freedom to choose the response that best applies to his values.In that way, he gains control over the circumstances, rather than being controlled by them.
Answer:",2.16,253,2026-09-29T20:52:24.454761,0.0,0.8696,4,0.75,0.5399
race_0077,RACE,reading_comprehension,deepseek-r1:1.5b,Larry got the following as praise for his hero action Except   _  .,"Talk about a real-life hero! Ten-year-old Larry Champagne from St. Louis, Missouri, hit the brake   on a runaway school bus. He saved himself and 20 other kids on board from disaster.
It all happened in one terrible accident. On the way to school, the bus driver, Ernestine Blackman, suddenly fell ill. Seeing the car was running away, the other kids started to scream, but Larry ran to the front and stopped the bus.
""At first I thought, 'We're going to die,'"" says Larry, ""but after I pressed the brake, I felt safe.""
Larry's speedy reaction made news all over the country. He appeared on TV shows as a hero. The bus company gave Larry a big gift. His school hung a medal of honor around his neck.
""My grandmother always tells me to do what's right,"" says Larry. He thanked his brother, Jerrick, 9, who ""helped me get the bus driver up"" during the emergency. How did he know how to stop the bus? _ . He helps his grandfather work on his old truck. ""He gets his hands dirty,"" says his grandfather. One thing is for certain: Larry knows where to find the brakes.",a scholarship from his school,"Larry's grandmother said, ""At first I thought, 'We're going to die,'"" and he thanked his brother, Jerrick, who helped him get the bus driver up. His grandfather said he gets his hands dirty, and one thing is for certain: Larry knows where to find the brakes. 

Answer: Larry's grandmother said he knew where to find the brakes.","Larry's grandmother said, ""At first I thought, 'We're going to die,'"" and he thanked his brother, Jerrick, who helped him get the bus driver up. His grandfather said he gets his hands dirty, and one thing is for certain: Larry knows where to find the brakes. 

Answer: Larry's grandmother said he knew where to find the brakes.",False,"You are a helpful and knowledgeable tutor.
Answer the following question clearly and concisely, in 2-4 sentences.

Question: Larry got the following as praise for his hero action Except   _  .
Context: Talk about a real-life hero! Ten-year-old Larry Champagne from St. Louis, Missouri, hit the brake   on a runaway school bus. He saved himself and 20 other kids on board from disaster.
It all happened in one terrible accident. On the way to school, the bus driver, Ernestine Blackman, suddenly fell ill. Seeing the car was running away, the other kids started to scream, but Larry ran to the front and stopped the bus.
""At first I thought, 'We're going to die,'"" says Larry, ""but after I pressed the brake, I felt safe.""
Larry's speedy reaction made news all over the country. He appeared on TV shows as a hero. The bus company gave Larry a big gift. His school hung a medal of honor around his neck.
""My grandmother always tells me to do what's right,"" says Larry. He thanked his brother, Jerrick, 9, who ""helped me get the bus driver up"" during the emergency. How did he know how to stop the bus? _ . He helps his grandfather work on his old truck. ""He gets his hands dirty,"" says his grandfather. One thing is for certain: Larry knows where to find the brakes.
Answer:",2.86,345,2026-09-29T20:52:27.317611,0.0308,0.83,4,0.75,0.5369
race_0078,RACE,reading_comprehension,deepseek-r1:1.5b,"According to the passage, John Keynes believed that  _  .","In his 1930 essay ""Economic Possibilities for Our Grandchildren "", John Keynes, a famous economist, wrote that human needs fall into two classes: absolute needs ,which are independent of what others have , and relative needs ,which make us feel superior to our fellows. He thought that although relative needs may indeed be insatiable   , this is not true of absolute needs.
Keynes was surely correct that only a small part of total spending is decided by the desire for superiority. He was greatly mistaken, however, in seeing this desire as the only source of insatiable demands.
Decisions to spend are also driven by ideas of quality which can influence the demands for almost all goods, including even basic goods like food. When a couple goes out for an anniversary dinner, for example, the thought of feeling superior to others probably never comes to them. Their goal is to share a special meal that stands out from other meals.
There are no obvious limits to the _ of demand for quality. For example, Porsche, a famous car producer, has a model which was considered perhaps the best sport car on the market Priced at over $120,000, it handles perfectly well and has great speed acceleration. But in 2004, the producer introduced some changes which made the model slightly better in handling and acceleration. People who really care about cars find these small improvements exciting. To get them, however, they must pay almost four times the price.
By placing the desire to be superior to others at the heart of his description of insatiable demands, Keynes actually reduced such demands. However, the desire for higher quality has no natural limits.",relative needs alone lead to insatiable demands,"According to the passage, John Keynes believed that there are no obvious limits to the demand for quality. This means that people can demand higher quality goods without any natural limit, unlike the feeling of being superior, which he thought was the only source of insatiable demands.","According to the passage, John Keynes believed that there are no obvious limits to the demand for quality. This means that people can demand higher quality goods without any natural limit, unlike the feeling of being superior, which he thought was the only source of insatiable demands.",False,"You are a helpful and knowledgeable tutor.
Answer the following question clearly and concisely, in 2-4 sentences.

Question: According to the passage, John Keynes believed that  _  .
Context: In his 1930 essay ""Economic Possibilities for Our Grandchildren "", John Keynes, a famous economist, wrote that human needs fall into two classes: absolute needs ,which are independent of what others have , and relative needs ,which make us feel superior to our fellows. He thought that although relative needs may indeed be insatiable   , this is not true of absolute needs.
Keynes was surely correct that only a small part of total spending is decided by the desire for superiority. He was greatly mistaken, however, in seeing this desire as the only source of insatiable demands.
Decisions to spend are also driven by ideas of quality which can influence the demands for almost all goods, including even basic goods like food. When a couple goes out for an anniversary dinner, for example, the thought of feeling superior to others probably never comes to them. Their goal is to share a special meal that stands out from other meals.
There are no obvious limits to the _ of demand for quality. For example, Porsche, a famous car producer, has a model which was considered perhaps the best sport car on the market Priced at over $120,000, it handles perfectly well and has great speed acceleration. But in 2004, the producer introduced some changes which made the model slightly better in handling and acceleration. People who really care about cars find these small improvements exciting. To get them, however, they must pay almost four times the price.
By placing the desire to be superior to others at the heart of his description of insatiable demands, Keynes actually reduced such demands. However, the desire for higher quality has no natural limits.
Answer:",3.75,451,2026-09-29T20:52:31.069768,0.1111,0.8534,3,0.5,0.4882
race_0079,RACE,reading_comprehension,deepseek-r1:1.5b,"According to Robert Foss, the high death rate of teenage drivers is mainly because of   _  .","A recent study, published in last week's Journal of the American Medical Association, offers a picture of how risky  it is to get a lift from a teenage driver. Indeed, a 16-year-old driver with three or more passengers is three times as likely to have a deadly accident as a teenager driving alone, while the risk of death for drivers between 30 and 59 decreases with each additional passenger.
The authors also found that the death rates for teenage drivers increased sharply after 10 p.m., and especially after midnight. With passengers in the car, the driver was even more likely to die in a late-night accident.
Robert Foss, a scientist at the University of North Carolina Highway Safety Research Center, says the higher death rates for teenage drivers have less to do with ""really stupid behavior"" than with just a lack of driving experience. ""The basic issue,"" he says, ""is that adults who are responsible for issuing licenses fail to recognize how complex and skilled a task driving is.""
Both he and the author of the study believe that the way to mitigate (......)the problem is to have states set up so-called graduated licensing systems, in which getting a license is a multistage process. A graduated license requires that a teenager first prove himself capable of driving in the presence of an adult, followed by a period of driving with night or passenger limits, before graduating to full driving licenses.
Graduated licensing systems have reduced teenage driver crashes, according to recent studies. About half of the states now have some sort of graduated licensing system in place, but only 10 of those states have limits on passengers. California is the strictest, with a new driver under 20 forbidden to carry any passenger (without the presence of an adult over 25) for the first six months.",their lack of driving experience,"According to Robert Foss, the high death rate among teenage drivers is primarily due to a lack of driving experience. He argues that even if drivers exhibit bad behavior, they still have significant driving experience, which contributes to the risk. Additionally, the study highlights that the risk decreases with each additional passenger, and the death rates increase sharply after 10 p.m. and midnight. Foss emphasizes that the issue is rooted in the age of drivers and the complexity of driving tasks.","According to Robert Foss, the high death rate among teenage drivers is primarily due to a lack of driving experience. He argues that even if drivers exhibit bad behavior, they still have significant driving experience, which contributes to the risk. Additionally, the study highlights that the risk decreases with each additional passenger, and the death rates increase sharply after 10 p.m. and midnight. Foss emphasizes that the issue is rooted in the age of drivers and the complexity of driving tasks.",False,"You are a helpful and knowledgeable tutor.
Answer the following question clearly and concisely, in 2-4 sentences.

Question: According to Robert Foss, the high death rate of teenage drivers is mainly because of   _  .
Context: A recent study, published in last week's Journal of the American Medical Association, offers a picture of how risky  it is to get a lift from a teenage driver. Indeed, a 16-year-old driver with three or more passengers is three times as likely to have a deadly accident as a teenager driving alone, while the risk of death for drivers between 30 and 59 decreases with each additional passenger.
The authors also found that the death rates for teenage drivers increased sharply after 10 p.m., and especially after midnight. With passengers in the car, the driver was even more likely to die in a late-night accident.
Robert Foss, a scientist at the University of North Carolina Highway Safety Research Center, says the higher death rates for teenage drivers have less to do with ""really stupid behavior"" than with just a lack of driving experience. ""The basic issue,"" he says, ""is that adults who are responsible for issuing licenses fail to recognize how complex and skilled a task driving is.""
Both he and the author of the study believe that the way to mitigate (......)the problem is to have states set up so-called graduated licensing systems, in which getting a license is a multistage process. A graduated license requires that a teenager first prove himself capable of driving in the presence of an adult, followed by a period of driving with night or passenger limits, before graduating to full driving licenses.
Graduated licensing systems have reduced teenage driver crashes, according to recent studies. About half of the states now have some sort of graduated licensing system in place, but only 10 of those states have limits on passengers. California is the strictest, with a new driver under 20 forbidden to carry any passenger (without the presence of an adult over 25) for the first six months.
Answer:",2.12,250,2026-09-29T20:52:33.192905,0.092,0.8646,4,0.75,0.5689
race_0080,RACE,reading_comprehension,deepseek-r1:1.5b,People in the US don't_when on the New Year's Eve.,"How will you celebrate New Year's Eve? By having a party with your classmates? Going to the karaoke for a singing competition? Many people around the world celebrate the day. Let's have a look at what people in other countries do.
    In the United States, thousands of people jam into Times Square in New York to welcome in the new year at midnight. The change from New Year's Eve and New Year's Day is very exciting. People count down   the seconds to welcome the new day as the New Year ball slowly gets down and lights up the area.
    In Spain, when the clock strikes midnight, everyone eats 12 grapes. They eat one grape for each toll   to bring good luck for the next 12 months of the new year.
    In Scotland, fireworks are set off in front of the Edinburgh Castle. Immediately after midnight, people sing Auld Lang Syne (<<>> ). The words are in Scottish and mean ""days gone by"". The famous Scottish poet Robert Burns wrote the song.
    In Brazil, most people wear white clothes on New Year's Eve to bring good luck for the new year. If they live near a beach, after midnight, people go there, light candles in the sand, throw flowers in the sea and make a wish. They say that the goddess who protects the sea will make their wishes come true.
    Did you know?
    The date January 1 was picked by the Roman leader Julius Caesar   as the change of the year when he established his own calendar in 46 BC. The month of January was named after the Roman god, Janus. He is pictured with two heads. One head looks forward and the other back. They represent a break between the old and new.",eat 12 grapes,"In the United States, New Year's Eve is celebrated with a mix of specific traditions and general excitement. Thousands of people gather at Times Square in New York City, marking the end of the year with a countdown of seconds, grape-eating contests, singing songs, and lighting fireworks. These traditions reflect the US's unique celebrations of the New Year, combining specific events with the general excitement of the holiday.","In the United States, New Year's Eve is celebrated with a mix of specific traditions and general excitement. Thousands of people gather at Times Square in New York City, marking the end of the year with a countdown of seconds, grape-eating contests, singing songs, and lighting fireworks. These traditions reflect the US's unique celebrations of the New Year, combining specific events with the general excitement of the holiday.",False,"You are a helpful and knowledgeable tutor.
Answer the following question clearly and concisely, in 2-4 sentences.

Question: People in the US don't_when on the New Year's Eve.
Context: How will you celebrate New Year's Eve? By having a party with your classmates? Going to the karaoke for a singing competition? Many people around the world celebrate the day. Let's have a look at what people in other countries do.
    In the United States, thousands of people jam into Times Square in New York to welcome in the new year at midnight. The change from New Year's Eve and New Year's Day is very exciting. People count down   the seconds to welcome the new day as the New Year ball slowly gets down and lights up the area.
    In Spain, when the clock strikes midnight, everyone eats 12 grapes. They eat one grape for each toll   to bring good luck for the next 12 months of the new year.
    In Scotland, fireworks are set off in front of the Edinburgh Castle. Immediately after midnight, people sing Auld Lang Syne (<<>> ). The words are in Scottish and mean ""days gone by"". The famous Scottish poet Robert Burns wrote the song.
    In Brazil, most people wear white clothes on New Year's Eve to bring good luck for the new year. If they live near a beach, after midnight, people go there, light candles in the sand, throw flowers in the sea and make a wish. They say that the goddess who protects the sea will make their wishes come true.
    Did you know?
    The date January 1 was picked by the Roman leader Julius Caesar   as the change of the year when he established his own calendar in 46 BC. The month of January was named after the Roman god, Janus. He is pictured with two heads. One head looks forward and the other back. They represent a break between the old and new.
Answer:",3.93,474,2026-09-29T20:52:37.124314,0.027,0.8177,4,0.75,0.5316
race_0081,RACE,reading_comprehension,deepseek-r1:1.5b,The author was given a gift because  _  .,"Three years ago when I was still in the University, I also worked at a restaurant.
An old man named Mr. Candido Filio was one of our regular customer at the restaurant. He was one of the most intelligent people I've ever known.
Every Sunday the Philippine Star Newspaper had a special page for word puzzles and among his peers  , Mr.Filio held the record for solving all the puzzles in less than five minutes. He encouraged me to solve them too, and for months and months, I did my best to beat him but failed.
Then one Sunday, I did it! I was able to complete them before anyone else. Everyone cheered for me. He came up to me with a smile and said,  "" No one has ever beaten me before. You are the first. I'll have a prize for you tomorrow.""
The next day, he gave me a special Scrabble set. I would have never been able to afford one like that by myself. Then he said to me,  "" Kate, what do you think is man's final goal in life? Happiness, isn't it? You are happy and that should be considered as a success. Many people spend a lifetime searching for that. Be thankful that you have found it."" I looked at him and knew that my life had changed, probably forever. He must have known that I always felt sad about not having much money.
He encouraged me to learn the game and love words. And true to his words, I was never able to beat him again.",she was the first person to beat Mr.Filio,"The author was given a gift because Mr. Candido Filio, an intelligent and encouraging person, inspired him to learn and grow.","The author was given a gift because Mr. Candido Filio, an intelligent and encouraging person, inspired him to learn and grow.",False,"You are a helpful and knowledgeable tutor.
Answer the following question clearly and concisely, in 2-4 sentences.

Question: The author was given a gift because  _  .
Context: Three years ago when I was still in the University, I also worked at a restaurant.
An old man named Mr. Candido Filio was one of our regular customer at the restaurant. He was one of the most intelligent people I've ever known.
Every Sunday the Philippine Star Newspaper had a special page for word puzzles and among his peers  , Mr.Filio held the record for solving all the puzzles in less than five minutes. He encouraged me to solve them too, and for months and months, I did my best to beat him but failed.
Then one Sunday, I did it! I was able to complete them before anyone else. Everyone cheered for me. He came up to me with a smile and said,  "" No one has ever beaten me before. You are the first. I'll have a prize for you tomorrow.""
The next day, he gave me a special Scrabble set. I would have never been able to afford one like that by myself. Then he said to me,  "" Kate, what do you think is man's final goal in life? Happiness, isn't it? You are happy and that should be considered as a success. Many people spend a lifetime searching for that. Be thankful that you have found it."" I looked at him and knew that my life had changed, probably forever. He must have known that I always felt sad about not having much money.
He encouraged me to learn the game and love words. And true to his words, I was never able to beat him again.
Answer:",2.64,315,2026-09-29T20:52:39.767122,0.2,0.8815,4,0.75,0.6105
race_0082,RACE,reading_comprehension,deepseek-r1:1.5b,What's the main idea of Paragraph 1,"Grown-ups are often surprised by how well they remember something they learned as children but have never practiced ever since. A man who has not had a chance to go swimming for years can still swim as well as ever when he gets back in the water. He can get on a bicycle after many years and still ride away. He can play catch and hit a ball as well as his son. A mother who has not thought about the words for years can teach her daughter the poem that begins ""Twinkle, twinkle, little star"" or remember the story of Cinderella or Goldilocks and the Three Bears.
One explanation is the law of overlearning, which can be stated as follows: Once we have learned something, additional learning trials increase the length of time we will remember it.
In childhood we usually continue to practice such skills as swimming, bicycle riding, and playing baseball long after we have learned them. We continue to listen to and remind ourselves of words such as ""Twinkle, twinkle, little star"" and childhood tales such as Cinderella and Goldilocks. We not only learn but overlearn.
The multiplication tables are an exception to the general rule. that we forget rather quickly the things that we learn in school, because they are another of the things we overlearn in childhood. The law of overlearning explains why cramming  for an examination, though it may result in a passing grade, is not a satisfactory way to learn a college course. By cramming, a student may learn the subject well enough to get by on the examination, but he is likely soon to forget almost everything he learned. A little overlearning, on the other hand, is really necessary for one's future development",People remember well what they learned in childhood.,"The main idea of Paragraph 1 is that overlearning is a natural human learning mechanism, particularly evident in skills and memory areas. Adults can still perform well despite years of not practicing, using examples from children and the brain's tendency to overlearn.","The main idea of Paragraph 1 is that overlearning is a natural human learning mechanism, particularly evident in skills and memory areas. Adults can still perform well despite years of not practicing, using examples from children and the brain's tendency to overlearn.",False,"You are a helpful and knowledgeable tutor.
Answer the following question clearly and concisely, in 2-4 sentences.

Question: What's the main idea of Paragraph 1
Context: Grown-ups are often surprised by how well they remember something they learned as children but have never practiced ever since. A man who has not had a chance to go swimming for years can still swim as well as ever when he gets back in the water. He can get on a bicycle after many years and still ride away. He can play catch and hit a ball as well as his son. A mother who has not thought about the words for years can teach her daughter the poem that begins ""Twinkle, twinkle, little star"" or remember the story of Cinderella or Goldilocks and the Three Bears.
One explanation is the law of overlearning, which can be stated as follows: Once we have learned something, additional learning trials increase the length of time we will remember it.
In childhood we usually continue to practice such skills as swimming, bicycle riding, and playing baseball long after we have learned them. We continue to listen to and remind ourselves of words such as ""Twinkle, twinkle, little star"" and childhood tales such as Cinderella and Goldilocks. We not only learn but overlearn.
The multiplication tables are an exception to the general rule. that we forget rather quickly the things that we learn in school, because they are another of the things we overlearn in childhood. The law of overlearning explains why cramming  for an examination, though it may result in a passing grade, is not a satisfactory way to learn a college course. By cramming, a student may learn the subject well enough to get by on the examination, but he is likely soon to forget almost everything he learned. A little overlearning, on the other hand, is really necessary for one's future development
Answer:",2.13,255,2026-09-29T20:52:41.907176,0.0784,0.8701,4,0.75,0.5662
race_0083,RACE,reading_comprehension,deepseek-r1:1.5b,What might be the best title for the text?,"A rainforest is an area covered by tall trees with the total high rainfall spreading quite equally through the year and the temperature rarely dipping below l6degC. Rainforests have a great effect on the world environment because they can take in heat from the sun and adjust the climate. Without the forest cover,these areas would reflect more heat into the atmosphere, warming the rest of the world. Losing the rainforests may also influence wind and rainfall patterns,potentially causing certain natural disasters all over the world.
In the past hundred years,humans have begun destroying rainforests in search of three major resources : land for crops,wood for paper and other products,land for raising farm animals. This action affects the environment as a whole. For example,a lot of carbon dioxide in the air comes from burning the rainforests. People obviously have a need for the resources we gain from cutting trees but we will suffer much more than we will benefit.
There are two main reasons for _ . Firstly,when people cut down trees,generally they can only use the land for a year or two. Secondly,cutting large sections of rainforests may provide a good supply of wood right now,but in the long run it actually reduces the world's wood supply.
Rainforests are often called the world's drug store. More than 25% of the medicines we use today come from plants in rainforests. However,fewer than l%of rainforest plants have been examined for their medical value. It is extremely likely that our best chance to cure diseases lies somewhere in the world's shrinking   rainforests.",Rainforests and the Environment,"""The Role and Challenges of Rainforests""","""The Role and Challenges of Rainforests""",False,"You are a helpful and knowledgeable tutor.
Answer the following question clearly and concisely, in 2-4 sentences.

Question: What might be the best title for the text?
Context: A rainforest is an area covered by tall trees with the total high rainfall spreading quite equally through the year and the temperature rarely dipping below l6degC. Rainforests have a great effect on the world environment because they can take in heat from the sun and adjust the climate. Without the forest cover,these areas would reflect more heat into the atmosphere, warming the rest of the world. Losing the rainforests may also influence wind and rainfall patterns,potentially causing certain natural disasters all over the world.
In the past hundred years,humans have begun destroying rainforests in search of three major resources : land for crops,wood for paper and other products,land for raising farm animals. This action affects the environment as a whole. For example,a lot of carbon dioxide in the air comes from burning the rainforests. People obviously have a need for the resources we gain from cutting trees but we will suffer much more than we will benefit.
There are two main reasons for _ . Firstly,when people cut down trees,generally they can only use the land for a year or two. Secondly,cutting large sections of rainforests may provide a good supply of wood right now,but in the long run it actually reduces the world's wood supply.
Rainforests are often called the world's drug store. More than 25% of the medicines we use today come from plants in rainforests. However,fewer than l%of rainforest plants have been examined for their medical value. It is extremely likely that our best chance to cure diseases lies somewhere in the world's shrinking   rainforests.
Answer:",3.05,368,2026-09-29T20:52:44.960615,0.2,0.9266,4,0.75,0.6255
race_0084,RACE,reading_comprehension,deepseek-r1:1.5b,"From the dialogue between Kiger and her mother, we can infer that  _  .","Eighteen-year-old Dana Kiger is happily running after balls on the soccer field. But not long ago, she couldn't remember her love of the game, her parents' faces or even her name.
At 16, the Tennessee honor student and star athlete was hit from behind while playing in a soccer game. She fell to the ground, her head striking the hard ground. The blow knocked out nearly all of Kiger's memories.
With no physical  injury or unusual change in her brain, doctors thought Kiger's memory would return in a few days. But it did not. And two and a half years later, it still hasn't. Kiger--who has no memory of her family, her childhood or her life before her injury--has had to create new memories, restart relationships and relearn old skills.
""The only thing I had ...I could walk, write, but I didn't know what to write,"" Kiger said of the days after the accident. ""Physically, I was OK, I guess, but mentally  I was troubled."" Doctors say long-term amnesia  brought on by a less severe brain injury like Kiger's is unusual. ""It's very rare for people to have this lasting problem with memory recovering,"" said Dr Roger Hartl at Weill Cornell Medical College.
Kiger's parents tried to help their daughter return to the life she once lived. ""She didn't know what food was,"" Kiger's mom said. ""She said, 'What is that?' I said, 'Lettuce."" She said, 'Do I like it?' I said, 'That's up to you to decide.'""
Kiger's natural ability on the soccer field was the one part of her earlier life that died immediately. And soon, she'll begin a new life at Slippery Rock University, where she plans to study physical therapy . Kiger said that while parts of her past still remain a mystery, she's focused  on what's to come. ""It is about my future,"" she said.",life was new to Kiger,"From the dialogue, we can infer that Kiger's memory is still recovering.","From the dialogue, we can infer that Kiger's memory is still recovering.",False,"You are a helpful and knowledgeable tutor.
Answer the following question clearly and concisely, in 2-4 sentences.

Question: From the dialogue between Kiger and her mother, we can infer that  _  .
Context: Eighteen-year-old Dana Kiger is happily running after balls on the soccer field. But not long ago, she couldn't remember her love of the game, her parents' faces or even her name.
At 16, the Tennessee honor student and star athlete was hit from behind while playing in a soccer game. She fell to the ground, her head striking the hard ground. The blow knocked out nearly all of Kiger's memories.
With no physical  injury or unusual change in her brain, doctors thought Kiger's memory would return in a few days. But it did not. And two and a half years later, it still hasn't. Kiger--who has no memory of her family, her childhood or her life before her injury--has had to create new memories, restart relationships and relearn old skills.
""The only thing I had ...I could walk, write, but I didn't know what to write,"" Kiger said of the days after the accident. ""Physically, I was OK, I guess, but mentally  I was troubled."" Doctors say long-term amnesia  brought on by a less severe brain injury like Kiger's is unusual. ""It's very rare for people to have this lasting problem with memory recovering,"" said Dr Roger Hartl at Weill Cornell Medical College.
Kiger's parents tried to help their daughter return to the life she once lived. ""She didn't know what food was,"" Kiger's mom said. ""She said, 'What is that?' I said, 'Lettuce."" She said, 'Do I like it?' I said, 'That's up to you to decide.'""
Kiger's natural ability on the soccer field was the one part of her earlier life that died immediately. And soon, she'll begin a new life at Slippery Rock University, where she plans to study physical therapy . Kiger said that while parts of her past still remain a mystery, she's focused  on what's to come. ""It is about my future,"" she said.
Answer:",2.12,247,2026-09-29T20:52:47.082398,0.1111,0.8756,3,0.5,0.4956
race_0085,RACE,reading_comprehension,deepseek-r1:1.5b,The writer thinks there is no use worrying about some causes of nervousness because_.,"I am a professor of sports and exercise so I often deal with nervousness in my research with sports people. Actually, most people experience nervousness at some time or another.
If you are feeling anxious, my advice is to first find the cause or causes. Make a list of those things that are making you nervous and work out which ones you can do something about. Focus all of your efforts on managing the causes that you can control.
Most people cannot tell the difference between controllable  and uncontrollable causes, so things they can't control become a big reason for nervousness. Dealing with this is very important if people want to keep a healthy mind.
Simply try to accept the uncontrollable causes of nervousness. You might be worried about the weather on a big day, an accident or an attack on the train, or perhaps just things that other people are doing at work. The results may be very important but there is still no use worrying because you can't control any of these things. Accept that you can't control everything. Once you understand this, it becomes easier not to worry.
If a situation, such as swimming, is causing you to be anxious, try to face it as often as possible so that you can get used to it.
It can often help to think about yourself doing the thing that makes you nervous--then close your eyes and imagine it going well. Imagine how the flight or job interview is going to happen so that you can get used to it. This will help you understand that the thing you fear most is probably not going to happen.",they cannot be controlled by people,,,False,"You are a helpful and knowledgeable tutor.
Answer the following question clearly and concisely, in 2-4 sentences.

Question: The writer thinks there is no use worrying about some causes of nervousness because_.
Context: I am a professor of sports and exercise so I often deal with nervousness in my research with sports people. Actually, most people experience nervousness at some time or another.
If you are feeling anxious, my advice is to first find the cause or causes. Make a list of those things that are making you nervous and work out which ones you can do something about. Focus all of your efforts on managing the causes that you can control.
Most people cannot tell the difference between controllable  and uncontrollable causes, so things they can't control become a big reason for nervousness. Dealing with this is very important if people want to keep a healthy mind.
Simply try to accept the uncontrollable causes of nervousness. You might be worried about the weather on a big day, an accident or an attack on the train, or perhaps just things that other people are doing at work. The results may be very important but there is still no use worrying because you can't control any of these things. Accept that you can't control everything. Once you understand this, it becomes easier not to worry.
If a situation, such as swimming, is causing you to be anxious, try to face it as often as possible so that you can get used to it.
It can often help to think about yourself doing the thing that makes you nervous--then close your eyes and imagine it going well. Imagine how the flight or job interview is going to happen so that you can get used to it. This will help you understand that the thing you fear most is probably not going to happen.
Answer:",4.25,512,2026-09-29T20:52:51.334087,0.0,0.8541,4,0.75,0.5347
race_0086,RACE,reading_comprehension,deepseek-r1:1.5b,What's the main idea of the text?,"The SAT is one of two major tests for the entrance to American colleges and universities. The other test is called the ACT. More than 2 million students take the SAT yearly, including about 100,000 foreign students. The organization of the SAT will change the entrance test in 2016. The College Board announced that the new SAT will no longer test students on rarely used words. But it will include passages from American historical documents or from writings on freedom and human rights.
The College Board says words on the new test will be related to usage. Students will be asked to tell the meaning of words according to the context of the reading passages. Nigerian student Peace Umoru is in her first year at Howard University. She says the rarely used words are the hardest part for international students. The new test will be easier because of the reform.
Eddie West is with the College Board. He says the new test will better predict a student's performance in college. The changes are moving the test in a positive direction. The new SAT pays more attention to skills and abilities that students need to succeed. The addition of material about American historical documents could make the test harder for international students. After all, they live in different countries with different cultures. But it's a good chance for them to understand the Declaration of Independence or Martin Luther King's work, or anything else that might be tested.
Students from other countries, particularly those who did not grow up learning English, may feel it is more difficult. For them, the test is in a foreign language. But the College Board says it has formed a free, online educational service. Khan Academy will provide preparation material linked to the newly designed SAT.",The SAT will change the entrance test in 2016.,"The SAT is being updated to include more content on American history and freedom, while removing the emphasis on rarely used words. This change aims to make the test easier and more aligned with college expectations, particularly for international students. The College Board is also offering free online resources to help prepare students.","The SAT is being updated to include more content on American history and freedom, while removing the emphasis on rarely used words. This change aims to make the test easier and more aligned with college expectations, particularly for international students. The College Board is also offering free online resources to help prepare students.",False,"You are a helpful and knowledgeable tutor.
Answer the following question clearly and concisely, in 2-4 sentences.

Question: What's the main idea of the text?
Context: The SAT is one of two major tests for the entrance to American colleges and universities. The other test is called the ACT. More than 2 million students take the SAT yearly, including about 100,000 foreign students. The organization of the SAT will change the entrance test in 2016. The College Board announced that the new SAT will no longer test students on rarely used words. But it will include passages from American historical documents or from writings on freedom and human rights.
The College Board says words on the new test will be related to usage. Students will be asked to tell the meaning of words according to the context of the reading passages. Nigerian student Peace Umoru is in her first year at Howard University. She says the rarely used words are the hardest part for international students. The new test will be easier because of the reform.
Eddie West is with the College Board. He says the new test will better predict a student's performance in college. The changes are moving the test in a positive direction. The new SAT pays more attention to skills and abilities that students need to succeed. The addition of material about American historical documents could make the test harder for international students. After all, they live in different countries with different cultures. But it's a good chance for them to understand the Declaration of Independence or Martin Luther King's work, or anything else that might be tested.
Students from other countries, particularly those who did not grow up learning English, may feel it is more difficult. For them, the test is in a foreign language. But the College Board says it has formed a free, online educational service. Khan Academy will provide preparation material linked to the newly designed SAT.
Answer:",4.01,485,2026-09-29T20:52:55.353140,0.1613,0.8919,4,0.75,0.6011
race_0087,RACE,reading_comprehension,deepseek-r1:1.5b,Which of the following is NOT TRUE according to the passage?,"A treasure trove hidden for centuries has been discovered in the underground vaults of a temple in southern India. The treasures include gold, diamonds and precious stones. The estimated value of the hoard is reportedly 22 billion US dollars.
Hundreds of armed police have been deployed around the temple. Meanwhile, a debate about how to use the money has also broken out across the country. After discovering the treasure trove in Sri Padmanabhaswamy Temple in the southern Indian state of Kerala, the local government has assured  security of the temple.
Elaborating on the security arrangements, Venugopalan Nair, Additional Director General of the Kerala Police, says the latest security devices are being used to guard the temple.
Venugopalan Nair, Additional Dir. Gen. of Kerala Police, said, ""We are trying to bring in the latest technology with regards to surveillance  cameras, with regards to, you know digitalizing the various things which are available inside. We are keeping a constant sort of surveillance for every movement, which happens in the whole area surrounding the temple.""
According to temple authorities, the crowd at the temple has increased steeply after news of the discovery of the treasure trove. And the Administrative Officer of the Temple says the government has initiated appropriate steps to control the curious crowds visiting the temple.
G. Jayasekharan Nair, administrative officer, said, ""To control the crowds the government itself is taking a lot of measures. They are trying to do whatever is possible from the premises of the temple. Apart from all that, the government has taken a favorable step and we are satisfied with them.""
Over the last week, a seven-member team of investigators broke into five secret subterranean vaults, and discovered jewels that have been lying untouched for hundreds of years.
As estimates of the treasures' worth rise, a fierce debate is growing regarding what to do with the discovery. Kerala's top elected leader said the wealth would remain with the temple, while others say it should be used to pay for poverty alleviation . However, the government is adhering to the Supreme Court's ruling on ownership of the treasure found in the temple.","The treasures include gold, diamonds and some old coins.",,,False,"You are a helpful and knowledgeable tutor.
Answer the following question clearly and concisely, in 2-4 sentences.

Question: Which of the following is NOT TRUE according to the passage?
Context: A treasure trove hidden for centuries has been discovered in the underground vaults of a temple in southern India. The treasures include gold, diamonds and precious stones. The estimated value of the hoard is reportedly 22 billion US dollars.
Hundreds of armed police have been deployed around the temple. Meanwhile, a debate about how to use the money has also broken out across the country. After discovering the treasure trove in Sri Padmanabhaswamy Temple in the southern Indian state of Kerala, the local government has assured  security of the temple.
Elaborating on the security arrangements, Venugopalan Nair, Additional Director General of the Kerala Police, says the latest security devices are being used to guard the temple.
Venugopalan Nair, Additional Dir. Gen. of Kerala Police, said, ""We are trying to bring in the latest technology with regards to surveillance  cameras, with regards to, you know digitalizing the various things which are available inside. We are keeping a constant sort of surveillance for every movement, which happens in the whole area surrounding the temple.""
According to temple authorities, the crowd at the temple has increased steeply after news of the discovery of the treasure trove. And the Administrative Officer of the Temple says the government has initiated appropriate steps to control the curious crowds visiting the temple.
G. Jayasekharan Nair, administrative officer, said, ""To control the crowds the government itself is taking a lot of measures. They are trying to do whatever is possible from the premises of the temple. Apart from all that, the government has taken a favorable step and we are satisfied with them.""
Over the last week, a seven-member team of investigators broke into five secret subterranean vaults, and discovered jewels that have been lying untouched for hundreds of years.
As estimates of the treasures' worth rise, a fierce debate is growing regarding what to do with the discovery. Kerala's top elected leader said the wealth would remain with the temple, while others say it should be used to pay for poverty alleviation . However, the government is adhering to the Supreme Court's ruling on ownership of the treasure found in the temple.
Answer:",4.31,512,2026-09-29T20:52:59.667699,0.0,0.8518,4,0.75,0.5339
race_0088,RACE,reading_comprehension,deepseek-r1:1.5b,What is mainly discussed in the text?,"Women had a significant part to play during World War II,which was the time when women also made their own contributions.Some women's great efforts and their names have been recorded in history.Here's a look at some of the strong figures of women in World War II.
Tatiana Nikolaevna Baramzina was born in Glazov of Russia on December 12,1919.In 1943,she was sent to the Central Women's Sniper Training School and upon her graduation in April,she was further sent to the front.She managed to kill around 16 enemies in the first three months!Unfortunately,she was captured  by the enemies and was killed on the fifth of July in 1944.Today,the street where she grew up has been renamed in her memory.
Anne Frank was a Germanborn Jewish girl who was wellknown for the publication of her diary that described all her experiences when the Germans occupied Holland in World War II.Anne was born on June 12,1929 and she,along with her family,went into hiding in July 1942.Two years later,her family was captured and seven months from her arrest,Anne Frank died of illness in early March 1945.
Margaret Ringenberg was born on 17 June,1921,in Indiana of America.She began her career during World War II when she became a ferry pilot for the Women Airforce Service Pilots.After that she turned a flight instructor in 1945.She even wrote her own book named Girls Can't Be Pilots.She passed away on 28 July,2008,after flying for 40,000 hours in the air.
Hannah Szenes was born on 17th July,1921 and was trained to parachute  by the British army into Yugoslavia during World War II.This task was given in order to save the Jews of Hungary.Her secret mission was not revealed even when she was tortured  following her arrest at the Hungarian border.Hannah Szenes had to brave immense tortures,yet she did not lose heart.She bravely battled it out and tried to sing to keep her spirits high!She also kept a record of events in her diary till 7th November,1944,when she was finally killed.
These names are just a few of the women who played a significant part in World War II.Their stories go a long way in showing the kind of lifestyles they led and their struggles and sacrifices.",Women played a significant role in World War II.,"The text primarily discusses the lives and struggles of three women from World War II: Tatiana Baramzina, Anne Frank, and Margaret Ringenberg. Each had significant roles in the war, including sniper, diary writer, and pilot, respectively. The focus is on their personal stories, experiences, and contributions, highlighting their struggles and the impact of their lives.","The text primarily discusses the lives and struggles of three women from World War II: Tatiana Baramzina, Anne Frank, and Margaret Ringenberg. Each had significant roles in the war, including sniper, diary writer, and pilot, respectively. The focus is on their personal stories, experiences, and contributions, highlighting their struggles and the impact of their lives.",False,"You are a helpful and knowledgeable tutor.
Answer the following question clearly and concisely, in 2-4 sentences.

Question: What is mainly discussed in the text?
Context: Women had a significant part to play during World War II,which was the time when women also made their own contributions.Some women's great efforts and their names have been recorded in history.Here's a look at some of the strong figures of women in World War II.
Tatiana Nikolaevna Baramzina was born in Glazov of Russia on December 12,1919.In 1943,she was sent to the Central Women's Sniper Training School and upon her graduation in April,she was further sent to the front.She managed to kill around 16 enemies in the first three months!Unfortunately,she was captured  by the enemies and was killed on the fifth of July in 1944.Today,the street where she grew up has been renamed in her memory.
Anne Frank was a Germanborn Jewish girl who was wellknown for the publication of her diary that described all her experiences when the Germans occupied Holland in World War II.Anne was born on June 12,1929 and she,along with her family,went into hiding in July 1942.Two years later,her family was captured and seven months from her arrest,Anne Frank died of illness in early March 1945.
Margaret Ringenberg was born on 17 June,1921,in Indiana of America.She began her career during World War II when she became a ferry pilot for the Women Airforce Service Pilots.After that she turned a flight instructor in 1945.She even wrote her own book named Girls Can't Be Pilots.She passed away on 28 July,2008,after flying for 40,000 hours in the air.
Hannah Szenes was born on 17th July,1921 and was trained to parachute  by the British army into Yugoslavia during World War II.This task was given in order to save the Jews of Hungary.Her secret mission was not revealed even when she was tortured  following her arrest at the Hungarian border.Hannah Szenes had to brave immense tortures,yet she did not lose heart.She bravely battled it out and tried to sing to keep her spirits high!She also kept a record of events in her diary till 7th November,1944,when she was finally killed.
These names are just a few of the women who played a significant part in World War II.Their stories go a long way in showing the kind of lifestyles they led and their struggles and sacrifices.
Answer:",2.94,343,2026-09-29T20:53:02.608852,0.1562,0.8819,4,0.75,0.596
race_0089,RACE,reading_comprehension,deepseek-r1:1.5b,Which of the following is the most important for the childcare job?,"Read the advertisements carefully.Then answer the questions that follow.
INTERESTED IN CHILDCARE?
Qualified person or preschool teacher needed for busy childcare center, south of the river.Full-time work guaranteed.Immediate start necessary.The candidate must be able to work as a co-operative team member.Phone 6345 2345 for an interview and fax resume to 6345 2345.
WE NEED OFFICE CLEANERS!
Three people are required for professional cleaning in the CBD area.Working hours from 5:00 pm on Mondays, Wednesdays & Fridays.Approximately five hours per shift.A good record is necessary.Experience preferred.Phone 6345 7843 now.
WANT TO WORK AS A DENTAL NURSE?
This is an exciting opportunity for a qualified dental nurse with a confident and cheerful personality to work in the School Dental Health Scheme.You must be able to get along well with children because the work involves talking to groups about dental health practices.For further information, visit our website at: schooldentalservices@ gov.sg.And fax your resume to 6234 4567.
FLORIST WANTED!
Are you a creative and trained florist with at least two years of experience? Then this may be just what you are seeking.The city's leading Florist Artist Studio needs another part-time member on their wedding team.Please phone 6098 7888 now!",The ability to work well with other people.,"The most critical job for the childcare job is the full-time childcare teacher, as it directly supports the children's care.","The most critical job for the childcare job is the full-time childcare teacher, as it directly supports the children's care.",False,"You are a helpful and knowledgeable tutor.
Answer the following question clearly and concisely, in 2-4 sentences.

Question: Which of the following is the most important for the childcare job?
Context: Read the advertisements carefully.Then answer the questions that follow.
INTERESTED IN CHILDCARE?
Qualified person or preschool teacher needed for busy childcare center, south of the river.Full-time work guaranteed.Immediate start necessary.The candidate must be able to work as a co-operative team member.Phone 6345 2345 for an interview and fax resume to 6345 2345.
WE NEED OFFICE CLEANERS!
Three people are required for professional cleaning in the CBD area.Working hours from 5:00 pm on Mondays, Wednesdays & Fridays.Approximately five hours per shift.A good record is necessary.Experience preferred.Phone 6345 7843 now.
WANT TO WORK AS A DENTAL NURSE?
This is an exciting opportunity for a qualified dental nurse with a confident and cheerful personality to work in the School Dental Health Scheme.You must be able to get along well with children because the work involves talking to groups about dental health practices.For further information, visit our website at: schooldentalservices@ gov.sg.And fax your resume to 6234 4567.
FLORIST WANTED!
Are you a creative and trained florist with at least two years of experience? Then this may be just what you are seeking.The city's leading Florist Artist Studio needs another part-time member on their wedding team.Please phone 6098 7888 now!
Answer:",3.99,482,2026-09-29T20:53:06.603206,0.0667,0.8666,2,0.25,0.3944
race_0090,RACE,reading_comprehension,deepseek-r1:1.5b,Good distribution means   _  .,"In the decade of the 1970s, the United Nations organized several important meetings on the human environment to study a very serious problem.We humans are destroying the world around us.We must learn to protect them, or life will be very bad for our children and grandchildren.
There are several major aspects to this problem.
Population
Most problems of the environment come from population growth.In 1700 there were 635 million people in the world; in 1900 there were 1.6 billion; in 1950, 2.5 billion; and in 1980, 4.4 billion.In the year 2010 there will be 7.3 billion.More people need more water, more food, more wood, and more petroleum.
Distribution
Scientists say there is enough water in the world for everyone, but some countries have a lot of water and some have only a little.Some areas get all rain during one season.The rest of the year is dry.
Petroleum
We are using up the world's petroleum.We use it in our cars and to heat our buildings in winter.Farmers use petrochemicals to make the soil rich.They use them to kill insects on those plants.These chemicals go into rivers and lakes and kill the fish there.Thousands of people also die from these chemicals every year.Chemicals also go into the air and pollute it.Winds carry this polluted air to other countries and other countries.
Poverty
Poor farmers use the same land over and over.The land needs a rest so it will be better next year.However, the farmer must have food every year.Poor people cut down trees for firewood.In some areas when the trees are gone, the land becomes desert.However, people need wood to cook their food now.Poor people cannot save the environment for the future.
We now have the information and the ability to solve these huge problems.However, this is not a problem for one country or one area of the world.It is a problem for all humans.The people and the nation of the world must work together to protect the world's resources.No one controls the future, but we all help make it.",having things in the right place at the right time.,"A good distribution is not the solution but the issue. Distribution refers to how resources are spread out, leading to problems like overpopulation, lack of resources, pollution, and environmental degradation. A better distribution is needed for a sustainable future.","A good distribution is not the solution but the issue. Distribution refers to how resources are spread out, leading to problems like overpopulation, lack of resources, pollution, and environmental degradation. A better distribution is needed for a sustainable future.",False,"You are a helpful and knowledgeable tutor.
Answer the following question clearly and concisely, in 2-4 sentences.

Question: Good distribution means   _  .
Context: In the decade of the 1970s, the United Nations organized several important meetings on the human environment to study a very serious problem.We humans are destroying the world around us.We must learn to protect them, or life will be very bad for our children and grandchildren.
There are several major aspects to this problem.
Population
Most problems of the environment come from population growth.In 1700 there were 635 million people in the world; in 1900 there were 1.6 billion; in 1950, 2.5 billion; and in 1980, 4.4 billion.In the year 2010 there will be 7.3 billion.More people need more water, more food, more wood, and more petroleum.
Distribution
Scientists say there is enough water in the world for everyone, but some countries have a lot of water and some have only a little.Some areas get all rain during one season.The rest of the year is dry.
Petroleum
We are using up the world's petroleum.We use it in our cars and to heat our buildings in winter.Farmers use petrochemicals to make the soil rich.They use them to kill insects on those plants.These chemicals go into rivers and lakes and kill the fish there.Thousands of people also die from these chemicals every year.Chemicals also go into the air and pollute it.Winds carry this polluted air to other countries and other countries.
Poverty
Poor farmers use the same land over and over.The land needs a rest so it will be better next year.However, the farmer must have food every year.Poor people cut down trees for firewood.In some areas when the trees are gone, the land becomes desert.However, people need wood to cook their food now.Poor people cannot save the environment for the future.
We now have the information and the ability to solve these huge problems.However, this is not a problem for one country or one area of the world.It is a problem for all humans.The people and the nation of the world must work together to protect the world's resources.No one controls the future, but we all help make it.
Answer:",2.82,334,2026-09-29T20:53:09.423480,0.0816,0.847,4,0.75,0.5595
race_0091,RACE,reading_comprehension,deepseek-r1:1.5b,The text mainly tells us----.,"Many of you may wonder what else to do besides watching TV or surfing the Internet on weekends.Why not have a picnic? Junior 2 students at Beijing No.4 Middle Schoo1 had a ""King of cooking"" competition*
Earlier this month,about 300 students at the schoo1 went to a suburb of Beijing to have the contest.They were divided into 24  groups.Each group had buyers,slicers   ,firemakers.washers and cooks.
Firemakers faced the most problems during the time.Some of them had no idea how to keep fire burning. ""The fire kept going out.we had to blow at the sparks and put on corn leaves and old newspapers,""said Wu Mofei,13.
""It took us an hour to make the fire.Our eyes had tears from all the smoke and our faces became dirty,""he added.
When the fires were finally made,the cooks became the busiest people.Huang Lanye made fried celery and ham pickled cabbage and tomato soup.
She was proud of her work.""It's my first time making Chinese dishes.My group members ate them up in minutes and said they were as delicious as what their parents made!"" said the 14-year-old girl.
Finally over ten students were titled ""King of Cooking"".Wang Xiaoyue,14,was one of them.""My group got a mark of 98 at the competition,''Wang said.""We have 1earned a lot while
having so much fun! We are the best!""
Beijing No.4 Middle School has been organizing similar fun activities for six years.""we want to give students a chance to get real life experiences and 1earn how to work as a team,''said Jia Dong,who works for the school's student affairs office.","a ""King of Cooking"" competition organized by Junior 2 students at Beijing No.4 Middle School","The text mainly tells us about a cooking competition at Beijing No.4 Middle School, emphasizing teamwork and practical skills.","The text mainly tells us about a cooking competition at Beijing No.4 Middle School, emphasizing teamwork and practical skills.",False,"You are a helpful and knowledgeable tutor.
Answer the following question clearly and concisely, in 2-4 sentences.

Question: The text mainly tells us----.
Context: Many of you may wonder what else to do besides watching TV or surfing the Internet on weekends.Why not have a picnic? Junior 2 students at Beijing No.4 Middle Schoo1 had a ""King of cooking"" competition*
Earlier this month,about 300 students at the schoo1 went to a suburb of Beijing to have the contest.They were divided into 24  groups.Each group had buyers,slicers   ,firemakers.washers and cooks.
Firemakers faced the most problems during the time.Some of them had no idea how to keep fire burning. ""The fire kept going out.we had to blow at the sparks and put on corn leaves and old newspapers,""said Wu Mofei,13.
""It took us an hour to make the fire.Our eyes had tears from all the smoke and our faces became dirty,""he added.
When the fires were finally made,the cooks became the busiest people.Huang Lanye made fried celery and ham pickled cabbage and tomato soup.
She was proud of her work.""It's my first time making Chinese dishes.My group members ate them up in minutes and said they were as delicious as what their parents made!"" said the 14-year-old girl.
Finally over ten students were titled ""King of Cooking"".Wang Xiaoyue,14,was one of them.""My group got a mark of 98 at the competition,''Wang said.""We have 1earned a lot while
having so much fun! We are the best!""
Beijing No.4 Middle School has been organizing similar fun activities for six years.""we want to give students a chance to get real life experiences and 1earn how to work as a team,''said Jia Dong,who works for the school's student affairs office.
Answer:",1.86,221,2026-09-29T20:53:11.290046,0.5,0.9132,4,0.75,0.7211
race_0092,RACE,reading_comprehension,deepseek-r1:1.5b,Why is it important to keep the heat out of the houses in southern Europe?,"What does the word ""home"" mean to you? How do you say the word in French? In Spanish? In your language? Although people usually know what the word means, it often has no exact translation. It's not surprising really, because the idea of home differs from country to country, and from person to person. A home is more than a roof and four walls. It's the cooking, eating, talking, playing and family living that go on inside, which are important as well. And at home you usually feel safe and relaxed.
But it's not just that homes look different in different countries, they also contain different things and reveal  different attitudes and needs. For example, in cold northern Europe, there's a fire in the living room or kitchen and all the chairs face it. In the south, where the sun shines a lot and it's more important to keep the heat out, there are small windows, cool stone floors and often no carpets. We asked some people about their homes.
How often do people move house in your country?
""In my country many people don't stay in one place for a very long time. They often move every ten years or so.""
Cheryl, Boston, USA
What are typical features of homes in your country?
""In Britain, even in town there's always a garden and sometimes a cellar . We have separate bedrooms and living rooms. But we don't often have balconies  . The weather isn't warm enough!""
-- Pat, Exeter, England",Because the sun there shines a lot.,"In southern Europe, it's crucial to keep the heat out of houses to ensure comfort and safety, especially during cold weather. Proper heating prevents the inside from becoming too cold, which is vital for families and residents. The word ""home"" translates to ""lieu de vie"" in French, ""viv","In southern Europe, it's crucial to keep the heat out of houses to ensure comfort and safety, especially during cold weather. Proper heating prevents the inside from becoming too cold, which is vital for families and residents. The word ""home"" translates to ""lieu de vie"" in French, ""viv",False,"You are a helpful and knowledgeable tutor.
Answer the following question clearly and concisely, in 2-4 sentences.

Question: Why is it important to keep the heat out of the houses in southern Europe?
Context: What does the word ""home"" mean to you? How do you say the word in French? In Spanish? In your language? Although people usually know what the word means, it often has no exact translation. It's not surprising really, because the idea of home differs from country to country, and from person to person. A home is more than a roof and four walls. It's the cooking, eating, talking, playing and family living that go on inside, which are important as well. And at home you usually feel safe and relaxed.
But it's not just that homes look different in different countries, they also contain different things and reveal  different attitudes and needs. For example, in cold northern Europe, there's a fire in the living room or kitchen and all the chairs face it. In the south, where the sun shines a lot and it's more important to keep the heat out, there are small windows, cool stone floors and often no carpets. We asked some people about their homes.
How often do people move house in your country?
""In my country many people don't stay in one place for a very long time. They often move every ten years or so.""
Cheryl, Boston, USA
What are typical features of homes in your country?
""In Britain, even in town there's always a garden and sometimes a cellar . We have separate bedrooms and living rooms. But we don't often have balconies  . The weather isn't warm enough!""
-- Pat, Exeter, England
Answer:",4.2,512,2026-09-29T20:53:15.490729,0.0357,0.8458,4,0.75,0.5438
race_0093,RACE,reading_comprehension,deepseek-r1:1.5b,The writer gives us the article to   _  .,"Both are so much related to each other. And both are so dissimilar! What are the differences between friendship and love? Is platonic  friendship possible between persons of opposite sex? Let us try and understand.
What is friendship? Why do we call a person our friend? When do we call someone a very good friend? If we care for a person, if we are always ready to help that person and if we share most of our thoughts with a person, they are our good friends. We can always count upon our good friends in an emergency. We are always sure that our friend will understand why we acted in a certain way. We need not explain anything to our very good friends. The friendship is so deep and the relationship is so close, that most of the things are automatically understood by our friends.
What about love? In a relationship of deep love, all the sharing that we discussed above are taken for granted. But love transcends(,) all these. During love, we are attached with a particular person, while in friendship, one may have many friends. A loving relationship makes one so much attached to the other, that one gets pained if his/her beloved is hurt! Love also involves a physical element. Friendship does not have that. This is a vital difference. Nature gives us love so that the species can go forward. Nature does not give us friendship.
Your heart beats will never increase in expectation of meeting your friend. You will not lie awake at night thinking about your friend. You will not feel totally lost, if you don't meet your friend for a few days. You will not have dreams in your eyes thinking about your friend. But in love, you will do all these and much more. Indeed, there is no comparison between love and friendship.",tell us the difference between love and friendship.,"Friendship and love are both deeply connected, but they differ in depth and attachment. Friendship is about sharing thoughts and helping each other, while love is deeply attached and attached to a specific person. Love has a physical element, while friendship does not.","Friendship and love are both deeply connected, but they differ in depth and attachment. Friendship is about sharing thoughts and helping each other, while love is deeply attached and attached to a specific person. Love has a physical element, while friendship does not.",False,"You are a helpful and knowledgeable tutor.
Answer the following question clearly and concisely, in 2-4 sentences.

Question: The writer gives us the article to   _  .
Context: Both are so much related to each other. And both are so dissimilar! What are the differences between friendship and love? Is platonic  friendship possible between persons of opposite sex? Let us try and understand.
What is friendship? Why do we call a person our friend? When do we call someone a very good friend? If we care for a person, if we are always ready to help that person and if we share most of our thoughts with a person, they are our good friends. We can always count upon our good friends in an emergency. We are always sure that our friend will understand why we acted in a certain way. We need not explain anything to our very good friends. The friendship is so deep and the relationship is so close, that most of the things are automatically understood by our friends.
What about love? In a relationship of deep love, all the sharing that we discussed above are taken for granted. But love transcends(,) all these. During love, we are attached with a particular person, while in friendship, one may have many friends. A loving relationship makes one so much attached to the other, that one gets pained if his/her beloved is hurt! Love also involves a physical element. Friendship does not have that. This is a vital difference. Nature gives us love so that the species can go forward. Nature does not give us friendship.
Your heart beats will never increase in expectation of meeting your friend. You will not lie awake at night thinking about your friend. You will not feel totally lost, if you don't meet your friend for a few days. You will not have dreams in your eyes thinking about your friend. But in love, you will do all these and much more. Indeed, there is no comparison between love and friendship.
Answer:",3.09,372,2026-09-29T20:53:18.583555,0.1569,0.8842,4,0.75,0.597
race_0094,RACE,reading_comprehension,deepseek-r1:1.5b,"Over a century ago, Mauritius   _  .","Any mistake made in the printing of a stamp raises its value to stamp collectors. A mistake on one inexpensive postage stamp has made the stamp worth a million and a half times its original value.
The mistake was made more than a hundred years ago in the British colony of Mauritius, a small island in the Indian Ocean. In 1847 an order for stamps was sent to a London printer-Mauritius was to become the fourth country in the world to issue stamps.
Before the order was filled and delivered, a ball was planned at Mauritius' Government House, and stamps were needed to send out the invitations. A local printer was instructed to copy the design for the stamps. He accidentally inscribed the words ""Post Office"" instead of ""Post Paid"" on the several hundred stamps that he printed.
Today there are only twenty-six of these misprinted stamps left fourteen One Penny Orange-Reds and twelve Two Penny Blues. Because of the Two Penny Blue's rareness and age, collectors have paid as much as $16 800 for it.",was one of the British colonies,"Over a century ago, Mauritius _ was the location of a mistake in the printing of a stamp. This mistake, particularly on an inexpensive postage stamp, caused its value to increase to a million and a half times its original value. The mistake occurred in 1847, when a local printer misprinted ""Post Office"" instead of ""Post Paid"" on several hundred stamps. This mistake led to the stamps being rare and valuable, with only a few remaining.","Over a century ago, Mauritius _ was the location of a mistake in the printing of a stamp. This mistake, particularly on an inexpensive postage stamp, caused its value to increase to a million and a half times its original value. The mistake occurred in 1847, when a local printer misprinted ""Post Office"" instead of ""Post Paid"" on several hundred stamps. This mistake led to the stamps being rare and valuable, with only a few remaining.",False,"You are a helpful and knowledgeable tutor.
Answer the following question clearly and concisely, in 2-4 sentences.

Question: Over a century ago, Mauritius   _  .
Context: Any mistake made in the printing of a stamp raises its value to stamp collectors. A mistake on one inexpensive postage stamp has made the stamp worth a million and a half times its original value.
The mistake was made more than a hundred years ago in the British colony of Mauritius, a small island in the Indian Ocean. In 1847 an order for stamps was sent to a London printer-Mauritius was to become the fourth country in the world to issue stamps.
Before the order was filled and delivered, a ball was planned at Mauritius' Government House, and stamps were needed to send out the invitations. A local printer was instructed to copy the design for the stamps. He accidentally inscribed the words ""Post Office"" instead of ""Post Paid"" on the several hundred stamps that he printed.
Today there are only twenty-six of these misprinted stamps left fourteen One Penny Orange-Reds and twelve Two Penny Blues. Because of the Two Penny Blue's rareness and age, collectors have paid as much as $16 800 for it.
Answer:",2.86,349,2026-09-29T20:53:21.453359,0.0741,0.8281,2,0.25,0.3841
race_0095,RACE,reading_comprehension,deepseek-r1:1.5b,Which of the following description is not correct ?,"Kabul,Oct.28 (Xinhuanet)--- Unknown armed men in military uniform kidnapped  three staff of the United Nations in the Afghan capital city at broad daylight Thursday ,Afghan officials confirmed  .
""Three armed men in military uniform  _ a UN car in Baraki area ofprefix = st1 /Kabulcity early afternoon and took away three persons including two women with them, ""Rohullah, a witness at the site told Xinhua.
The kidnappers also badly beat up the Afghan driver of the UN car, added Rohullah who is a lorry driver in the city. The area has been watched over by UN guards.
UN officials as well as Afghan confirmed the incident but refused to provide further information. The three kidnapped , according to some officials , who are from Britain, Ireland and Kosovo, were working for the UN-sponsored Joint Electoral Management Body (JEMB) overseeing the first presidential elections held on Oct.9 across Afghanistan and in Iran and Pakistan.
This is the first time that such an incident has taken place in the Afghan capital over the last three years
So far, no one has claimed responsibility for the kidnapping. However, remnants  of the former Taliban regime who failed to stop the great presidential elections have promised to continue holy war   until the US-led troops leave Afghanistan.",No UN staff had been kidnapped before this kidnapping,,,False,"You are a helpful and knowledgeable tutor.
Answer the following question clearly and concisely, in 2-4 sentences.

Question: Which of the following description is not correct ?
Context: Kabul,Oct.28 (Xinhuanet)--- Unknown armed men in military uniform kidnapped  three staff of the United Nations in the Afghan capital city at broad daylight Thursday ,Afghan officials confirmed  .
""Three armed men in military uniform  _ a UN car in Baraki area ofprefix = st1 /Kabulcity early afternoon and took away three persons including two women with them, ""Rohullah, a witness at the site told Xinhua.
The kidnappers also badly beat up the Afghan driver of the UN car, added Rohullah who is a lorry driver in the city. The area has been watched over by UN guards.
UN officials as well as Afghan confirmed the incident but refused to provide further information. The three kidnapped , according to some officials , who are from Britain, Ireland and Kosovo, were working for the UN-sponsored Joint Electoral Management Body (JEMB) overseeing the first presidential elections held on Oct.9 across Afghanistan and in Iran and Pakistan.
This is the first time that such an incident has taken place in the Afghan capital over the last three years
So far, no one has claimed responsibility for the kidnapping. However, remnants  of the former Taliban regime who failed to stop the great presidential elections have promised to continue holy war   until the US-led troops leave Afghanistan.
Answer:",4.19,512,2026-09-29T20:53:25.650099,0.0,0.8612,4,0.75,0.5371
race_0096,RACE,reading_comprehension,deepseek-r1:1.5b,We may infer from the text that the Journal of Phonetics is a magazine on  _  .,"The Queen's English is now sounding less upper-class, a scientific study of the Queen's Christmas broadcasts has found. Researchers have studied each of her messages to the Commonwealth countries since 1952 to find out the change in her pronunciation from the noble Upper Received to the Standard Received.
Jonathan Harrington, a professor at Germany's University of Munich, wanted to discover whether accent changes recorded over the past half century would take place within one person. ""As far as I know, there just is nobody else for whom there is this sort of broadcast records,"" he said.
He said the noble way of pronouncing vowels  had gradually lost ground as the noble upper-class accent over the past years. ""Her accent sounds slightly less noble than it did 50 years ago. But these are very, very small and slow changes that we don't notice from year to year.""
""We may be able to relate it to changes in the social classes,"" he told The Daily Telegraph, a British  newspaper. ""In 1952 she would have been heard saying 'thet men in the bleck het'. Now it would be 'that man in the black hat'. Similarly, she would have spoken of 'the citay' and'dutay', rather than 'citee' and 'dutee', and 'hame' rather than 'home'. In the 1950s she would have been 'lorst', but by the 1970s 'lost'.""
The Queen's broadcast is a personal message to the Commonwealth countries. Each Christmas, the 10-minute broadcast is put on TV at 3 pm in Britain as many families are recovering from their traditional turkey lunch .
The results were published  in the Journal of Phonetics.",speech sounds,The journal of Phonetics is a publication that focuses on studies related to the pronunciation and sounds of speech.,The journal of Phonetics is a publication that focuses on studies related to the pronunciation and sounds of speech.,False,"You are a helpful and knowledgeable tutor.
Answer the following question clearly and concisely, in 2-4 sentences.

Question: We may infer from the text that the Journal of Phonetics is a magazine on  _  .
Context: The Queen's English is now sounding less upper-class, a scientific study of the Queen's Christmas broadcasts has found. Researchers have studied each of her messages to the Commonwealth countries since 1952 to find out the change in her pronunciation from the noble Upper Received to the Standard Received.
Jonathan Harrington, a professor at Germany's University of Munich, wanted to discover whether accent changes recorded over the past half century would take place within one person. ""As far as I know, there just is nobody else for whom there is this sort of broadcast records,"" he said.
He said the noble way of pronouncing vowels  had gradually lost ground as the noble upper-class accent over the past years. ""Her accent sounds slightly less noble than it did 50 years ago. But these are very, very small and slow changes that we don't notice from year to year.""
""We may be able to relate it to changes in the social classes,"" he told The Daily Telegraph, a British  newspaper. ""In 1952 she would have been heard saying 'thet men in the bleck het'. Now it would be 'that man in the black hat'. Similarly, she would have spoken of 'the citay' and'dutay', rather than 'citee' and 'dutee', and 'hame' rather than 'home'. In the 1950s she would have been 'lorst', but by the 1970s 'lost'.""
The Queen's broadcast is a personal message to the Commonwealth countries. Each Christmas, the 10-minute broadcast is put on TV at 3 pm in Britain as many families are recovering from their traditional turkey lunch .
The results were published  in the Journal of Phonetics.
Answer:",2.19,262,2026-09-29T20:53:27.845414,0.0952,0.845,4,0.75,0.5634
race_0097,RACE,reading_comprehension,deepseek-r1:1.5b,What Mr.A.Walker does want to make known in his letter is that  _  .,"Sir,
    The majority(=Most) of your readers must have been surprised and shocked to read a letter from Mr.R.Hogg,published in last Wednesday's Herald.Mr.Hogg seems to think that his own convenience and that of motorists in general are the only things that matter in our city.
    I would have supported Mr.Hogg if he had just made suggestions to improve the situation.No doubt his problems would be partly solved if the local government built a multi-storey car park in the city center,instead of encouraging motorists to use public transport.All the same,judging from the tone of Mr.Hogg's letter,I suspect that motorists who are so careless of pedestrians' safety that they would rather park their ears on the pavement than hold up the traffic would probably be too lazy to use a multi-storey car park if they had to walk a few hundred yards to their destination afterwards.
    My main reason for writing,however,is much more important.Does Mr.Hogg realize that,according to figures  showed by the Department of Transport,13,000 people were knocked down in Britain last year because of ears being illegally parked either on the pavement or on crossings? In fact,although the total pedestrian casualty  rate has fallen over the last ten years,there has been an increase in accidents caused when pedestrians have to step out into the mad to avoid parked cars on the pavement and cannot see oncoming traffic.
    I cannot share Mr.Hogg's view that the government have paid little attention to""long-suffering motorists"":and I think the punishment for dangerous parking should be made severe enough to stop all motorists from breaking the law in this way.
A WALKER,
Proudfoot Lane,Carchester",careless parking may cause serious traffic accidents,Mr. A.Walker wants to make known his defense of his opinion that the government did not adequately address the needs of long-suffering motorists and that severe punishment for dangerous parking would be necessary.,Mr. A.Walker wants to make known his defense of his opinion that the government did not adequately address the needs of long-suffering motorists and that severe punishment for dangerous parking would be necessary.,False,"You are a helpful and knowledgeable tutor.
Answer the following question clearly and concisely, in 2-4 sentences.

Question: What Mr.A.Walker does want to make known in his letter is that  _  .
Context: Sir,
    The majority(=Most) of your readers must have been surprised and shocked to read a letter from Mr.R.Hogg,published in last Wednesday's Herald.Mr.Hogg seems to think that his own convenience and that of motorists in general are the only things that matter in our city.
    I would have supported Mr.Hogg if he had just made suggestions to improve the situation.No doubt his problems would be partly solved if the local government built a multi-storey car park in the city center,instead of encouraging motorists to use public transport.All the same,judging from the tone of Mr.Hogg's letter,I suspect that motorists who are so careless of pedestrians' safety that they would rather park their ears on the pavement than hold up the traffic would probably be too lazy to use a multi-storey car park if they had to walk a few hundred yards to their destination afterwards.
    My main reason for writing,however,is much more important.Does Mr.Hogg realize that,according to figures  showed by the Department of Transport,13,000 people were knocked down in Britain last year because of ears being illegally parked either on the pavement or on crossings? In fact,although the total pedestrian casualty  rate has fallen over the last ten years,there has been an increase in accidents caused when pedestrians have to step out into the mad to avoid parked cars on the pavement and cannot see oncoming traffic.
    I cannot share Mr.Hogg's view that the government have paid little attention to""long-suffering motorists"":and I think the punishment for dangerous parking should be made severe enough to stop all motorists from breaking the law in this way.
A WALKER,
Proudfoot Lane,Carchester
Answer:",3.32,401,2026-09-29T20:53:31.166195,0.0476,0.8602,4,0.75,0.5526
race_0098,RACE,reading_comprehension,deepseek-r1:1.5b,What is the best title for the passage?,"Chinese President Hu Jintao, on his way to talks with President George W. Bush in prefix = st1 /Washington, on Tuesday met with Bill Gates.  
After the meeting with Gates, the world's richest man, at Microsoft's headquarters, Hu restated that China would move against software pirates  all the time.
At Microsoft Corp.'s campus, Hu said on Tuesday he admired what Microsoft Chairman Bill Gates had achieved. He also sought to reassure Gates that China is serious about protecting intellectual property rights . 
""Because you, Mr. Bill Gates, are a friend of China, I'm a friend of Microsoft,"" Hu said.
""Also, I am dealing with the operating system produced by Microsoft every day,"" he added, to laughter. 
Gates responded: ""Thank you, it's a fantastic relationship,"" and then said: ""And if you ever need advice on how to use Windows, I'll be glad to help."" 
""Chinais focused on and has already accomplished much in creating and enforcing laws to protect intellectual property."" he said. ""We take our promises very seriously.""
Hu also said he would certainly welcome a further increase in Microsoft's investment in China.
""I'd also like to take this opportunity to assure you, Bill Gates, that we will certainly honor our words in protecting intellectual property rights,"" Hu said. 
In his brief visit to the Microsoft campus, Hu, accompanied by Gates and company CEO Steve Ballmer, saw some business technology demonstrations and toured Microsoft's Home of the Future, which features experimental technology that might someday be used in people's living spaces. 
Following the visit at Microsoft, about 100 guests, including former Secretary of State Henry Kissinger and former Gov. Gary Locke, the first Chinese-American governor, were invited to Gates' $100 million lakeside house on Lake Washington for a dinner. 
China has recently begun requiring Chinese computer makers to load legal software on their machines. 
In Seattle's Chinatown, many stores hung Chinese and U.S.flags to welcome Hu, and many in the crowd outside the stately Fairmont Hotel on Monday night where Hu was staying were there to support the Chinese president.",Hu Visits Microsoft.,"""The Meeting Between China's President and the World's Richest Man: Protecting Intellectual Property and Microsoft's Culture""","""The Meeting Between China's President and the World's Richest Man: Protecting Intellectual Property and Microsoft's Culture""",False,"You are a helpful and knowledgeable tutor.
Answer the following question clearly and concisely, in 2-4 sentences.

Question: What is the best title for the passage?
Context: Chinese President Hu Jintao, on his way to talks with President George W. Bush in prefix = st1 /Washington, on Tuesday met with Bill Gates.  
After the meeting with Gates, the world's richest man, at Microsoft's headquarters, Hu restated that China would move against software pirates  all the time.
At Microsoft Corp.'s campus, Hu said on Tuesday he admired what Microsoft Chairman Bill Gates had achieved. He also sought to reassure Gates that China is serious about protecting intellectual property rights . 
""Because you, Mr. Bill Gates, are a friend of China, I'm a friend of Microsoft,"" Hu said.
""Also, I am dealing with the operating system produced by Microsoft every day,"" he added, to laughter. 
Gates responded: ""Thank you, it's a fantastic relationship,"" and then said: ""And if you ever need advice on how to use Windows, I'll be glad to help."" 
""Chinais focused on and has already accomplished much in creating and enforcing laws to protect intellectual property."" he said. ""We take our promises very seriously.""
Hu also said he would certainly welcome a further increase in Microsoft's investment in China.
""I'd also like to take this opportunity to assure you, Bill Gates, that we will certainly honor our words in protecting intellectual property rights,"" Hu said. 
In his brief visit to the Microsoft campus, Hu, accompanied by Gates and company CEO Steve Ballmer, saw some business technology demonstrations and toured Microsoft's Home of the Future, which features experimental technology that might someday be used in people's living spaces. 
Following the visit at Microsoft, about 100 guests, including former Secretary of State Henry Kissinger and former Gov. Gary Locke, the first Chinese-American governor, were invited to Gates' $100 million lakeside house on Lake Washington for a dinner. 
China has recently begun requiring Chinese computer makers to load legal software on their machines. 
In Seattle's Chinatown, many stores hung Chinese and U.S.flags to welcome Hu, and many in the crowd outside the stately Fairmont Hotel on Monday night where Hu was staying were there to support the Chinese president.
Answer:",2.89,345,2026-09-29T20:53:34.066037,0.0909,0.8593,4,0.75,0.5667
race_0099,RACE,reading_comprehension,deepseek-r1:1.5b,Mrs. Satow would probably agree that   _,"After their 20-year-old son hanged himself during his winter break from the University of Arizona five years ago, Donna and Phil Satow wondered what signs they have overlooked, and started asking other students for answers.
What grew from this soul searching was Ulifeline (www. Ulifeline. org), a Web site where students can get answers to questions about depression by logging on through their universities. The site has been adopted as a resource by over 120 colleges, which can customize it with local information, and over 1.3 million students have logged on with their college ID's.
""It is a very solid Web site that raises awareness of suicide, de-stigmatizes mental illness and encourages people to seek the help they need,""said Paul Grayson, the director of counseling services at New York University, which started using the service nearly a year ago.
The main component of the Web site is the Self-screening program developed by Duke University Medical Center that tests students to determine whether they are at risk for depression, suicide and disorders like anorexia and drug dependences. Besides helping students, the services compiles anonymous student date, offering administrators an important window onto the mental health of its campus.
The site provides university users with links to local mental health services, a catalog of information on prescription drugs and side effects, and access to Go Ask Alice, a vast archive developed by Columbia University with hundreds of responses to anonymously posted inquires from college students worldwide. For students concerned about their friends, there is a section that describes warning signs for suicidal behavior and depression.
Yet it is hard to determine how effective the service is. The anonymity of the online service can even play out as a negative. ""There is no substitute for personal interaction ,"" said Dr. Lanny Berman, executive director of the American Association of Suicidology, based in Washington.
 _ ""The purpose is to find out if there are signs of depression and then direct people to the right places,"" said Ron Gibori, executive director of Ulifeline.
Mrs. Satow, who is still involved with Ulifeline, called it ""a knowledge base"" that might have prevented the death of her son, Jed. ""If Jed's friends had known the signs of depression, they might have seen something,"" she said.",Ulifeline is a worthwhile website,"The Satow sisters would likely agree that Ulifeline is a valuable resource for students seeking help with mental health, particularly depression. They emphasize the importance of personal interaction and caution against the use of anonymous services. The website serves as a knowledge base that could prevent Jed's suicide and supports mental health support.","The Satow sisters would likely agree that Ulifeline is a valuable resource for students seeking help with mental health, particularly depression. They emphasize the importance of personal interaction and caution against the use of anonymous services. The website serves as a knowledge base that could prevent Jed's suicide and supports mental health support.",False,"You are a helpful and knowledgeable tutor.
Answer the following question clearly and concisely, in 2-4 sentences.

Question: Mrs. Satow would probably agree that   _
Context: After their 20-year-old son hanged himself during his winter break from the University of Arizona five years ago, Donna and Phil Satow wondered what signs they have overlooked, and started asking other students for answers.
What grew from this soul searching was Ulifeline (www. Ulifeline. org), a Web site where students can get answers to questions about depression by logging on through their universities. The site has been adopted as a resource by over 120 colleges, which can customize it with local information, and over 1.3 million students have logged on with their college ID's.
""It is a very solid Web site that raises awareness of suicide, de-stigmatizes mental illness and encourages people to seek the help they need,""said Paul Grayson, the director of counseling services at New York University, which started using the service nearly a year ago.
The main component of the Web site is the Self-screening program developed by Duke University Medical Center that tests students to determine whether they are at risk for depression, suicide and disorders like anorexia and drug dependences. Besides helping students, the services compiles anonymous student date, offering administrators an important window onto the mental health of its campus.
The site provides university users with links to local mental health services, a catalog of information on prescription drugs and side effects, and access to Go Ask Alice, a vast archive developed by Columbia University with hundreds of responses to anonymously posted inquires from college students worldwide. For students concerned about their friends, there is a section that describes warning signs for suicidal behavior and depression.
Yet it is hard to determine how effective the service is. The anonymity of the online service can even play out as a negative. ""There is no substitute for personal interaction ,"" said Dr. Lanny Berman, executive director of the American Association of Suicidology, based in Washington.
 _ ""The purpose is to find out if there are signs of depression and then direct people to the right places,"" said Ron Gibori, executive director of Ulifeline.
Mrs. Satow, who is still involved with Ulifeline, called it ""a knowledge base"" that might have prevented the death of her son, Jed. ""If Jed's friends had known the signs of depression, they might have seen something,"" she said.
Answer:",3.61,434,2026-09-29T20:53:37.680954,0.1356,0.8655,4,0.75,0.5837
race_0100,RACE,reading_comprehension,deepseek-r1:1.5b,The writer tries to tell us  _  .,"Linda and Lucy were best friends. They graduated from high school and went to the same college for further studies.
After some days Linda found that her friend was behaving strangely. She would remain quiet, sleep too much and turn wild, very often. At first, Linda thought it was just because of the problems she had met in her studies. However, Lucy became even stranger over time. Finally, Linda couldn't take it any longer and asked Lucy about her strange behavior. Lucy broke into tears and said that she was going around with a boy, who was taking drugs and forcing her to take them, too.
Linda was shocked by her story. She then advised her friend to leave the boy. She reminded Lucy of her dreams of becoming a successful doctor and encouraged her to set an example for others. She also reminded her of how her parents would feel if they found out what their daughter was up to. Through her efforts, Lucy was finally able to leave the boy and drugs. During this time, her friend always stood by her.
Finally, the two friends graduated and their friendship grew stronger. They both became successful doctors, but never let each other down by getting into bad habits. They lived happily as close friends.
From the story we can know that true friends are those who encourage you to become the best you can ever be. They believe in you and will never leave you.",what a true friend is,"The writer is telling us that true friends encourage us to be our best and believe in us, never leaving us.","The writer is telling us that true friends encourage us to be our best and believe in us, never leaving us.",False,"You are a helpful and knowledgeable tutor.
Answer the following question clearly and concisely, in 2-4 sentences.

Question: The writer tries to tell us  _  .
Context: Linda and Lucy were best friends. They graduated from high school and went to the same college for further studies.
After some days Linda found that her friend was behaving strangely. She would remain quiet, sleep too much and turn wild, very often. At first, Linda thought it was just because of the problems she had met in her studies. However, Lucy became even stranger over time. Finally, Linda couldn't take it any longer and asked Lucy about her strange behavior. Lucy broke into tears and said that she was going around with a boy, who was taking drugs and forcing her to take them, too.
Linda was shocked by her story. She then advised her friend to leave the boy. She reminded Lucy of her dreams of becoming a successful doctor and encouraged her to set an example for others. She also reminded her of how her parents would feel if they found out what their daughter was up to. Through her efforts, Lucy was finally able to leave the boy and drugs. During this time, her friend always stood by her.
Finally, the two friends graduated and their friendship grew stronger. They both became successful doctors, but never let each other down by getting into bad habits. They lived happily as close friends.
From the story we can know that true friends are those who encourage you to become the best you can ever be. They believe in you and will never leave you.
Answer:",2.13,254,2026-09-29T20:53:39.811787,0.1538,0.886,4,0.75,0.5966
race_0101,RACE,reading_comprehension,deepseek-r1:1.5b,The author of the passage intends to  _  .,"Though the facts that too many people on earth and a too rapid increase in the number added each year are not in argument, we always begin the discussion of ""population as global issue"" with what most persons mean like this. It was quite right to compare demographic growth to ""a long, thin powder fuse that bums steadily and hesitatingly until it finally reaches the charge and explodes"".
To understand the current situation, which is characterized by rapid increases in population, it is necessary to understand the history of population trends. Rapid growth is a comparatively recent phenomenon. Looking back at the 8,000 years of demographic history, we find that populations have been virtually stable or growing very slightly for most of human history. For most of our ancestors, life was hard, often nasty, and very short. There was high fertility in most places, but this was usually balanced by high mortality. For most of human history, it was seldom the case that one in ten persons would live past forty, while infancy and childhood were especially risky periods. Often, societies were in clear danger of extinction because death rates could exceed their birthrates. Thus, the population problem throughout most of history was how to prevent extinction of the human race.
This pattern is important to notice. Not only does it put the current problems of demographic growth into a historical perspective, but it suggests that the cause of rapid increase in population in recent years is not a sudden
enthusiasm for more children, but an improvement in the conditions that traditionally have caused high mortality.
Demographic history can be divided into two major periods: a time of long, slow growth which extended from about 8000 B.C. till approximately 1650 A.D. In the first period of some 9,600 years, the population increased from some 8 million to 500 million in 1650. Between 1650 and 1975, the population has increased from 500 million to more than 4 billion. And the population reached 6.2 billion throughout the world by the year 2000, One way to appreciate this dramatic difference in such abstract numbers is to reduce the time frame to something that is more manageable. Between 8000 B.C. and 1650, an average of only 50,000 persons was being added annually to the world's population, At present, this number is added every six hours. The increase is about 800000,000 persons annually.",present us a brief and clear picture of the demographic growth,"The author is suggesting that recent population growth isn't just about having more people but about improving health and living conditions, which prevent the race from going extinct.","The author is suggesting that recent population growth isn't just about having more people but about improving health and living conditions, which prevent the race from going extinct.",False,"You are a helpful and knowledgeable tutor.
Answer the following question clearly and concisely, in 2-4 sentences.

Question: The author of the passage intends to  _  .
Context: Though the facts that too many people on earth and a too rapid increase in the number added each year are not in argument, we always begin the discussion of ""population as global issue"" with what most persons mean like this. It was quite right to compare demographic growth to ""a long, thin powder fuse that bums steadily and hesitatingly until it finally reaches the charge and explodes"".
To understand the current situation, which is characterized by rapid increases in population, it is necessary to understand the history of population trends. Rapid growth is a comparatively recent phenomenon. Looking back at the 8,000 years of demographic history, we find that populations have been virtually stable or growing very slightly for most of human history. For most of our ancestors, life was hard, often nasty, and very short. There was high fertility in most places, but this was usually balanced by high mortality. For most of human history, it was seldom the case that one in ten persons would live past forty, while infancy and childhood were especially risky periods. Often, societies were in clear danger of extinction because death rates could exceed their birthrates. Thus, the population problem throughout most of history was how to prevent extinction of the human race.
This pattern is important to notice. Not only does it put the current problems of demographic growth into a historical perspective, but it suggests that the cause of rapid increase in population in recent years is not a sudden
enthusiasm for more children, but an improvement in the conditions that traditionally have caused high mortality.
Demographic history can be divided into two major periods: a time of long, slow growth which extended from about 8000 B.C. till approximately 1650 A.D. In the first period of some 9,600 years, the population increased from some 8 million to 500 million in 1650. Between 1650 and 1975, the population has increased from 500 million to more than 4 billion. And the population reached 6.2 billion throughout the world by the year 2000, One way to appreciate this dramatic difference in such abstract numbers is to reduce the time frame to something that is more manageable. Between 8000 B.C. and 1650, an average of only 50,000 persons was being added annually to the world's population, At present, this number is added every six hours. The increase is about 800000,000 persons annually.
Answer:",2.54,299,2026-09-29T20:53:42.352938,0.1,0.8603,4,0.75,0.5701
race_0102,RACE,reading_comprehension,deepseek-r1:1.5b,How docs Zoe feel about the country life according to the passage?,"Zoe Chambers was a successful PR(Public Relations) consultant and life was going well -- she had a great job, beautiful flat and a busy social life in London. Then one evening in June last year, she received a text message telling her she was out of work. ""The first two weeks were the most difficult to live through."" she said. ""After everything I'd done for the company, they dismissed me by text! I was so angry and I just didn't feel like looking for another job. I hate everything about the city and my life.""
Then, Zoe received an invitation from an old school friend, Kathy, to come and stay. Kathy and her husband, Huw, had just bought a farm in north-west Wales. Zoe jumped at the chance to spend a weekend away from London, and now, ten months later she is still on the farm.
""The moment I arrived at Kathy's farm, I loved it and I knew I wanted to stay."" said Zoe. ""Everything about my past life suddenly seemed meaningless.""
Zoe has been working on the farm since October of last year and says she has no regrets. ""It's a hard life, physically very tiring."" she says. ""In London 1 was stressed and often mentally exhausted. But this is a good, healthy tiredness. Here, all I need to put me in a good mood is a hot bath and one of Kathy's wonderful dinners.""
Zoe says she has never felt bored on the farm. Every day brings a new experience. Kathy has been teaching her how to ride a horse and she has learnt to drive a tractor. Since Christmas, she has been helping with the lambing -- watching a lamb being born is unbelievable, she says, ""It's one of the most moving experiences I've ever had. I could never go back to city life now.""",Physically tiring but rewarding.,Zoe felt like she was stuck in a cycle of,Zoe felt like she was stuck in a cycle of,False,"You are a helpful and knowledgeable tutor.
Answer the following question clearly and concisely, in 2-4 sentences.

Question: How docs Zoe feel about the country life according to the passage?
Context: Zoe Chambers was a successful PR(Public Relations) consultant and life was going well -- she had a great job, beautiful flat and a busy social life in London. Then one evening in June last year, she received a text message telling her she was out of work. ""The first two weeks were the most difficult to live through."" she said. ""After everything I'd done for the company, they dismissed me by text! I was so angry and I just didn't feel like looking for another job. I hate everything about the city and my life.""
Then, Zoe received an invitation from an old school friend, Kathy, to come and stay. Kathy and her husband, Huw, had just bought a farm in north-west Wales. Zoe jumped at the chance to spend a weekend away from London, and now, ten months later she is still on the farm.
""The moment I arrived at Kathy's farm, I loved it and I knew I wanted to stay."" said Zoe. ""Everything about my past life suddenly seemed meaningless.""
Zoe has been working on the farm since October of last year and says she has no regrets. ""It's a hard life, physically very tiring."" she says. ""In London 1 was stressed and often mentally exhausted. But this is a good, healthy tiredness. Here, all I need to put me in a good mood is a hot bath and one of Kathy's wonderful dinners.""
Zoe says she has never felt bored on the farm. Every day brings a new experience. Kathy has been teaching her how to ride a horse and she has learnt to drive a tractor. Since Christmas, she has been helping with the lambing -- watching a lamb being born is unbelievable, she says, ""It's one of the most moving experiences I've ever had. I could never go back to city life now.""
Answer:",4.24,512,2026-09-29T20:53:46.594296,0.0,0.8855,3,0.5,0.4618
race_0103,RACE,reading_comprehension,deepseek-r1:1.5b,Scientists are most worried that the space junk   _  .,"Since people first sent rockets into space in the 1950s, we have been leaving behind all sorts of things. Some of them, like the camera, were lost by astronauts while they did work outside their spaceship. But much of the space junk is made up of little pieces of things that were once bigger objects, until they struck each other and broke apart.
Some things we send into space fall back toward the earth and burn up in the atmosphere. But larger pieces sometimes survive the extreme heat and hit the ground or the ocean at great speeds. So there is always concern that something may fall from the sky and do some harm.
But space junk falling on housetops   is not the biggest worry. Scientists are concerned about what happens when an empty rocket strikes another while orbiting   the earth. Two big things become many smaller things. They then hit other things. The pieces get smaller and smaller until they form a cloud of junk that blocks the path of future space vehicles.
So what can be done to clean up the space around our planet? Marco Castronuovo, an Italian researcher, talks about sending a satellite into space that would get very close to some of the larger pieces of space junk. The satellite would connect a small rocket to the useless object. When the rocket explodes, it pushes the junk into a lower and slower orbit, nearer the earth. After a time, the junk burns up in the atmosphere.
Mr. Castronuovo has proposed   using a number of small satellites with robotic arms. One arm would catch the space junk, and another arm would connect the rocket. He imagines that each satellite would jump from one large piece of junk to another. He thinks this method could destroy about ten large objects each year.
Scientists have been concerned about space junk for many years. Right now, the costs of the clean-up have been too great. Mr. Castronuovo says his system could be put in place for a much more reasonable amount of money.",will stop the future space vehicles,,,False,"You are a helpful and knowledgeable tutor.
Answer the following question clearly and concisely, in 2-4 sentences.

Question: Scientists are most worried that the space junk   _  .
Context: Since people first sent rockets into space in the 1950s, we have been leaving behind all sorts of things. Some of them, like the camera, were lost by astronauts while they did work outside their spaceship. But much of the space junk is made up of little pieces of things that were once bigger objects, until they struck each other and broke apart.
Some things we send into space fall back toward the earth and burn up in the atmosphere. But larger pieces sometimes survive the extreme heat and hit the ground or the ocean at great speeds. So there is always concern that something may fall from the sky and do some harm.
But space junk falling on housetops   is not the biggest worry. Scientists are concerned about what happens when an empty rocket strikes another while orbiting   the earth. Two big things become many smaller things. They then hit other things. The pieces get smaller and smaller until they form a cloud of junk that blocks the path of future space vehicles.
So what can be done to clean up the space around our planet? Marco Castronuovo, an Italian researcher, talks about sending a satellite into space that would get very close to some of the larger pieces of space junk. The satellite would connect a small rocket to the useless object. When the rocket explodes, it pushes the junk into a lower and slower orbit, nearer the earth. After a time, the junk burns up in the atmosphere.
Mr. Castronuovo has proposed   using a number of small satellites with robotic arms. One arm would catch the space junk, and another arm would connect the rocket. He imagines that each satellite would jump from one large piece of junk to another. He thinks this method could destroy about ten large objects each year.
Scientists have been concerned about space junk for many years. Right now, the costs of the clean-up have been too great. Mr. Castronuovo says his system could be put in place for a much more reasonable amount of money.
Answer:",4.23,512,2026-09-29T20:53:50.833446,0.0,0.8619,4,0.75,0.5373
race_0104,RACE,reading_comprehension,deepseek-r1:1.5b,What do you think is possibly the author's attitude towards the Car Free Day?,"108 cities in China took part in World Car Free Day on Saturday to promote environmentally-friendly transport and ease increasingly grid-locked city streets.It's a highlight of a nationwide urban public transport week.People were urged to take public transport,ride bikes or walk.
To help out,more than 200 new buses took to the streets.And the Beijing Subway laid on 10 more trains for rush hour.
A Beijing resident said, ""Today is Car Free Day,and I do find the traffic much better and the bus can go much faster.""
Another resident said,""I spent only half an hour to go to work.It took me twice as long before. And  I can find seat on the bus today.""
But in some areas not signed up for traffic control,endless lines of cars can still be seen.
Some people say they just can't do without their cars.
Another Beijing resident said,""Some people are willing to give up driving,but on certain days when I have to take my child to school or weekend classes,the public transport is so bad that I can't do it without a car.""
But the concept of""green""traffic is catching on .People say they believe it's the first and honest step in facing the serious traffic and environmental problems.
A driver said,""The Car Free Day has a very important symbolic meaning.It does not mean that we must give up cars.It is to promote a concept,to encourage more people to contribute to the protection of the environment.""
The Ministry of Construction calculates""Car Free Day""will cut 3000 tons of emissions  and save 33 million liters of gasoline.And it's planning more frequent activities to raise public consciousness of energy conservation and environmental protection.",Positive.,"The author supports Car Free Day as a positive movement towards environmental sustainability, encouraging the use of public transport and acknowledging the need for cars in some contexts.","The author supports Car Free Day as a positive movement towards environmental sustainability, encouraging the use of public transport and acknowledging the need for cars in some contexts.",False,"You are a helpful and knowledgeable tutor.
Answer the following question clearly and concisely, in 2-4 sentences.

Question: What do you think is possibly the author's attitude towards the Car Free Day?
Context: 108 cities in China took part in World Car Free Day on Saturday to promote environmentally-friendly transport and ease increasingly grid-locked city streets.It's a highlight of a nationwide urban public transport week.People were urged to take public transport,ride bikes or walk.
To help out,more than 200 new buses took to the streets.And the Beijing Subway laid on 10 more trains for rush hour.
A Beijing resident said, ""Today is Car Free Day,and I do find the traffic much better and the bus can go much faster.""
Another resident said,""I spent only half an hour to go to work.It took me twice as long before. And  I can find seat on the bus today.""
But in some areas not signed up for traffic control,endless lines of cars can still be seen.
Some people say they just can't do without their cars.
Another Beijing resident said,""Some people are willing to give up driving,but on certain days when I have to take my child to school or weekend classes,the public transport is so bad that I can't do it without a car.""
But the concept of""green""traffic is catching on .People say they believe it's the first and honest step in facing the serious traffic and environmental problems.
A driver said,""The Car Free Day has a very important symbolic meaning.It does not mean that we must give up cars.It is to promote a concept,to encourage more people to contribute to the protection of the environment.""
The Ministry of Construction calculates""Car Free Day""will cut 3000 tons of emissions  and save 33 million liters of gasoline.And it's planning more frequent activities to raise public consciousness of energy conservation and environmental protection.
Answer:",2.44,293,2026-09-29T20:53:53.279559,0.069,0.8709,4,0.75,0.5633
race_0105,RACE,reading_comprehension,deepseek-r1:1.5b,The first great invention ever known was   _  .,"There have been many great inventions, which have changed the way we live. The first great invention was one that is still very important today---the wheel. This made it easier to carry heavy things to travel long distances. For hundreds of years there were few inventions that have made as much effect as the wheel. There was little unknown land left in the world. People didn't have to explore  much any more. They began to work to make life better instead.
In the second half of the 19th century many great inventions were made. Among them were the camera, the electric light and the radio. These all became a big part of our life today. The first part of the 20th century saw more great inventions. The helicopter in 1909. Sound movies in 1926. The computer in 1928, and jet planes in 1930. This was also a time when a new material was made. Nylon came out in 1935. It changed the kind of clothes people wear. The middle part of the 20th brought new ways to help people get over diseases. They worked very well. They made people healthier and let them live long lives. By the 1960s most people could expect to live to be at least 60. By this time most people had a very good life. Of course new inventions continued to be made. But man now had a wish to explore again. The world is known to man but the stars are not yet. Man began looking for ways to go into space. Russia made the first step. Then the United States took a step. Since then other countries, including China and Japan, have made their steps into space.",the wheel,"The first great invention ever known was the wheel, which revolutionized transportation and changed the way people traveled long distances.","The first great invention ever known was the wheel, which revolutionized transportation and changed the way people traveled long distances.",False,"You are a helpful and knowledgeable tutor.
Answer the following question clearly and concisely, in 2-4 sentences.

Question: The first great invention ever known was   _  .
Context: There have been many great inventions, which have changed the way we live. The first great invention was one that is still very important today---the wheel. This made it easier to carry heavy things to travel long distances. For hundreds of years there were few inventions that have made as much effect as the wheel. There was little unknown land left in the world. People didn't have to explore  much any more. They began to work to make life better instead.
In the second half of the 19th century many great inventions were made. Among them were the camera, the electric light and the radio. These all became a big part of our life today. The first part of the 20th century saw more great inventions. The helicopter in 1909. Sound movies in 1926. The computer in 1928, and jet planes in 1930. This was also a time when a new material was made. Nylon came out in 1935. It changed the kind of clothes people wear. The middle part of the 20th brought new ways to help people get over diseases. They worked very well. They made people healthier and let them live long lives. By the 1960s most people could expect to live to be at least 60. By this time most people had a very good life. Of course new inventions continued to be made. But man now had a wish to explore again. The world is known to man but the stars are not yet. Man began looking for ways to go into space. Russia made the first step. Then the United States took a step. Since then other countries, including China and Japan, have made their steps into space.
Answer:",2.76,333,2026-09-29T20:53:56.048836,0.1818,0.8609,4,0.75,0.5976
race_0106,RACE,reading_comprehension,deepseek-r1:1.5b,Everything is decided in a family   _  .,"""Family"" is of course an _ word. But when British people say that their society is based on family life, they are thinking of ""family"" in its narrow, peculiarly European sense of mother ,father and children living together alone in their own house as an economic and social unit. Thus, every British marriage indicates the beginning of a new and independent family--hence the tremendous importance of marriage in British life. For both the man and the woman, marriage means leaving one's parents and starting one's own life. The man's first duty will then be to his wife, and the wife's to her husband. He will be entirely responsible for her financial support, and she for the running of the new home. Their children will be their common responsibility and theirs alone. Neither the wife's parents nor the husband's, nor their brothers or sisters, aunts or uncles, have any right to interfere with them--they are their own masters.
Readers of novels like Jane Austen's Pride and Prejudice will know that in former times marriage among wealthy families were arranged by the girl's parents, that is, it was the parents' duty to find a suitable husband for their daughter, preferably a rich one, and by skillful encouragement to lead him eventually to ask their permission to marry her. Until that time, the girl was protected and maintained in the parents' home, and the financial relief of getting rid of her could be seen in their giving the newly married pair a sum of money called a dowry. It is very different today. Most girls of today get a job when they leave school and become financially independent before their marriage. This has had two results. A girl chooses her own husband, and she gets no dowry.",by the couple,"The blank should be filled with ""couple.""","The blank should be filled with ""couple.""",False,"You are a helpful and knowledgeable tutor.
Answer the following question clearly and concisely, in 2-4 sentences.

Question: Everything is decided in a family   _  .
Context: ""Family"" is of course an _ word. But when British people say that their society is based on family life, they are thinking of ""family"" in its narrow, peculiarly European sense of mother ,father and children living together alone in their own house as an economic and social unit. Thus, every British marriage indicates the beginning of a new and independent family--hence the tremendous importance of marriage in British life. For both the man and the woman, marriage means leaving one's parents and starting one's own life. The man's first duty will then be to his wife, and the wife's to her husband. He will be entirely responsible for her financial support, and she for the running of the new home. Their children will be their common responsibility and theirs alone. Neither the wife's parents nor the husband's, nor their brothers or sisters, aunts or uncles, have any right to interfere with them--they are their own masters.
Readers of novels like Jane Austen's Pride and Prejudice will know that in former times marriage among wealthy families were arranged by the girl's parents, that is, it was the parents' duty to find a suitable husband for their daughter, preferably a rich one, and by skillful encouragement to lead him eventually to ask their permission to marry her. Until that time, the girl was protected and maintained in the parents' home, and the financial relief of getting rid of her could be seen in their giving the newly married pair a sum of money called a dowry. It is very different today. Most girls of today get a job when they leave school and become financially independent before their marriage. This has had two results. A girl chooses her own husband, and she gets no dowry.
Answer:",1.86,221,2026-09-29T20:53:57.916482,0.4,0.8694,4,0.75,0.6731
race_0107,RACE,reading_comprehension,deepseek-r1:1.5b,Which of the following is NOT true about Chen?,"In the dark and damp market,Chen ShuChu,near her sixties,owns a stall that her father left her.The stall,called YuanJin Vegetables,is her everything.Chen earns only a little money by selling vegetables,but she has donated about $321,550 to help poor children.
In March,Forbes magazine named her one of the 48 great philanthropists from the AsiaPacific region.A month later,TIME magazine selected the year's top 100 influential people and Chen was one of them.Although she has received many honours and rewards,Chen only cares about her vegetable stall and whether her regular customers buy her vegetables or not.""I do not place great importance on money.When I donate to help others,I feel happy and I can sleep well at night."" Chen said.
Chen's ability to donate such a great deal of money has led many to ask,""How can a vegetable seller donate so much?""
""Spend only on what you need,and you'll be able to save a lot of money!"" Chen said.Chen leads a very simple life.All she needs is food and a place to sleep.Everything else is a luxury .Neither does she have any desire for material gains nor any form of enjoyment.Work,she says,is her enjoyment.""I love my work.If I don't how would I be able to work 16 hours a day?""Being the first to arrive and last to leave,she has been given the title of ""market manager.""
She is content with what she has.She feels that as long as she lives the life she wishes for and does the things she wants,that is good enough.",She cares about what clothes she wears very much.,,,False,"You are a helpful and knowledgeable tutor.
Answer the following question clearly and concisely, in 2-4 sentences.

Question: Which of the following is NOT true about Chen?
Context: In the dark and damp market,Chen ShuChu,near her sixties,owns a stall that her father left her.The stall,called YuanJin Vegetables,is her everything.Chen earns only a little money by selling vegetables,but she has donated about $321,550 to help poor children.
In March,Forbes magazine named her one of the 48 great philanthropists from the AsiaPacific region.A month later,TIME magazine selected the year's top 100 influential people and Chen was one of them.Although she has received many honours and rewards,Chen only cares about her vegetable stall and whether her regular customers buy her vegetables or not.""I do not place great importance on money.When I donate to help others,I feel happy and I can sleep well at night."" Chen said.
Chen's ability to donate such a great deal of money has led many to ask,""How can a vegetable seller donate so much?""
""Spend only on what you need,and you'll be able to save a lot of money!"" Chen said.Chen leads a very simple life.All she needs is food and a place to sleep.Everything else is a luxury .Neither does she have any desire for material gains nor any form of enjoyment.Work,she says,is her enjoyment.""I love my work.If I don't how would I be able to work 16 hours a day?""Being the first to arrive and last to leave,she has been given the title of ""market manager.""
She is content with what she has.She feels that as long as she lives the life she wishes for and does the things she wants,that is good enough.
Answer:",4.21,512,2026-09-29T20:54:02.134397,0.0,0.8663,4,0.75,0.5388
race_0108,RACE,reading_comprehension,deepseek-r1:1.5b,From the passage we know that_.,"When someone meets a stranger with the same hobby, that person immediately becomes a friend. People enjoy the company of others who share a similar interest. Often they will form a club and travel great distances to attend meetings where they can talk about their hobbies. Other people have such unusual hobbies that no one else can share them. Sometimes they try to do something better, faster or longer than anyone else in order to have their names included in the Guinness Book of World Records.
A lady in Massachusetts may have the world's easiest hobby; she let her hair grow. Diane Witt has not cut her hair for twelve years. It is now eight feet (2.44 meters) long, and she will soon set a new world record and her name will be placed in the Guinness Book. A thirty-year-old man in Pennsylvania played the piano for forty-five days and eleven hours, while a musician in Connecticut played the flute for forty-three hours.
A teacher in California typed for over 162 hours, and a lady from Iowa spend six years typing the numbers from one to one million. Probably the cleanest people in the world are two young women from England who stayed in the shower for over ninety-eight hours; but a man in Oregon was more than twice as clean after taking a shower that lasted two hundred hours.
Someone said that ""records are made to be broken"". One record that many young men might enjoy breaking is the one made by Roger Guy English of California. During a period of eight hours Roger kissed three thousand young women.","sometimes people try to do something better, faster or longer than anyone else to have their names included in the Guinness Book of World Records","Records are made to be broken, and one such record is the one made by Roger Guy English of California, where he kissed three thousand young women in eight hours.","Records are made to be broken, and one such record is the one made by Roger Guy English of California, where he kissed three thousand young women in eight hours.",False,"You are a helpful and knowledgeable tutor.
Answer the following question clearly and concisely, in 2-4 sentences.

Question: From the passage we know that_.
Context: When someone meets a stranger with the same hobby, that person immediately becomes a friend. People enjoy the company of others who share a similar interest. Often they will form a club and travel great distances to attend meetings where they can talk about their hobbies. Other people have such unusual hobbies that no one else can share them. Sometimes they try to do something better, faster or longer than anyone else in order to have their names included in the Guinness Book of World Records.
A lady in Massachusetts may have the world's easiest hobby; she let her hair grow. Diane Witt has not cut her hair for twelve years. It is now eight feet (2.44 meters) long, and she will soon set a new world record and her name will be placed in the Guinness Book. A thirty-year-old man in Pennsylvania played the piano for forty-five days and eleven hours, while a musician in Connecticut played the flute for forty-three hours.
A teacher in California typed for over 162 hours, and a lady from Iowa spend six years typing the numbers from one to one million. Probably the cleanest people in the world are two young women from England who stayed in the shower for over ninety-eight hours; but a man in Oregon was more than twice as clean after taking a shower that lasted two hundred hours.
Someone said that ""records are made to be broken"". One record that many young men might enjoy breaking is the one made by Roger Guy English of California. During a period of eight hours Roger kissed three thousand young women.
Answer:",3.04,367,2026-09-29T20:54:05.177196,0.1091,0.8351,4,0.75,0.5647
race_0109,RACE,reading_comprehension,deepseek-r1:1.5b,Where can you learn something as well as have a good time?,"Where can you find a nice place to relax on holiday for both you and your children? Well, I suggest you try the beautiful and green Isle of Wight (IOW). The Isle of Wight is one of the main tourist attractions. Here is some information on a few of the attractions on the IOW.
Dinosaur Isle
It is located in Sandown, a seaside town on the southeast coast. It's a large, lovely museum, both fun and educational. Here you can see a large fossil collection of all kinds of dinosaurs, as well as a gift shop. You can walk into the past and then the future, learning about the history and the development of the civilization of dinosaurs that lived 120 million years ago.
Robin Hill Country Park
The park is in the beautiful countryside, and is suitable for children's parties and games. It has five new gardens, and offers great opportunities to see and take pictures of the rare red squirrels.
The West of the Wight
Here we have the Marine Aquarium, the Archaeology Exhibition and the Model Railway. They offer another opportunity to combine fun with learning. This is a great place to see ancient boats crossing the narrow strait between the island and the mainland.
The Wight Bus Museum
This museum is run completely by unpaid volunteers. It has a bus collection stored in what was once a warehouse . Most of the buses in the museum date back to around the 1910's.
With all of these choices, what are you waiting for? IOW Tourism welcomes you!",Dinosaur Isle and the West of the Wight.,"The Isle of Wight offers a variety of attractions for relaxation and fun, including Dinosaur Isle (a museum with dinosaurs and a gift shop), Robin Hill Country Park (a great place for kids and families), The West of the Wight (with educational museums and a model railway), and The Wight Bus Museum (a hands-on learning experience). Each offers unique activities, so you can choose based on your interests.","The Isle of Wight offers a variety of attractions for relaxation and fun, including Dinosaur Isle (a museum with dinosaurs and a gift shop), Robin Hill Country Park (a great place for kids and families), The West of the Wight (with educational museums and a model railway), and The Wight Bus Museum (a hands-on learning experience). Each offers unique activities, so you can choose based on your interests.",False,"You are a helpful and knowledgeable tutor.
Answer the following question clearly and concisely, in 2-4 sentences.

Question: Where can you learn something as well as have a good time?
Context: Where can you find a nice place to relax on holiday for both you and your children? Well, I suggest you try the beautiful and green Isle of Wight (IOW). The Isle of Wight is one of the main tourist attractions. Here is some information on a few of the attractions on the IOW.
Dinosaur Isle
It is located in Sandown, a seaside town on the southeast coast. It's a large, lovely museum, both fun and educational. Here you can see a large fossil collection of all kinds of dinosaurs, as well as a gift shop. You can walk into the past and then the future, learning about the history and the development of the civilization of dinosaurs that lived 120 million years ago.
Robin Hill Country Park
The park is in the beautiful countryside, and is suitable for children's parties and games. It has five new gardens, and offers great opportunities to see and take pictures of the rare red squirrels.
The West of the Wight
Here we have the Marine Aquarium, the Archaeology Exhibition and the Model Railway. They offer another opportunity to combine fun with learning. This is a great place to see ancient boats crossing the narrow strait between the island and the mainland.
The Wight Bus Museum
This museum is run completely by unpaid volunteers. It has a bus collection stored in what was once a warehouse . Most of the buses in the museum date back to around the 1910's.
With all of these choices, what are you waiting for? IOW Tourism welcomes you!
Answer:",3.68,448,2026-09-29T20:54:08.865885,0.2078,0.8756,4,0.75,0.6111
race_0110,RACE,reading_comprehension,deepseek-r1:1.5b,It is implied in the passage that    .,"It is true that the first Olympic Games of the modern times in 1896 were not open to women.Baron Pierre de Coubertin,who gave new life to the Games,was very much a man of his time.He didn't like women showing up for the Games.But since this time,things have changed.History shows that the number of women participating in the Olympic Games has been increasing over the years,since their first participation in the 1900 Olympic Games and especially in the last 30 years.This development is of social,political and cultural significance .
The progress is the result of the cooperation of the entire Olympic Movement and of proper measures that the International Olympic Committee(IOC),International Sports Federations(IFs),and National Olympic Committees(NOCs)have taken.Especially in the last 20 years,the IOC has enlarged the women's programme at the Olympic Games,in cooperation with IFs and the Organising Committees for the Olympic Games(OCOGs).This development was further strengthened by the IOC's decision that all sports must have women's events.The IOC also started to work on increasing the number of women at leadership level in sport in 1981.Former President Juan Antonio Samaranch,who wanted to have women as IOC members made a great contribution .
Many sports volunteers have worked to increase the number of women joining in the Olympic Games.This progress has been made also thanks to the strong determination of women from different countries of the world who have worked to make sure women are fully represented in all sports.",women themselves worked very hard so that they could join in the Olympic Games,"The passage implies that women have been actively and significantly involved in the Olympic Games since the 1900s, with their participation increasing over time.","The passage implies that women have been actively and significantly involved in the Olympic Games since the 1900s, with their participation increasing over time.",False,"You are a helpful and knowledgeable tutor.
Answer the following question clearly and concisely, in 2-4 sentences.

Question: It is implied in the passage that    .
Context: It is true that the first Olympic Games of the modern times in 1896 were not open to women.Baron Pierre de Coubertin,who gave new life to the Games,was very much a man of his time.He didn't like women showing up for the Games.But since this time,things have changed.History shows that the number of women participating in the Olympic Games has been increasing over the years,since their first participation in the 1900 Olympic Games and especially in the last 30 years.This development is of social,political and cultural significance .
The progress is the result of the cooperation of the entire Olympic Movement and of proper measures that the International Olympic Committee(IOC),International Sports Federations(IFs),and National Olympic Committees(NOCs)have taken.Especially in the last 20 years,the IOC has enlarged the women's programme at the Olympic Games,in cooperation with IFs and the Organising Committees for the Olympic Games(OCOGs).This development was further strengthened by the IOC's decision that all sports must have women's events.The IOC also started to work on increasing the number of women at leadership level in sport in 1981.Former President Juan Antonio Samaranch,who wanted to have women as IOC members made a great contribution .
Many sports volunteers have worked to increase the number of women joining in the Olympic Games.This progress has been made also thanks to the strong determination of women from different countries of the world who have worked to make sure women are fully represented in all sports.
Answer:",3.24,393,2026-09-29T20:54:12.112955,0.2632,0.8792,4,0.75,0.6308
race_0111,RACE,reading_comprehension,deepseek-r1:1.5b,"To solve the problem of child labor, the writer suggests the following BUT   _  .","Child labor -- the employment of children in industry, often against their will -- has been a problem for many years. Over a hundred years ago, Charles Dickens shocked many of his readers when he described the conditions under which young children worked in British factories. The conditions Dickens described continue almost unchanged today in many parts of the world. The only difference is that today employment of children is confined(limited)to small industries and family businesses, such as hotels, restaurants and particularly farms, rather than to large factories.
Girls suffer more from child labor practices than boys. Many of them are forced to start work when they are only ten years old. Although the work they are given to do is often light, it is often harmful to the health. Recently, children as young as six years were found to be working in Asian factories, and the children were working from eight to fourteen hours a day in overcrowded and unhealthy working conditions. Sometimes a whole family group is employed, with the payment going to a parent or older relative. The children not only receive nothing or very little for their long hours of work, but also they are prevented from attending school. Therefore, when they become older they are unable to do any other kind of work.
The solution to the problem of child labor is clearly better laws to protect young children, greater supervision of industry and heavier fines for those who break the laws. Only in this way can young boys and girls be allowed to enjoy the most valuable time of their lives--childhood.",raising their payment and improving the system of education,"To solve the problem of child labor, the writer suggests better laws to protect young children, greater supervision of industry, and heavier fines for those who break the laws. Only in this way can young boys and girls be allowed to enjoy the most valuable time of their lives—childhood.","To solve the problem of child labor, the writer suggests better laws to protect young children, greater supervision of industry, and heavier fines for those who break the laws. Only in this way can young boys and girls be allowed to enjoy the most valuable time of their lives—childhood.",False,"You are a helpful and knowledgeable tutor.
Answer the following question clearly and concisely, in 2-4 sentences.

Question: To solve the problem of child labor, the writer suggests the following BUT   _  .
Context: Child labor -- the employment of children in industry, often against their will -- has been a problem for many years. Over a hundred years ago, Charles Dickens shocked many of his readers when he described the conditions under which young children worked in British factories. The conditions Dickens described continue almost unchanged today in many parts of the world. The only difference is that today employment of children is confined(limited)to small industries and family businesses, such as hotels, restaurants and particularly farms, rather than to large factories.
Girls suffer more from child labor practices than boys. Many of them are forced to start work when they are only ten years old. Although the work they are given to do is often light, it is often harmful to the health. Recently, children as young as six years were found to be working in Asian factories, and the children were working from eight to fourteen hours a day in overcrowded and unhealthy working conditions. Sometimes a whole family group is employed, with the payment going to a parent or older relative. The children not only receive nothing or very little for their long hours of work, but also they are prevented from attending school. Therefore, when they become older they are unable to do any other kind of work.
The solution to the problem of child labor is clearly better laws to protect young children, greater supervision of industry and heavier fines for those who break the laws. Only in this way can young boys and girls be allowed to enjoy the most valuable time of their lives--childhood.
Answer:",1.24,144,2026-09-29T20:54:13.362701,0.1017,0.851,4,0.75,0.5676
race_0112,RACE,reading_comprehension,deepseek-r1:1.5b,In which column of a newspaper can you most probably read this article?,"City farms are gaining popularity in cities and towns around the United States. 
City Farms in Edmonston, Maryland, is located near shopping centers, car repair shops and homes. The neighborhood is a working-class community. People do not have very much money, and they have limited access to fresh food in markets. 
Over the past two years, the farm has attracted volunteers from the community like Marcy Clark. She schools her four children at home. On a recent day she brought them to Eco City Farms for a lesson. Alston Clark thinks his experience very valuable. ""I like coming out here, ""he says, ""You know, you connect with the earth, where your food comes from. You appreciate the food a little bit more. ""
Margaret Morgan-Hubbard started Eco City Farms. She thinks of it as a place where people can learn to live healthier lives. ""Growing food in a community and showing that you can have farms even in the city is helpful to strengthen the relationship in that community and brings people together, ""she continues, ""Every piece of what we do here is a demonstration to show people everything about how to have a sustainable community. ""she says. From the Eco City Farms people come to know that they are not only growing food and raising chickens and bees, but improving the soil with compost made from food waste. Sixteen wooden bins are filled with worms. Their job is to eat the food waste and help make it into compost. 
Eco City Farms is an experimental operation. The farm gets its power not from the local electricity networks but from the sun with solar panels. In winter, the greenhouses are heated using a geothermal system. 
Vegetables can be grown all year. So once a week, all winter long, neighbors like Chris Moss and her three children bicycle to the farm to pick up a share of the harvest. 
""I like eating the vegetables, ""says five-year-old Owen Moss.",Environment.,"The article is most likely published in a newspaper in Edmonston, Maryland.","The article is most likely published in a newspaper in Edmonston, Maryland.",False,"You are a helpful and knowledgeable tutor.
Answer the following question clearly and concisely, in 2-4 sentences.

Question: In which column of a newspaper can you most probably read this article?
Context: City farms are gaining popularity in cities and towns around the United States. 
City Farms in Edmonston, Maryland, is located near shopping centers, car repair shops and homes. The neighborhood is a working-class community. People do not have very much money, and they have limited access to fresh food in markets. 
Over the past two years, the farm has attracted volunteers from the community like Marcy Clark. She schools her four children at home. On a recent day she brought them to Eco City Farms for a lesson. Alston Clark thinks his experience very valuable. ""I like coming out here, ""he says, ""You know, you connect with the earth, where your food comes from. You appreciate the food a little bit more. ""
Margaret Morgan-Hubbard started Eco City Farms. She thinks of it as a place where people can learn to live healthier lives. ""Growing food in a community and showing that you can have farms even in the city is helpful to strengthen the relationship in that community and brings people together, ""she continues, ""Every piece of what we do here is a demonstration to show people everything about how to have a sustainable community. ""she says. From the Eco City Farms people come to know that they are not only growing food and raising chickens and bees, but improving the soil with compost made from food waste. Sixteen wooden bins are filled with worms. Their job is to eat the food waste and help make it into compost. 
Eco City Farms is an experimental operation. The farm gets its power not from the local electricity networks but from the sun with solar panels. In winter, the greenhouses are heated using a geothermal system. 
Vegetables can be grown all year. So once a week, all winter long, neighbors like Chris Moss and her three children bicycle to the farm to pick up a share of the harvest. 
""I like eating the vegetables, ""says five-year-old Owen Moss.
Answer:",3.5,422,2026-09-29T20:54:16.868423,0.0,0.8771,4,0.75,0.5424
race_0113,RACE,reading_comprehension,deepseek-r1:1.5b,Why is the class different from a common one?,"It was a physical class. But it was nothing like previous ones -- the class was ""attended""
by over 60 million students across China, and the teacher was not even on the planet: she was 340 kilometers above the earth.
""Hello, everyone. I'm Wang Yaping. I'll host your lecture today."" Smiling to the camera, Wang, China's second female astronaut, started her video class on June 20 on board the Tiangong-1 space station.
To show how Newton's Laws work in space, Wang and her fellow astronauts used simple items like balls and spinning tops. The highlight of the lecture was when Wang _ using a metal ring, something that only happens in zero gravity, where the surface tension  of water is much higher than it is on the earth. She then took it a step further by pouring more water onto the film and turning it into a water ball, leaving the audience amazed by what they saw.
The 40-minute lesson seemed to have passed too quickly for students to see enough of those magical experiments. But sending stuff into space is really expensive. According to The Beijing Times, every kilogram launched into space cost 20,000 dollars. The experimental items taken this time were all strictly selected and weighed about 2.9 kilograms in total. This adds up to quite a large price tag.
The organizers of the event also had to consider the time of day: the communication signal between the earth and Tiangong-1 was best during that specific 40 minutes, when the spacecraft was flying within the coverage of all of the ground-based testing stations.",Because the lecturer was in space.,"The class is different because it's conducted in a unique space environment, attended by an enormous number of students, and involves experiments conducted at an altitude above Earth. The teacher uses a metal ring to demonstrate Newton's Laws in zero gravity, which is a distinctive feature. The experiments also involve water's surface tension, which students might not encounter in a typical classroom. Launching such experiments is costly due to the high energy and materials required, and the timing of the launch was crucial for effective communication.","The class is different because it's conducted in a unique space environment, attended by an enormous number of students, and involves experiments conducted at an altitude above Earth. The teacher uses a metal ring to demonstrate Newton's Laws in zero gravity, which is a distinctive feature. The experiments also involve water's surface tension, which students might not encounter in a typical classroom. Launching such experiments is costly due to the high energy and materials required, and the timing of the launch was crucial for effective communication.",False,"You are a helpful and knowledgeable tutor.
Answer the following question clearly and concisely, in 2-4 sentences.

Question: Why is the class different from a common one?
Context: It was a physical class. But it was nothing like previous ones -- the class was ""attended""
by over 60 million students across China, and the teacher was not even on the planet: she was 340 kilometers above the earth.
""Hello, everyone. I'm Wang Yaping. I'll host your lecture today."" Smiling to the camera, Wang, China's second female astronaut, started her video class on June 20 on board the Tiangong-1 space station.
To show how Newton's Laws work in space, Wang and her fellow astronauts used simple items like balls and spinning tops. The highlight of the lecture was when Wang _ using a metal ring, something that only happens in zero gravity, where the surface tension  of water is much higher than it is on the earth. She then took it a step further by pouring more water onto the film and turning it into a water ball, leaving the audience amazed by what they saw.
The 40-minute lesson seemed to have passed too quickly for students to see enough of those magical experiments. But sending stuff into space is really expensive. According to The Beijing Times, every kilogram launched into space cost 20,000 dollars. The experimental items taken this time were all strictly selected and weighed about 2.9 kilograms in total. This adds up to quite a large price tag.
The organizers of the event also had to consider the time of day: the communication signal between the earth and Tiangong-1 was best during that specific 40 minutes, when the spacecraft was flying within the coverage of all of the ground-based testing stations.
Answer:",2.93,352,2026-09-29T20:54:19.806831,0.0632,0.8526,4,0.75,0.5553
race_0114,RACE,reading_comprehension,deepseek-r1:1.5b,The woman photographer would not marry a man who   _  .,"Working Wives 
Last week, we published an article about modern marriage. A recent survey showed that in England 51 percent of married women go out to work . people were asked what they thought of ""working wives"". The results were as follow:
                    Men         Women
In favor       70%         80%
Against              10%         20%
Don't know           20%         0%
We asked readers to write and tell us their opinions.
Here are some of the hundreds of letters we received.
I'm a (woman)photographer. I make plenty of money, travel a lot, and meet a lot of people. I enjoy my work, and would hate to stay at home. I would never marry a man who wanted me to give up my work.
Ms. Jojo O Leary
Hampstead 
At present there are over 1,000,000 unemployed men in Britain. If a woman gets a job, she puts one more man out of work. Perhaps that man has a wife and twelve children to support. Let women stay at home where they belong.
Ted Stubbs
Southend
 I am a mother of twelve children. When I go to work, my husband looks after the children. He is very good with the children and enjoys staying at home with them. And I enjoy my job as a bus driver.
                                                               
Mrs E. Boot
                                                               Battersea
We are twin sisters, who both got married recently. One of us (Doreen)kept her job. The other(Doris)gave up her job. But Doris gets bored staying at home, and Doreen gets bored going out to work .So now Doreen works for a week, while Doris stays at home. Then Doris Doreen's job for a week, while Doreen stays at home. At work, they never know if it's Doreen who's working today!
                                                          Doris and Doreen Bean
                                                          Hendon",wants her to stay at home,The woman photographer wouldn't marry a man who would stay at home.,The woman photographer wouldn't marry a man who would stay at home.,False,"You are a helpful and knowledgeable tutor.
Answer the following question clearly and concisely, in 2-4 sentences.

Question: The woman photographer would not marry a man who   _  .
Context: Working Wives 
Last week, we published an article about modern marriage. A recent survey showed that in England 51 percent of married women go out to work . people were asked what they thought of ""working wives"". The results were as follow:
                    Men         Women
In favor       70%         80%
Against              10%         20%
Don't know           20%         0%
We asked readers to write and tell us their opinions.
Here are some of the hundreds of letters we received.
I'm a (woman)photographer. I make plenty of money, travel a lot, and meet a lot of people. I enjoy my work, and would hate to stay at home. I would never marry a man who wanted me to give up my work.
Ms. Jojo O Leary
Hampstead 
At present there are over 1,000,000 unemployed men in Britain. If a woman gets a job, she puts one more man out of work. Perhaps that man has a wife and twelve children to support. Let women stay at home where they belong.
Ted Stubbs
Southend
 I am a mother of twelve children. When I go to work, my husband looks after the children. He is very good with the children and enjoys staying at home with them. And I enjoy my job as a bus driver.
                                                               
Mrs E. Boot
                                                               Battersea
We are twin sisters, who both got married recently. One of us (Doreen)kept her job. The other(Doris)gave up her job. But Doris gets bored staying at home, and Doreen gets bored going out to work .So now Doreen works for a week, while Doris stays at home. Then Doris Doreen's job for a week, while Doreen stays at home. At work, they never know if it's Doreen who's working today!
                                                          Doris and Doreen Bean
                                                          Hendon
Answer:",2.21,261,2026-09-29T20:54:22.017685,0.3158,0.8895,4,0.75,0.6518
race_0115,RACE,reading_comprehension,deepseek-r1:1.5b,Justin Halberda and his colleagues ran some tests to_.,"NOT all math skills are learned in the classroom. Some of them come naturally. Consider the split-second calculations  you make when you estimate   the number of empty seats on the school bus or the number of cookies in a cookie jar.
These estimates can often be done without counting. That's because humans are born with the ability to closely guess the number of items in a group. Researchers call this ability a person's ""number sense"".
To see how a person's inborn number sense might be linked to mathematical performance in the classroom, psychologist Justin Halberda and his colleagues from Johns Hopkins University in prefix = st1 /Baltimore,USran some tests.
The scientists asked 64 14-year-olds to look at images   of yellow and blue dots that flashed on a computer screen for a fraction   of a second. Each image contained between 10 and 32 dots that varied in size.
Some images contained twice as many blue dots  as yellow dots. In other images, however, the number of blue and yellow dots was nearly equal. For each image, the students were asked to estimate which color1 had more dots.
The scientists found a wide variation in how well students could pick the color1 with the most dots.
The scientists then looked at the students' math scores dating back to kindergarten. Children that performed best in the image test also scored the highest in standard math tests.
The same finding held true at the other end of the spectrum  . Students who didn't score well on the image test received lower math scores.
The study was the first to show a link between a person's inborn number sense and his or her achievement in formal math training.
Does this connection mean that one cannot be good in math if they have a weak number sense? Or that having a strong number sense is a guarantee for good grades in math? The answers are not clear.
While scientists continue looking at the possible links between a person's number sense and math achievement, one thing is certain: Doing lots of math homework will   _ your chances of success.",see if a person's inborn number sense has something to do with math learning,"Justin Halberda's study demonstrates that a person's ""number sense,"" the ability to estimate quickly, is linked to math performance. It does not mean you can't be good at math if you have a weak number sense. However, having a strong number sense is a good guarantee for high grades. While doing lots of math homework can increase chances of success, it's not certain.","Justin Halberda's study demonstrates that a person's ""number sense,"" the ability to estimate quickly, is linked to math performance. It does not mean you can't be good at math if you have a weak number sense. However, having a strong number sense is a good guarantee for high grades. While doing lots of math homework can increase chances of success, it's not certain.",False,"You are a helpful and knowledgeable tutor.
Answer the following question clearly and concisely, in 2-4 sentences.

Question: Justin Halberda and his colleagues ran some tests to_.
Context: NOT all math skills are learned in the classroom. Some of them come naturally. Consider the split-second calculations  you make when you estimate   the number of empty seats on the school bus or the number of cookies in a cookie jar.
These estimates can often be done without counting. That's because humans are born with the ability to closely guess the number of items in a group. Researchers call this ability a person's ""number sense"".
To see how a person's inborn number sense might be linked to mathematical performance in the classroom, psychologist Justin Halberda and his colleagues from Johns Hopkins University in prefix = st1 /Baltimore,USran some tests.
The scientists asked 64 14-year-olds to look at images   of yellow and blue dots that flashed on a computer screen for a fraction   of a second. Each image contained between 10 and 32 dots that varied in size.
Some images contained twice as many blue dots  as yellow dots. In other images, however, the number of blue and yellow dots was nearly equal. For each image, the students were asked to estimate which color1 had more dots.
The scientists found a wide variation in how well students could pick the color1 with the most dots.
The scientists then looked at the students' math scores dating back to kindergarten. Children that performed best in the image test also scored the highest in standard math tests.
The same finding held true at the other end of the spectrum  . Students who didn't score well on the image test received lower math scores.
The study was the first to show a link between a person's inborn number sense and his or her achievement in formal math training.
Does this connection mean that one cannot be good in math if they have a weak number sense? Or that having a strong number sense is a guarantee for good grades in math? The answers are not clear.
While scientists continue looking at the possible links between a person's number sense and math achievement, one thing is certain: Doing lots of math homework will   _ your chances of success.
Answer:",3.32,398,2026-09-29T20:54:25.340110,0.1951,0.877,4,0.75,0.6074
race_0116,RACE,reading_comprehension,deepseek-r1:1.5b,What do you think the theme of the story is?,"He looked like a pirate.
With his handkerchief tied in a knot behind his little nine-year-old head, he looked like a pirate, a sad pirate. The first time little David came to our camp, he was hairless and worn out from medical treatments. He was also very angry.
Paul Newman's camp counselors ( ) were hoping to fill David's days with fun and laughter. But David stayed inside himself, wanting to be alone, or in a corner of the cabin. At this camp for children with life-threatening illnesses, we had seen some pretty tough children worn out by cancer recover full of energy despite their illness. But we saw little progress in David no matter what we tried with him. Five days into the eight-day session saw a quiet, sad little pirate.
 Then something happened on that fifth night. Something at camp that we would call ""huge"". 
It was cabin night. That's the time when campers and counselors spend lime together in each individual cabin instead of an all-camp activity. Campers love cabin nights because there's always a bedtime snack. On the cabin table that night were bags of potato chips.
David slowly walked over to the table, leaving his comer to join the rest of us. He took one of the bags of the potato chips and started smashing  it with his little fists, as all the other campers looked on in disbelief, I wondered what the cabin counselor would do.
The college-age volunteer counselor positioned a bag of chips on die table in front of himself, and he, too, started smashing it with his fist. The campers went crazy as everyone ran to the table to get in on the fun of smashing potato chips with their fists.
Somehow everyone knew, everyone sensed, that anger within him was now being released. 
For the last couple days of the session, David was a different kid. He was a little nine-year-old boy again, trying to fill the hours of each remaining day at camp with as much fun as could be possible.
Several days after the session, David came back again. This time, there wasn't anything he wouldn't try to fit in to his day. He sure was having a great time at camp. David asked me if I needed an altar boy when I celebrated Mass in the woods. Sure enough, he was my altar boy. I remembered how carefully he listened to me when I talked about death. 1 said it's only a doorway. You walk through the door and there's the Lord God and behind God a whole line of people waiting to hug you.
After Mass, he said to me, ""Hey Fatha, a door, huh?""
A couple more days of fun passed and tonight was the talent show. The tradition is that campers and counselors dress up in costumes, and everyone gets a standing applause for singing and dancing or simply just acting like fools on stage.
 The show had begun: lights, camera, action.
Unfortunately, the only action taking place in our row of seats was little David making his way from counselor to counselor to say an early good-bye to camp. He had become quite ill and had to go to the hospital because of this new crisis.
When this little nine-year-old pirate stood in front of me, he gave me a hug and a big wet kiss on my cheek. 1 was crying. He was crying. A whole row of counselors was in tears. After the hug and kiss, he put his hands on my shoulders, and tears still in his eyes, said: ""See you on the other side of the door, Fatha.""",Love and proper guidance can help people look at something negative in a positive way.,The theme of the story is about overcoming anger or facing a difficult emotional challenge.,The theme of the story is about overcoming anger or facing a difficult emotional challenge.,False,"You are a helpful and knowledgeable tutor.
Answer the following question clearly and concisely, in 2-4 sentences.

Question: What do you think the theme of the story is?
Context: He looked like a pirate.
With his handkerchief tied in a knot behind his little nine-year-old head, he looked like a pirate, a sad pirate. The first time little David came to our camp, he was hairless and worn out from medical treatments. He was also very angry.
Paul Newman's camp counselors ( ) were hoping to fill David's days with fun and laughter. But David stayed inside himself, wanting to be alone, or in a corner of the cabin. At this camp for children with life-threatening illnesses, we had seen some pretty tough children worn out by cancer recover full of energy despite their illness. But we saw little progress in David no matter what we tried with him. Five days into the eight-day session saw a quiet, sad little pirate.
 Then something happened on that fifth night. Something at camp that we would call ""huge"". 
It was cabin night. That's the time when campers and counselors spend lime together in each individual cabin instead of an all-camp activity. Campers love cabin nights because there's always a bedtime snack. On the cabin table that night were bags of potato chips.
David slowly walked over to the table, leaving his comer to join the rest of us. He took one of the bags of the potato chips and started smashing  it with his little fists, as all the other campers looked on in disbelief, I wondered what the cabin counselor would do.
The college-age volunteer counselor positioned a bag of chips on die table in front of himself, and he, too, started smashing it with his fist. The campers went crazy as everyone ran to the table to get in on the fun of smashing potato chips with their fists.
Somehow everyone knew, everyone sensed, that anger within him was now being released. 
For the last couple days of the session, David was a different kid. He was a little nine-year-old boy again, trying to fill the hours of each remaining day at camp with as much fun as could be possible.
Several days after the session, David came back again. This time, there wasn't anything he wouldn't try to fit in to his day. He sure was having a great time at camp. David asked me if I needed an altar boy when I celebrated Mass in the woods. Sure enough, he was my altar boy. I remembered how carefully he listened to me when I talked about death. 1 said it's only a doorway. You walk through the door and there's the Lord God and behind God a whole line of people waiting to hug you.
After Mass, he said to me, ""Hey Fatha, a door, huh?""
A couple more days of fun passed and tonight was the talent show. The tradition is that campers and counselors dress up in costumes, and everyone gets a standing applause for singing and dancing or simply just acting like fools on stage.
 The show had begun: lights, camera, action.
Unfortunately, the only action taking place in our row of seats was little David making his way from counselor to counselor to say an early good-bye to camp. He had become quite ill and had to go to the hospital because of this new crisis.
When this little nine-year-old pirate stood in front of me, he gave me a hug and a big wet kiss on my cheek. 1 was crying. He was crying. A whole row of counselors was in tears. After the hug and kiss, he put his hands on my shoulders, and tears still in his eyes, said: ""See you on the other side of the door, Fatha.""
Answer:",1.55,171,2026-09-29T20:54:26.898940,0.0667,0.8842,4,0.75,0.567
race_0117,RACE,reading_comprehension,deepseek-r1:1.5b,Which is the measure the retailers won't take to attract shoppers?,"Shoppers who have cut back on purchases in the worrying U.S. economy are likely to continue their conservative shopping habits even if the economy improves, according to a new study.
That signals continued bad news for retailers , who have been struggling to respond to a great cutback in spending as consumers have opened their wallets only for basic items, while cutting back on unimportant purchases.
The report, which estimates retail sales growth to be flat this year, found that three-quarters of respondents to a monthly survey of 4,000 consumers said they had shifted their shopping behaviors because of the economy. Most said they were making do with less or going without some favorite items.
""The habits learned during this economic crisis have the potential to permanently change the mind-set of consumers,"" the report said. ""The vast majority of shoppers who are changing their near-term shopping behavior say they plan to continue them as the economy improves.""
To ease the consumer discomfort, smart retailers will focus on downsizing, the report said, as adding stores to an already crowded retail landscape is out of fashion. It came up with smaller initiatives to build shopping buzz, such as limited editions of products or having existing stores target local markets. The report also forecast that retailers will increasingly focus on private brands to attract cost-conscious shoppers, while adding complementary categories of goods to their stores to make one-stop shops for consumers.
While warehouse clubs and super centers are expected to fare the best in the weak environment in 2009, discount department stores and supermarkets will be the weakest, the report warned. Sales of clothes, though expected to rebound in 2010, will be the hardest hit and slowest to recover.",Adding more stores to the busy retail landscape.,"Retailers will not focus on downsizing, adding stores, or focusing on private brands. Instead, they will make do with less, target local markets, and use limited editions of products.","Retailers will not focus on downsizing, adding stores, or focusing on private brands. Instead, they will make do with less, target local markets, and use limited editions of products.",False,"You are a helpful and knowledgeable tutor.
Answer the following question clearly and concisely, in 2-4 sentences.

Question: Which is the measure the retailers won't take to attract shoppers?
Context: Shoppers who have cut back on purchases in the worrying U.S. economy are likely to continue their conservative shopping habits even if the economy improves, according to a new study.
That signals continued bad news for retailers , who have been struggling to respond to a great cutback in spending as consumers have opened their wallets only for basic items, while cutting back on unimportant purchases.
The report, which estimates retail sales growth to be flat this year, found that three-quarters of respondents to a monthly survey of 4,000 consumers said they had shifted their shopping behaviors because of the economy. Most said they were making do with less or going without some favorite items.
""The habits learned during this economic crisis have the potential to permanently change the mind-set of consumers,"" the report said. ""The vast majority of shoppers who are changing their near-term shopping behavior say they plan to continue them as the economy improves.""
To ease the consumer discomfort, smart retailers will focus on downsizing, the report said, as adding stores to an already crowded retail landscape is out of fashion. It came up with smaller initiatives to build shopping buzz, such as limited editions of products or having existing stores target local markets. The report also forecast that retailers will increasingly focus on private brands to attract cost-conscious shoppers, while adding complementary categories of goods to their stores to make one-stop shops for consumers.
While warehouse clubs and super centers are expected to fare the best in the weak environment in 2009, discount department stores and supermarkets will be the weakest, the report warned. Sales of clothes, though expected to rebound in 2010, will be the hardest hit and slowest to recover.
Answer:",3.58,421,2026-09-29T20:54:30.486912,0.1081,0.8831,4,0.75,0.5804
race_0118,RACE,reading_comprehension,deepseek-r1:1.5b,_  put out the fire in the end.,"One day, I was studying at home . Suddenly, there was a loud noise.  I went out of my house to see what had happened .
What I saw made me scared. A building in my neighborhood was on fire. Some people were using water to put out the fire; others were rushing towards the building to help put out the fire. The building had three floors. The fire started on the first floor. Soon, it spread   to the second floor. There were some people on the second floor at that time. Their lives were in danger. A few people jumped out of the window. Luckily, they only got small injuries. Those who were still on the second floor were just crying for help. The people outside didn't know how to help the people inside to get out.
Firefighters   arrived at last. They fought the fire bravely. Water pipes   were used and a ladder was put near the second-floor window. Then the people inside were taken out by the firefighters. They were seriously injured and were taken to the hospital at once.
Thanks to the firefighters, the people inside were saved and the fire was put out in the end, but many things, such as desk, pictures and clothes, were damaged.",The firefighters,"The firefighters successfully put out the fire, demonstrating their bravery and efficiency in containing the danger.","The firefighters successfully put out the fire, demonstrating their bravery and efficiency in containing the danger.",False,"You are a helpful and knowledgeable tutor.
Answer the following question clearly and concisely, in 2-4 sentences.

Question: _  put out the fire in the end.
Context: One day, I was studying at home . Suddenly, there was a loud noise.  I went out of my house to see what had happened .
What I saw made me scared. A building in my neighborhood was on fire. Some people were using water to put out the fire; others were rushing towards the building to help put out the fire. The building had three floors. The fire started on the first floor. Soon, it spread   to the second floor. There were some people on the second floor at that time. Their lives were in danger. A few people jumped out of the window. Luckily, they only got small injuries. Those who were still on the second floor were just crying for help. The people outside didn't know how to help the people inside to get out.
Firefighters   arrived at last. They fought the fire bravely. Water pipes   were used and a ladder was put near the second-floor window. Then the people inside were taken out by the firefighters. They were seriously injured and were taken to the hospital at once.
Thanks to the firefighters, the people inside were saved and the fire was put out in the end, but many things, such as desk, pictures and clothes, were damaged.
Answer:",1.64,193,2026-09-29T20:54:32.137097,0.2222,0.8906,4,0.75,0.6209
race_0119,RACE,reading_comprehension,deepseek-r1:1.5b,"When we say someone ""lives a sheltered life"", we mean they   _   .","This girl is almost without shelter. She may not realize it, but she's more exposed to the world than she's ever likely to be again. And it isn't because she's a girl. It could be a boy. It could be you.
But why is she 'shelter less ? She s got a place to live in quite a pleasant place by the look of it and if shelter .
Doesn't' t mean a house, then what does it mean? When we say someone ""lives a sheltered life"" , we don't only mean that their house is comfortable. We mean that they're protected from too many worries and troubles, that they live in a settled home, probably surrounded by friends and family, and that they don't have to cope with the difficulties the world is full of alone.
Certainly no one would say that this girl was leading a sheltered life; she's leaving home to earn her living in a strange city and live by herself in a bed sitter. She may be just as well protected physically as a ""sheltered life"" person, but she's lost all the other shelters in her life--family, friends, the home she grew up in, school, the groups she belonged to. She s on her own now and unless she's very self-reliant , she's likely to feel unhappy and insecure at times.
A young person setting out on her own like this is between the two main kinds of shelter most of us spend our lives in. One is our parents home where we grow up, and the other is the home we make ourselves and where we bring up our own children. For most people the time they spend between or outside these two shelters is only a small part of their lives.",have a secure home life and don t have to face problems alone,"When someone is said to ""live a sheltered life,"" it means they are in a place where they are protected from too many difficulties and challenges, feeling secure and isolated. It's not just about the house but the social environment and lack of support from others.","When someone is said to ""live a sheltered life,"" it means they are in a place where they are protected from too many difficulties and challenges, feeling secure and isolated. It's not just about the house but the social environment and lack of support from others.",False,"You are a helpful and knowledgeable tutor.
Answer the following question clearly and concisely, in 2-4 sentences.

Question: When we say someone ""lives a sheltered life"", we mean they   _   .
Context: This girl is almost without shelter. She may not realize it, but she's more exposed to the world than she's ever likely to be again. And it isn't because she's a girl. It could be a boy. It could be you.
But why is she 'shelter less ? She s got a place to live in quite a pleasant place by the look of it and if shelter .
Doesn't' t mean a house, then what does it mean? When we say someone ""lives a sheltered life"" , we don't only mean that their house is comfortable. We mean that they're protected from too many worries and troubles, that they live in a settled home, probably surrounded by friends and family, and that they don't have to cope with the difficulties the world is full of alone.
Certainly no one would say that this girl was leading a sheltered life; she's leaving home to earn her living in a strange city and live by herself in a bed sitter. She may be just as well protected physically as a ""sheltered life"" person, but she's lost all the other shelters in her life--family, friends, the home she grew up in, school, the groups she belonged to. She s on her own now and unless she's very self-reliant , she's likely to feel unhappy and insecure at times.
A young person setting out on her own like this is between the two main kinds of shelter most of us spend our lives in. One is our parents home where we grow up, and the other is the home we make ourselves and where we bring up our own children. For most people the time they spend between or outside these two shelters is only a small part of their lives.
Answer:",2.55,302,2026-09-29T20:54:34.694447,0.1,0.8676,4,0.75,0.5725
race_0120,RACE,reading_comprehension,deepseek-r1:1.5b,"According to the passage, which of the following deeds will make a teenager feel bad?","Do you feel embarrassed when your mum tries to use slang  or when she calls you by your childhood nickname in front of your friends? And how about searching for the nearest exit when your father dances with joy when he finds his favorite CD in the shop? Loving them dearly doesn't prevent you from feeling uncomfortable around them. 
And parents have to accept that Adam Gopnick, a writer for the New Yorker magazine, said in an article published by the BBC: ''The one thing that is written into the human genome   is that exactly at the age of 13, your child... will discover that you are now the most embarrassing, ridiculous and annoying person on the planet.'' 
A survey by the site YoungPoll.com in 2010 suggested that one in three youngsters is so  _ by their parents that they refuse to be seen with them in public; and seven in ten children are humiliated   by their mum and dad's behavior, like kissing them in front of friends and holding their hands. 
Part of going through adolescence is a sudden feeling that we are wise and self-sufficient and we are embarrassed when treated like vulnerable babies. But we are bound to lose this discomfort when we reach our 20s. 
Gopnick reminds us of writer William Blake's comment: ''When I was 14, my dad seemed to be so silly that I wouldn't even walk down the street with him. By the time I was 21, I was amazed how much he'd learnt.'' 
In any case, dissatisfied parents might feel comforted in the thought that their grandchildren are likely to end up enjoying their company. Then the uncool   ones will be the grandchildren's parents!",His parents hold his hands before his friends.,"The deeds that make a teenager feel bad are:
1. Mugging or calling by childhood nickname.
2. Searching for the nearest exit with dancing.
3. Feeling uncomfortable around 13-year-olds.","The deeds that make a teenager feel bad are:
1. Mugging or calling by childhood nickname.
2. Searching for the nearest exit with dancing.
3. Feeling uncomfortable around 13-year-olds.",False,"You are a helpful and knowledgeable tutor.
Answer the following question clearly and concisely, in 2-4 sentences.

Question: According to the passage, which of the following deeds will make a teenager feel bad?
Context: Do you feel embarrassed when your mum tries to use slang  or when she calls you by your childhood nickname in front of your friends? And how about searching for the nearest exit when your father dances with joy when he finds his favorite CD in the shop? Loving them dearly doesn't prevent you from feeling uncomfortable around them. 
And parents have to accept that Adam Gopnick, a writer for the New Yorker magazine, said in an article published by the BBC: ''The one thing that is written into the human genome   is that exactly at the age of 13, your child... will discover that you are now the most embarrassing, ridiculous and annoying person on the planet.'' 
A survey by the site YoungPoll.com in 2010 suggested that one in three youngsters is so  _ by their parents that they refuse to be seen with them in public; and seven in ten children are humiliated   by their mum and dad's behavior, like kissing them in front of friends and holding their hands. 
Part of going through adolescence is a sudden feeling that we are wise and self-sufficient and we are embarrassed when treated like vulnerable babies. But we are bound to lose this discomfort when we reach our 20s. 
Gopnick reminds us of writer William Blake's comment: ''When I was 14, my dad seemed to be so silly that I wouldn't even walk down the street with him. By the time I was 21, I was amazed how much he'd learnt.'' 
In any case, dissatisfied parents might feel comforted in the thought that their grandchildren are likely to end up enjoying their company. Then the uncool   ones will be the grandchildren's parents!
Answer:",3.52,417,2026-09-29T20:54:38.226808,0.0,0.8485,4,0.75,0.5328
race_0121,RACE,reading_comprehension,deepseek-r1:1.5b,"Beacuse of light pollution,the sea turtles hatchlings may  _","You may think that light pollution isn't something extraordinarily important. You may believe that every other type of pollution has a larger impact on the environment than light pollution does. But light pollution is serious.
Light pollution, or ""sky glow"", is the glow  you can see at night above cities and towns. Light pollution is a problem that has been accompanying man ever since he started his first fire some 15,000 years ago. Light pollution is the light  that comes from streetlights, buildings, parking lots and any other source of light that is reflected or directed into the atmosphere.
Urban light pollution means that one-fifth of the world's population can no longer see the Milky Way  with the naked eye . Many city kids, even if they did look through the orange smog above their heads, would probably see only a handful of stars. We have lost our view of the stars, and we have _ our  night-time environment as well. Astronomers are calling for the dark places on Earth to be preserved as national parks.
Lots of people find the ever-brightening night annoying, and animals that are programmed to prefer the dark may avoid a brightened habitat. Sea turtles can get lost searching for a beach to lay eggs, and their hatchlings may confuse over-lit beachfront resorts  for the ocean horizon, wasting precious energy needed to find the sea and escape predators . Because their necks aren't yet long enough to see things far away, baby turtles rely on the mirror image of the moon to guide them to the sea, to begin their new life. A car may even hit a particular turtle, which was thinking the light from a nearby city was moonlight reflecting off the ocean waves. Birds that live in and around cities can die because of sky glow, too. The bright lights can blind them, leading to countless collisions with buildings and other tall structures.
Reducing light pollution is not difficult.Light pollution is the easiest type of pollution to end. people can help reduce much sky glow by using lighting only when necessary. The stars above us are priceless heritage-- for not only for astronomers but for all humans. More of our children should be able to look up at night and see the Milk Way is not just a candy bar.",be misled by bright lights from beachfront resorts,"Because light pollution is the glow in the sky, sea turtles may confuse their hatchlings with the stars above, as the moon's reflection is crucial for their navigation. Reducing light pollution would help them see the Milky Way better and avoid confusion.","Because light pollution is the glow in the sky, sea turtles may confuse their hatchlings with the stars above, as the moon's reflection is crucial for their navigation. Reducing light pollution would help them see the Milky Way better and avoid confusion.",False,"You are a helpful and knowledgeable tutor.
Answer the following question clearly and concisely, in 2-4 sentences.

Question: Beacuse of light pollution,the sea turtles hatchlings may  _
Context: You may think that light pollution isn't something extraordinarily important. You may believe that every other type of pollution has a larger impact on the environment than light pollution does. But light pollution is serious.
Light pollution, or ""sky glow"", is the glow  you can see at night above cities and towns. Light pollution is a problem that has been accompanying man ever since he started his first fire some 15,000 years ago. Light pollution is the light  that comes from streetlights, buildings, parking lots and any other source of light that is reflected or directed into the atmosphere.
Urban light pollution means that one-fifth of the world's population can no longer see the Milky Way  with the naked eye . Many city kids, even if they did look through the orange smog above their heads, would probably see only a handful of stars. We have lost our view of the stars, and we have _ our  night-time environment as well. Astronomers are calling for the dark places on Earth to be preserved as national parks.
Lots of people find the ever-brightening night annoying, and animals that are programmed to prefer the dark may avoid a brightened habitat. Sea turtles can get lost searching for a beach to lay eggs, and their hatchlings may confuse over-lit beachfront resorts  for the ocean horizon, wasting precious energy needed to find the sea and escape predators . Because their necks aren't yet long enough to see things far away, baby turtles rely on the mirror image of the moon to guide them to the sea, to begin their new life. A car may even hit a particular turtle, which was thinking the light from a nearby city was moonlight reflecting off the ocean waves. Birds that live in and around cities can die because of sky glow, too. The bright lights can blind them, leading to countless collisions with buildings and other tall structures.
Reducing light pollution is not difficult.Light pollution is the easiest type of pollution to end. people can help reduce much sky glow by using lighting only when necessary. The stars above us are priceless heritage-- for not only for astronomers but for all humans. More of our children should be able to look up at night and see the Milk Way is not just a candy bar.
Answer:",2.16,250,2026-09-29T20:54:40.388019,0.0392,0.8404,4,0.75,0.5432
race_0122,RACE,reading_comprehension,deepseek-r1:1.5b,The purpose of the school relocation is   _  .,"NEW ORLEANS --A two-story, 1,500-ton and 16,000-square foot school built in 1879 is being moved about 300 yards to make way for the new University Medical Center in MidCity.
The school' s relocation is marked as the largest structure ever to be moved in Louisiana and one of the top-ten heaviest in America.Officials originally had planned to  _ the McDonogh No.11 School, but agreed to move the historic building at the city's request.
The school is being moved on a platform of steel beams put under the schoolhouse floor, then set on 38 remote-controlled power dollies made mobile by 300 tires.The school is creeping forward on a short stay that will take about two days to move it about 300 yards.
State officials said the operation shows how closely the state and city leaders are working topreserve history.
"" We' re looking to the future and building for the future, and building something new.We're also honoring the past and trying to save something historic,"" said Michael Diresto with the Division of Administration for the state of Louisiana.
Christian Cancienne, president and CEO of Orleans Shoring, said the feat of this endeavor is something a person rarely sees.
""When we heard about the opportunity to move a building this size, we knew that there was never a building moved this size in the state of Louisiana,"" he said.""We knew that because of the oak trees and neutral ground and the narrow streets, we may never get the opportunity in our hometown again to do something like this.
Cancienne said the cost of the huge project weighs in at $350,000, but he' s not making any profit from the move.Cancienne said his team wanted to do the project for free because of the once in a lifetime opportunity.""When my guys heard that this opportunity was here, they said, 'Let' s do it for free.We got to get it.No one else can do it.' And, so, we said let's just cover our cost so we bid it at $ 350,000.""
Cancienne' s company is used to moving homes across the city, but is happy to partake in the monumental task of moving a historic landmark.The building won' t remain at its current destination on Banks Street, though.It will eventually move to its permanent location once that has been determined.",to leave room for a new project,The purpose of the school relocation is to move the school to a new location to serve the new university medical center.,The purpose of the school relocation is to move the school to a new location to serve the new university medical center.,False,"You are a helpful and knowledgeable tutor.
Answer the following question clearly and concisely, in 2-4 sentences.

Question: The purpose of the school relocation is   _  .
Context: NEW ORLEANS --A two-story, 1,500-ton and 16,000-square foot school built in 1879 is being moved about 300 yards to make way for the new University Medical Center in MidCity.
The school' s relocation is marked as the largest structure ever to be moved in Louisiana and one of the top-ten heaviest in America.Officials originally had planned to  _ the McDonogh No.11 School, but agreed to move the historic building at the city's request.
The school is being moved on a platform of steel beams put under the schoolhouse floor, then set on 38 remote-controlled power dollies made mobile by 300 tires.The school is creeping forward on a short stay that will take about two days to move it about 300 yards.
State officials said the operation shows how closely the state and city leaders are working topreserve history.
"" We' re looking to the future and building for the future, and building something new.We're also honoring the past and trying to save something historic,"" said Michael Diresto with the Division of Administration for the state of Louisiana.
Christian Cancienne, president and CEO of Orleans Shoring, said the feat of this endeavor is something a person rarely sees.
""When we heard about the opportunity to move a building this size, we knew that there was never a building moved this size in the state of Louisiana,"" he said.""We knew that because of the oak trees and neutral ground and the narrow streets, we may never get the opportunity in our hometown again to do something like this.
Cancienne said the cost of the huge project weighs in at $350,000, but he' s not making any profit from the move.Cancienne said his team wanted to do the project for free because of the once in a lifetime opportunity.""When my guys heard that this opportunity was here, they said, 'Let' s do it for free.We got to get it.No one else can do it.' And, so, we said let's just cover our cost so we bid it at $ 350,000.""
Cancienne' s company is used to moving homes across the city, but is happy to partake in the monumental task of moving a historic landmark.The building won' t remain at its current destination on Banks Street, though.It will eventually move to its permanent location once that has been determined.
Answer:",2.84,336,2026-09-29T20:54:43.242168,0.2069,0.881,4,0.75,0.6126
race_0123,RACE,reading_comprehension,deepseek-r1:1.5b,"If you plan to attend a class on campus,  _  .","College visits are important.Before you commit years of your life and money to a school, be sure you're choosing a place,"" that is a good match for your personality and interests.You can't get the ""feel' of a school from any guidebook, so be sure to visit the campus.Below are a few tips for getting the most out of your college visit.
1.Explore on your own
Of course you should take the official campus tour, but be sure to allow time to hang around on your own. The trained tour guides will show you a school's selling points.But the 1dest and prettiest buildings don't give you the entire picture of a college.Try to walk the extra mile and get the complete picture of the campus.
2.Read the Bulletin Boards
When you visit the student center, academic buildings and residence hall, take a few minutes to read the bulletin boards.They provide an easy way to see what's happening on campus.The ads for lectures, clubs and plays can tell you what's going on outside the classrooms.
3.Eat in the Dining Hall
You can get a good feel for student life by eating in the dining hall.Try to sit with students if you can.Do the students seem happy or stressed? Also, is the food good? Are there adequate healthy options? Many admission offices will give prospective students coupons for free meals in the dining halls.
4.Visit a Class in Your Major
If you know what you want to study, a class visit makes a lot of sense.You'll get to observe other students in your field and see how involved they are  in classroom discussion.Try to stay after class for a few minutes and chat with the students to get their impressions of their professors and major.Be sure to call in advance to schedule a classroom visit--most colleges don't allow visitors to drop in on class unannounced.
5.Talk to Lots of Students
Your campus tour guide has been trained to market the sch001.Try to talk to students who aren't getting paid to impress you.These important conversations can often provide you with information about co1lege life that isn't part of the admission script.Few university officials wi11 tell you if their students spend all weekend drinking or studying, but a group of random(,) students might.
For more tips,please go to collegeapps.about.com.",make an appointment in advance,"If you plan to attend a class on campus, talking to lots of students is important.","If you plan to attend a class on campus, talking to lots of students is important.",False,"You are a helpful and knowledgeable tutor.
Answer the following question clearly and concisely, in 2-4 sentences.

Question: If you plan to attend a class on campus,  _  .
Context: College visits are important.Before you commit years of your life and money to a school, be sure you're choosing a place,"" that is a good match for your personality and interests.You can't get the ""feel' of a school from any guidebook, so be sure to visit the campus.Below are a few tips for getting the most out of your college visit.
1.Explore on your own
Of course you should take the official campus tour, but be sure to allow time to hang around on your own. The trained tour guides will show you a school's selling points.But the 1dest and prettiest buildings don't give you the entire picture of a college.Try to walk the extra mile and get the complete picture of the campus.
2.Read the Bulletin Boards
When you visit the student center, academic buildings and residence hall, take a few minutes to read the bulletin boards.They provide an easy way to see what's happening on campus.The ads for lectures, clubs and plays can tell you what's going on outside the classrooms.
3.Eat in the Dining Hall
You can get a good feel for student life by eating in the dining hall.Try to sit with students if you can.Do the students seem happy or stressed? Also, is the food good? Are there adequate healthy options? Many admission offices will give prospective students coupons for free meals in the dining halls.
4.Visit a Class in Your Major
If you know what you want to study, a class visit makes a lot of sense.You'll get to observe other students in your field and see how involved they are  in classroom discussion.Try to stay after class for a few minutes and chat with the students to get their impressions of their professors and major.Be sure to call in advance to schedule a classroom visit--most colleges don't allow visitors to drop in on class unannounced.
5.Talk to Lots of Students
Your campus tour guide has been trained to market the sch001.Try to talk to students who aren't getting paid to impress you.These important conversations can often provide you with information about co1lege life that isn't part of the admission script.Few university officials wi11 tell you if their students spend all weekend drinking or studying, but a group of random(,) students might.
For more tips,please go to collegeapps.about.com.
Answer:",2.19,256,2026-09-29T20:54:45.440949,0.0,0.8544,3,0.5,0.4515
race_0124,RACE,reading_comprehension,deepseek-r1:1.5b,Which of the following is a cause of the danger that coral reefs are facing?,"Coral reefs  are not just beautiful to look at,but also very useful.They shelter nearly 25% of ocean life and provide food for billions of people.However, like many other species,this amazing ecosystem  is in danger of dying out!
There are two main reasons for the destruction--the rising carbon dioxide levels caused by global warming as well as human influences like bottom operation.While not much can be done about the former,the loss caused by the latter can be reduced.
Bottom operation involves dropping nets to the ocean bed and then dragging them up when filled with fish.This action damaged the ocean floor,causing the coral branches to separate from the reefs.While that is very discouraging,the good news is that if these branches are found quickly,they can be saved.At present,that work is being performed by volunteer divers. But the method has only limited success because they cannot stay long underwater, nor reach depths of over 200 meters where some of the deep-sea coral grows.
However,this is not the case for Coralbots--the robots that can constantly seek out broken branches.A team of 'coral bots',each individually working to simple rules will piece together damaged bits of coral, allowing them to regrow. They are programmed to be able to distinguish between other things and the coral.The robots work together in groups,similar to bees.If one coralbot is damaged, then the others will still be able to complete the task.
Dr Lea-Anne Henry said:""The project of using coralbots offers us the possibility to restore  the function of reefs.It is in the final stage of testing.Once ready, the researchers hope to build hundreds of _ and use them effectively in the waters off Scotland and then hopefully in the oceans across the world.""",Human activities like bottom operation.,"The main causes of coral reefs' danger are rising carbon dioxide levels due to global warming and human activities such as bottom operation. While significant efforts can be made to address the rise of CO2, human activities like bottom operation are more controllable. Coral reefs are vital but in danger, and a potential solution is coral bots, which can regrow damaged coral fragments.","The main causes of coral reefs' danger are rising carbon dioxide levels due to global warming and human activities such as bottom operation. While significant efforts can be made to address the rise of CO2, human activities like bottom operation are more controllable. Coral reefs are vital but in danger, and a potential solution is coral bots, which can regrow damaged coral fragments.",False,"You are a helpful and knowledgeable tutor.
Answer the following question clearly and concisely, in 2-4 sentences.

Question: Which of the following is a cause of the danger that coral reefs are facing?
Context: Coral reefs  are not just beautiful to look at,but also very useful.They shelter nearly 25% of ocean life and provide food for billions of people.However, like many other species,this amazing ecosystem  is in danger of dying out!
There are two main reasons for the destruction--the rising carbon dioxide levels caused by global warming as well as human influences like bottom operation.While not much can be done about the former,the loss caused by the latter can be reduced.
Bottom operation involves dropping nets to the ocean bed and then dragging them up when filled with fish.This action damaged the ocean floor,causing the coral branches to separate from the reefs.While that is very discouraging,the good news is that if these branches are found quickly,they can be saved.At present,that work is being performed by volunteer divers. But the method has only limited success because they cannot stay long underwater, nor reach depths of over 200 meters where some of the deep-sea coral grows.
However,this is not the case for Coralbots--the robots that can constantly seek out broken branches.A team of 'coral bots',each individually working to simple rules will piece together damaged bits of coral, allowing them to regrow. They are programmed to be able to distinguish between other things and the coral.The robots work together in groups,similar to bees.If one coralbot is damaged, then the others will still be able to complete the task.
Dr Lea-Anne Henry said:""The project of using coralbots offers us the possibility to restore  the function of reefs.It is in the final stage of testing.Once ready, the researchers hope to build hundreds of _ and use them effectively in the waters off Scotland and then hopefully in the oceans across the world.""
Answer:",3.92,475,2026-09-29T20:54:49.369982,0.1471,0.8598,4,0.75,0.5856
race_0125,RACE,reading_comprehension,deepseek-r1:1.5b,Which of the following statements is NOT TRUE according to the passage?,"Most people who live in Seattle, Washington, love their city. There is a never-ending flow of fun things to do. But, people who live there do not always enjoy the day-after-day absence of sunshine during the winter months.
It is documented fact that sunshine (or lack of it) plays a major role in how each of us meets the day. It also affects how we perform at school or work. When people are derived of sunlight, they can develop seasonal affective disorder, which makes it difficult for them to feel happy or get things accomplished. No major city in the United States is more affected by the ""sunshine factor"" than Seattle.
To fight drizzle and fog during the winter months, Steve Murphy created a business that is very popular among the locals. The Indoor Sun Shoppe is more than a little ray of sunshine during the gray days of Seattle's winter. His shop offers a huge source of plants and artificial lighting for people who are trying to overcome seasonal affective disorder.
Located in Fremont, Washington, The Indoor Sun Shoppe has an amazing collection of exotic plants and ""good bugs"" in a humid and well-lit environment. At The Indoor Sun Shoppe, you can spend up to $400 for artificial lighting that will chase away the winter blues. It will also keep your plants healthy. You can buy a dawn simulator that will gradually fill your room with a warming wake-up glow. What better way to meet a Seattle morning when real sunshine is nothing more than a happy thought!
Murphy's in-home waterfalls are also popular with customers. But his plants and lights remain the ""main course."" On a cloudy winter day, The Indoor Sun Shoppe is a bright spot in Seattle!",People who live in Seattle are used to the sunshine absence.,,,False,"You are a helpful and knowledgeable tutor.
Answer the following question clearly and concisely, in 2-4 sentences.

Question: Which of the following statements is NOT TRUE according to the passage?
Context: Most people who live in Seattle, Washington, love their city. There is a never-ending flow of fun things to do. But, people who live there do not always enjoy the day-after-day absence of sunshine during the winter months.
It is documented fact that sunshine (or lack of it) plays a major role in how each of us meets the day. It also affects how we perform at school or work. When people are derived of sunlight, they can develop seasonal affective disorder, which makes it difficult for them to feel happy or get things accomplished. No major city in the United States is more affected by the ""sunshine factor"" than Seattle.
To fight drizzle and fog during the winter months, Steve Murphy created a business that is very popular among the locals. The Indoor Sun Shoppe is more than a little ray of sunshine during the gray days of Seattle's winter. His shop offers a huge source of plants and artificial lighting for people who are trying to overcome seasonal affective disorder.
Located in Fremont, Washington, The Indoor Sun Shoppe has an amazing collection of exotic plants and ""good bugs"" in a humid and well-lit environment. At The Indoor Sun Shoppe, you can spend up to $400 for artificial lighting that will chase away the winter blues. It will also keep your plants healthy. You can buy a dawn simulator that will gradually fill your room with a warming wake-up glow. What better way to meet a Seattle morning when real sunshine is nothing more than a happy thought!
Murphy's in-home waterfalls are also popular with customers. But his plants and lights remain the ""main course."" On a cloudy winter day, The Indoor Sun Shoppe is a bright spot in Seattle!
Answer:",4.23,512,2026-09-29T20:54:53.605195,0.0,0.8629,4,0.75,0.5376
race_0126,RACE,reading_comprehension,deepseek-r1:1.5b,What did the accident teach the author?,"Catherine and I were on our way to our nephew's birthday party one rainy Saturday morning, driving along what some people call moose  alley. It was early, there were few other cars on the road and we were looking forward to a good day with the family. Suddenly, a moose rushed across our path. Fortunately, a quick swerve  to the other lane prevented a full impact, with only a small collision on the right side of our car ripping off the mirror and knocking the moose to the pavement.
By the time I stopped and looked back in my rear view mirror, the moose was getting up. It ran into the bush. Shaken but unharmed, we both looked at each other shocked by what had happened. We knew that moose accidents had claimed many lives throughout the years, and that we had been very fortunate to escape with no personal injury or worse. After a quick check of our vehicle, we drove off.
Even though the moose accident lasted just a few seconds, we still remember it to this day. Why?
We had often talked about the frailty of life, the here today and gone tomorrow potential we all face, but it had never felt so real. And it wasn't that we hadn't had friends, relatives and colleagues die before, it was that this experience was much more personal. In a matter of seconds, lives can easily change.
The effect of that one near miss with death has been positive, and made us appreciate life. Each one of us has only a limited time on this Earth; no one can predict when your time will end. We should give thanks for each day, to see the sun rise again, and to know that you can accomplish and assist others to appreciate their life if they are caught in the ""poor-me"" syndrome .","Life is unpredictable, so we should treasure every moment.","The accident taught the author the importance of remembering small moments in life, the value of gratitude, and the limited nature of human existence.","The accident taught the author the importance of remembering small moments in life, the value of gratitude, and the limited nature of human existence.",False,"You are a helpful and knowledgeable tutor.
Answer the following question clearly and concisely, in 2-4 sentences.

Question: What did the accident teach the author?
Context: Catherine and I were on our way to our nephew's birthday party one rainy Saturday morning, driving along what some people call moose  alley. It was early, there were few other cars on the road and we were looking forward to a good day with the family. Suddenly, a moose rushed across our path. Fortunately, a quick swerve  to the other lane prevented a full impact, with only a small collision on the right side of our car ripping off the mirror and knocking the moose to the pavement.
By the time I stopped and looked back in my rear view mirror, the moose was getting up. It ran into the bush. Shaken but unharmed, we both looked at each other shocked by what had happened. We knew that moose accidents had claimed many lives throughout the years, and that we had been very fortunate to escape with no personal injury or worse. After a quick check of our vehicle, we drove off.
Even though the moose accident lasted just a few seconds, we still remember it to this day. Why?
We had often talked about the frailty of life, the here today and gone tomorrow potential we all face, but it had never felt so real. And it wasn't that we hadn't had friends, relatives and colleagues die before, it was that this experience was much more personal. In a matter of seconds, lives can easily change.
The effect of that one near miss with death has been positive, and made us appreciate life. Each one of us has only a limited time on this Earth; no one can predict when your time will end. We should give thanks for each day, to see the sun rise again, and to know that you can accomplish and assist others to appreciate their life if they are caught in the ""poor-me"" syndrome .
Answer:",2.25,262,2026-09-29T20:54:55.863261,0.0606,0.8983,4,0.75,0.5696
race_0127,RACE,reading_comprehension,deepseek-r1:1.5b,Which of the following best shows American individualism?,"Although most weddings follow long-held traditions, there's still room for American individualism. For example, the usual place for a wedding is in a church. But some people get married outdoors in a scenic spot. A few even have the ceremony while skydiving or riding on horseback! The couple may invite hundreds of people or just a few close friends. They choose their own style of colors, decorations and music during the ceremony. But some things rarely change. The bride usually wears a beautiful long white wedding dress. She traditionally wears ""something old, something new, something borrowed and something blue."" The groom wears a formal suit.
Several close friends participate in the ceremony as attendants, including the best man and the maid of honor.
As the ceremony begins, the groom and his attendants stand with the minister, facing the audience. Music signals the entrance of the bride's attendants, followed by the beautiful bride. Nervously, the young couple repeats their vows  . Traditionally, they promise to love each other ""for better, for worse, for richer, for poorer, in sickness and in health."" But sometimes the couple has composed  their own vows. They give each other a gold ring to symbolize their marriage commitment. Finally the minister announces the big moment, "" I now pronounce you man and wife. You may kiss your bride!""
At the wedding reception, the bride and groom greet their guests. Then they cut the wedding cake and feed each other a bite. Guests talk with each other while enjoying the cake, drinks and other treats. When the reception is over, the newlyweds run to their ""decorated"" car and speed off. Many couples take a honeymoon, a one- to two-week vacation trip, to celebrate their new marriage.",Some people choose their own style of weddings.,"The best option is the second one, which describes the couple's personal choices and styles during the ceremony, reflecting individualism.","The best option is the second one, which describes the couple's personal choices and styles during the ceremony, reflecting individualism.",False,"You are a helpful and knowledgeable tutor.
Answer the following question clearly and concisely, in 2-4 sentences.

Question: Which of the following best shows American individualism?
Context: Although most weddings follow long-held traditions, there's still room for American individualism. For example, the usual place for a wedding is in a church. But some people get married outdoors in a scenic spot. A few even have the ceremony while skydiving or riding on horseback! The couple may invite hundreds of people or just a few close friends. They choose their own style of colors, decorations and music during the ceremony. But some things rarely change. The bride usually wears a beautiful long white wedding dress. She traditionally wears ""something old, something new, something borrowed and something blue."" The groom wears a formal suit.
Several close friends participate in the ceremony as attendants, including the best man and the maid of honor.
As the ceremony begins, the groom and his attendants stand with the minister, facing the audience. Music signals the entrance of the bride's attendants, followed by the beautiful bride. Nervously, the young couple repeats their vows  . Traditionally, they promise to love each other ""for better, for worse, for richer, for poorer, in sickness and in health."" But sometimes the couple has composed  their own vows. They give each other a gold ring to symbolize their marriage commitment. Finally the minister announces the big moment, "" I now pronounce you man and wife. You may kiss your bride!""
At the wedding reception, the bride and groom greet their guests. Then they cut the wedding cake and feed each other a bite. Guests talk with each other while enjoying the cake, drinks and other treats. When the reception is over, the newlyweds run to their ""decorated"" car and speed off. Many couples take a honeymoon, a one- to two-week vacation trip, to celebrate their new marriage.
Answer:",2.19,260,2026-09-29T20:54:58.056251,0.069,0.8958,4,0.75,0.5716
race_0128,RACE,reading_comprehension,deepseek-r1:1.5b,The purpose of the writer in writing this passage is to tell us that   _  .,"Not having done physical exercise for some time, I found myself a little low-spirited and couldn't study efficiently, so I decided to do some running the next day. At 6:15 the next morning, my alarm clock rang. Unwilling to rise from my bed, I turned it off and went back to sleep. However, 5 minutes later, I struggled to get up. After washing and brushing, I had my sneakers on and went out.
Wow! The air was so fresh that I couldn't help breathing it deeply. I stretched  my arms and legs, then started to run. I found all things around me were so attractive. Look, the branches were waving, as if they were welcoming me; the blossoming flowers were bowing, with shyness, just like girls. Listen, the wind was whispering, as if to say ""come on, girl"". What's more interesting was those two birds, perching in the tree. They were scared and flew away when I passed them. ""Hey, chaps, relax."" I shouted without stopping running. ""Let's enjoy the beautiful morning together!"" Then miracle  happened. The two little creatures seemed to understand what I said. They turned back and twittered  around me. ""Are you singing for me?"" I asked. They twittered again and again, sounded like ""Yes"". I was delighted to hear that. Ah, what a wonderful morning and how beautiful life is!
Actually, there are a lot of charming things around us. Helen Keller wrote in her famous article Three Days to See, "" _ "". Indeed, many of us ignore the beauty around us, just because we are familiar with them. They always complain that life is boring. But, I just want to say, if you live each day with appreciation of things around, you'll find life is very charming. So, let's enjoy life from now on.",we should appreciate the beautiful things in life,"The writer uses their own experience to set the scene of a low-spirited person deciding to run, followed by a motivational quote from Helen Keller, which encourages appreciation of life's beauty.","The writer uses their own experience to set the scene of a low-spirited person deciding to run, followed by a motivational quote from Helen Keller, which encourages appreciation of life's beauty.",False,"You are a helpful and knowledgeable tutor.
Answer the following question clearly and concisely, in 2-4 sentences.

Question: The purpose of the writer in writing this passage is to tell us that   _  .
Context: Not having done physical exercise for some time, I found myself a little low-spirited and couldn't study efficiently, so I decided to do some running the next day. At 6:15 the next morning, my alarm clock rang. Unwilling to rise from my bed, I turned it off and went back to sleep. However, 5 minutes later, I struggled to get up. After washing and brushing, I had my sneakers on and went out.
Wow! The air was so fresh that I couldn't help breathing it deeply. I stretched  my arms and legs, then started to run. I found all things around me were so attractive. Look, the branches were waving, as if they were welcoming me; the blossoming flowers were bowing, with shyness, just like girls. Listen, the wind was whispering, as if to say ""come on, girl"". What's more interesting was those two birds, perching in the tree. They were scared and flew away when I passed them. ""Hey, chaps, relax."" I shouted without stopping running. ""Let's enjoy the beautiful morning together!"" Then miracle  happened. The two little creatures seemed to understand what I said. They turned back and twittered  around me. ""Are you singing for me?"" I asked. They twittered again and again, sounded like ""Yes"". I was delighted to hear that. Ah, what a wonderful morning and how beautiful life is!
Actually, there are a lot of charming things around us. Helen Keller wrote in her famous article Three Days to See, "" _ "". Indeed, many of us ignore the beauty around us, just because we are familiar with them. They always complain that life is boring. But, I just want to say, if you live each day with appreciation of things around, you'll find life is very charming. So, let's enjoy life from now on.
Answer:",2.13,251,2026-09-29T20:55:00.194705,0.0976,0.8902,4,0.75,0.5793
race_0129,RACE,reading_comprehension,deepseek-r1:1.5b,Odyssey of the Mind competitions aim to   _  .,"To Whom It May Concern:
prefix = st1 /Chengdu #7 High School is proud to send an Odyssey of the MindTeam to World Competition this year. They competed inShanghaifor the National Competition and were selected to go to World. The World Competition will be held at the University of Maryland in theUnited Statesat the end of May.
Odyssey of the Mind is a creative problem-solving competition. Teams of up to seven students will solve a complex problem using innovative ideas and materials. They will be judged on originality in three separate categories.
Odyssey of the Mind competitions emphasize team work and creative ""out of the box"" solutions.  The strength of this program is that the solutions are the work of the students only - neither coaches nor parents are allowed input. During the competition the students must work together as a team and think spontaneously and creatively.
Chengdu #7 is a key High School in the fields of science and mathematics. This is the first time they have had an opportunity to attend the Odyssey of the MindWorld Competition. For the seven team members and three coaches (teachers) it will be the first time to visit theUnited States. It will cost each student approximately 20,000 RMB for the twelve-day trip. They have been working hard for this opportunity for a year.
Traditionally businesses have supported Odyssey of the Mindbecause it produces students who can work as a team and solve problems creatively. We are asking your company for a donation to help defer the expenses for these deserving students. Please make out checks toChengdu#7 and specify Odyssey of the Mind. Any amount you can contribute will be greatly appreciated and will help us to continue to prepare our students for tomorrow's world. 
Sincerely yours,
Chengdu #7 High School 
#1 Linyin St. Chengdu, 610041","help the competitors to think ""outside the box""","Odyssey of the Mind competitions aim to prepare students for teamwork and creative problem-solving, not just individual success. The competition is supported by businesses due to its emphasis on teamwork and creativity. The target is to send students to the United States, which is a significant expense. The school is the first to do this, and they're asking for a donation to cover the costs for the students.","Odyssey of the Mind competitions aim to prepare students for teamwork and creative problem-solving, not just individual success. The competition is supported by businesses due to its emphasis on teamwork and creativity. The target is to send students to the United States, which is a significant expense. The school is the first to do this, and they're asking for a donation to cover the costs for the students.",False,"You are a helpful and knowledgeable tutor.
Answer the following question clearly and concisely, in 2-4 sentences.

Question: Odyssey of the Mind competitions aim to   _  .
Context: To Whom It May Concern:
prefix = st1 /Chengdu #7 High School is proud to send an Odyssey of the MindTeam to World Competition this year. They competed inShanghaifor the National Competition and were selected to go to World. The World Competition will be held at the University of Maryland in theUnited Statesat the end of May.
Odyssey of the Mind is a creative problem-solving competition. Teams of up to seven students will solve a complex problem using innovative ideas and materials. They will be judged on originality in three separate categories.
Odyssey of the Mind competitions emphasize team work and creative ""out of the box"" solutions.  The strength of this program is that the solutions are the work of the students only - neither coaches nor parents are allowed input. During the competition the students must work together as a team and think spontaneously and creatively.
Chengdu #7 is a key High School in the fields of science and mathematics. This is the first time they have had an opportunity to attend the Odyssey of the MindWorld Competition. For the seven team members and three coaches (teachers) it will be the first time to visit theUnited States. It will cost each student approximately 20,000 RMB for the twelve-day trip. They have been working hard for this opportunity for a year.
Traditionally businesses have supported Odyssey of the Mindbecause it produces students who can work as a team and solve problems creatively. We are asking your company for a donation to help defer the expenses for these deserving students. Please make out checks toChengdu#7 and specify Odyssey of the Mind. Any amount you can contribute will be greatly appreciated and will help us to continue to prepare our students for tomorrow's world. 
Sincerely yours,
Chengdu #7 High School 
#1 Linyin St. Chengdu, 610041
Answer:",2.42,285,2026-09-29T20:55:02.618393,0.0769,0.8564,4,0.75,0.5611
race_0130,RACE,reading_comprehension,deepseek-r1:1.5b,In which publication would you most likely find this passage?,"Due to climate change, Arctic ice is breaking up earlier in the spring, and its area is decreasing. This is creating problems for polar bears that make their homes off northern Alaska and in Hudson Bay.
Polar bears off Alaska normally hunt and raise their young on ice sheets that float on the ocean. But as the ice has melted, the polar bears have been forced to spend more time on land. There, they have begun to frequent beaches, feeding on the remains of whales caught by native hunters. For polar bears, this food is less nutritious than seals that they normally catch on ice sheets. The shrinking  ice has also forced more polar bears into the ocean. In the past, they only had to swim short distances between ice sheets. But as the ice has shrunk, polar bears have been forced to swim longer and longer distances in the open ocean. This poses a severe danger during rough weather, and an increasing number of drowned polar bears have been observed.
In Hudson Bay, the ice breaks up three weeks earlier in the spring now than it did 20 years ago. Polar bears on Hudson Bay fast  during the summer, waiting for ice to form in the fall to hunt. Every year, the summer gets longer, and the bears get skinnier. Over the past 25 years, the average weight of the female bears has dropped 68 kg. This loss affects their ability to reproduce, and already the number of births has dropped 15 percent. Unless the bears can learn to survive these climate changes, these giants of the ice may one day disappear.",Wildlife Journal,"The passage about polar bears in Hudson Bay is most likely published in a scientific journal, likely in the field of ecology or marine biology. These journals typically focus on specialized species and their ecosystems, making it appropriate for a topic discussing polar bears and their habitats under climate change.","The passage about polar bears in Hudson Bay is most likely published in a scientific journal, likely in the field of ecology or marine biology. These journals typically focus on specialized species and their ecosystems, making it appropriate for a topic discussing polar bears and their habitats under climate change.",False,"You are a helpful and knowledgeable tutor.
Answer the following question clearly and concisely, in 2-4 sentences.

Question: In which publication would you most likely find this passage?
Context: Due to climate change, Arctic ice is breaking up earlier in the spring, and its area is decreasing. This is creating problems for polar bears that make their homes off northern Alaska and in Hudson Bay.
Polar bears off Alaska normally hunt and raise their young on ice sheets that float on the ocean. But as the ice has melted, the polar bears have been forced to spend more time on land. There, they have begun to frequent beaches, feeding on the remains of whales caught by native hunters. For polar bears, this food is less nutritious than seals that they normally catch on ice sheets. The shrinking  ice has also forced more polar bears into the ocean. In the past, they only had to swim short distances between ice sheets. But as the ice has shrunk, polar bears have been forced to swim longer and longer distances in the open ocean. This poses a severe danger during rough weather, and an increasing number of drowned polar bears have been observed.
In Hudson Bay, the ice breaks up three weeks earlier in the spring now than it did 20 years ago. Polar bears on Hudson Bay fast  during the summer, waiting for ice to form in the fall to hunt. Every year, the summer gets longer, and the bears get skinnier. Over the past 25 years, the average weight of the female bears has dropped 68 kg. This loss affects their ability to reproduce, and already the number of births has dropped 15 percent. Unless the bears can learn to survive these climate changes, these giants of the ice may one day disappear.
Answer:",2.98,353,2026-09-29T20:55:05.603438,0.0385,0.8321,4,0.75,0.5402
race_0131,RACE,reading_comprehension,deepseek-r1:1.5b,"A child who has been informed of being ""uncool"" may   _  .","When a child is told he is ""uncool"", it can be very painful. He may say he doesn't care, and even act in ways that are opposite of cool on purpose. But ultimately, these are simply ways to handle sadness by pretending it's not there.
Helping a child feel better in school had to be careful. If you say, ""Why are you worried about what other children think about you? It doesn't matter!""  Children know that it does matter. Instead, an active way may be best. You could say, ""I'm going to do a couple of things for you to help you feel better in school.""
If a boy is having trouble making friends, the teacher can help him. The teacher can arrange things so that he has chances to use his abilities to contribute to class projects. This is how the other children learn how to value his good qualities and to like him. A teacher can also raise a child's popularity in the group by showing that he values that child. It even helps to put him in a seat next to a very popular child, or let him be a partner with that child in activities, etc.
There are things that parents can do at home, too. Be friendly when your child brings others home to play. Encourage him to invite friends to meals and then serve the dishes they consider ""super"". When you plan trips, picnics, movies, and other shows, invite another child with whom your child wants to be friends.
What you can do is to give him a chance to join a group that may be shutting him out. Then, if he has good qualities, he can start to build real friendship of his own.",do something uncool purposely,"A child who is told they are ""uncool"" may feel sad or frustrated, but it's important to help them feel better. Teachers can play a key role by arranging activities that allow the child to participate, encouraging friends to join, and giving them a chance to join groups. This helps the child build real friendships by showing he values others.","A child who is told they are ""uncool"" may feel sad or frustrated, but it's important to help them feel better. Teachers can play a key role by arranging activities that allow the child to participate, encouraging friends to join, and giving them a chance to join groups. This helps the child build real friendships by showing he values others.",False,"You are a helpful and knowledgeable tutor.
Answer the following question clearly and concisely, in 2-4 sentences.

Question: A child who has been informed of being ""uncool"" may   _  .
Context: When a child is told he is ""uncool"", it can be very painful. He may say he doesn't care, and even act in ways that are opposite of cool on purpose. But ultimately, these are simply ways to handle sadness by pretending it's not there.
Helping a child feel better in school had to be careful. If you say, ""Why are you worried about what other children think about you? It doesn't matter!""  Children know that it does matter. Instead, an active way may be best. You could say, ""I'm going to do a couple of things for you to help you feel better in school.""
If a boy is having trouble making friends, the teacher can help him. The teacher can arrange things so that he has chances to use his abilities to contribute to class projects. This is how the other children learn how to value his good qualities and to like him. A teacher can also raise a child's popularity in the group by showing that he values that child. It even helps to put him in a seat next to a very popular child, or let him be a partner with that child in activities, etc.
There are things that parents can do at home, too. Be friendly when your child brings others home to play. Encourage him to invite friends to meals and then serve the dishes they consider ""super"". When you plan trips, picnics, movies, and other shows, invite another child with whom your child wants to be friends.
What you can do is to give him a chance to join a group that may be shutting him out. Then, if he has good qualities, he can start to build real friendship of his own.
Answer:",3.03,360,2026-09-29T20:55:08.637787,0.0308,0.824,4,0.75,0.5349
race_0132,RACE,reading_comprehension,deepseek-r1:1.5b,"From the passage, we know that   _  .","Your children's teacher will be providing extra time for test preparation. This school year's test will be held on January 8 and 9. The test preparation time is open to all students, and we strongly encourage your children to attend.
This year we are changing the time for our test preparation: it will be on Thursday mornings from 8:10 to 8:50. This helps children who ride the bus and cannot stay for the after-school period. It also helps avoid conflicts with after-school activities.
Danielle and Marina will be working with the recent new test takers 6 days on the following Thursdays: 15th, Nov; 29th, Nov; 6th, Dec; 13th, Dec.; 20th, Dec. and 3rd, Jan.
Besides the test preparation lectures on these dates, teachers are already putting test preparation into their usual courses. We are finding that we can help our students to be both skillful and whole-hearted readers and test takers -- after all, we all know that the best test preparation is good reading and writing training.
What can you do at home? Again, the best and most effective test preparation for the ELA test is reading and more reading. The research is quite clear -- students who do well in the tests are those who are good readers. Reading not only builds reading ability, it also helps build confidence -- important for successful test taking! But do discourage your children from spending too much time on books that are too hard or even a bit too hard. Children best develop comprehension skills when they are reading books just right for them (too easy doesn't hurt here either).
Finally, on Friday, December 7, we will have a morning lecture on the ELA. Please pay attention!",the students can learn how to write well in the test preparation,"The test is scheduled for January 8 and 9. The test preparation schedule has been changed to Thursday mornings from 8:10 to 8:50. The specific preparation dates are 15th, November; 29th, November; 6th, December; 13th, December; 20th, December; and 3rd, January. The best test preparation involves reading and writing, which helps build confidence and skills for the","The test is scheduled for January 8 and 9. The test preparation schedule has been changed to Thursday mornings from 8:10 to 8:50. The specific preparation dates are 15th, November; 29th, November; 6th, December; 13th, December; 20th, December; and 3rd, January. The best test preparation involves reading and writing, which helps build confidence and skills for the",False,"You are a helpful and knowledgeable tutor.
Answer the following question clearly and concisely, in 2-4 sentences.

Question: From the passage, we know that   _  .
Context: Your children's teacher will be providing extra time for test preparation. This school year's test will be held on January 8 and 9. The test preparation time is open to all students, and we strongly encourage your children to attend.
This year we are changing the time for our test preparation: it will be on Thursday mornings from 8:10 to 8:50. This helps children who ride the bus and cannot stay for the after-school period. It also helps avoid conflicts with after-school activities.
Danielle and Marina will be working with the recent new test takers 6 days on the following Thursdays: 15th, Nov; 29th, Nov; 6th, Dec; 13th, Dec.; 20th, Dec. and 3rd, Jan.
Besides the test preparation lectures on these dates, teachers are already putting test preparation into their usual courses. We are finding that we can help our students to be both skillful and whole-hearted readers and test takers -- after all, we all know that the best test preparation is good reading and writing training.
What can you do at home? Again, the best and most effective test preparation for the ELA test is reading and more reading. The research is quite clear -- students who do well in the tests are those who are good readers. Reading not only builds reading ability, it also helps build confidence -- important for successful test taking! But do discourage your children from spending too much time on books that are too hard or even a bit too hard. Children best develop comprehension skills when they are reading books just right for them (too easy doesn't hurt here either).
Finally, on Friday, December 7, we will have a morning lecture on the ELA. Please pay attention!
Answer:",4.26,512,2026-09-29T20:55:12.900908,0.1408,0.8261,4,0.75,0.5723
race_0133,RACE,reading_comprehension,deepseek-r1:1.5b,What can be inferred from this news report?,"Beijing (Xinhua) -- In 2010, some 108,000 people returned to the Chinese mainland from abroad, a number that had risen 56.2 percent from the previous year, according to statistics recently published by the Ministry of Education.
       ""For Chinese employers, a 70 percent willingness to hire overseas workers, although that is still lower than the average rate of 76 percent for Asia, is quite a high figure when compared with the past,"" said Emma, regional director of Hays in Hong Kong and the mainland, who was in charge of the survey .
       Company executives , she said, have recently come to prefer hiring Chinese natives who have returned home after studying or working elsewhere.Expatriates  have fallen to a second choice, she said.
       In the past, expatriates and returned Chinese have earned three to four times as much money as Chinese residents who do not have overseas experience.Expatriates would often rise to the senior positions within an company, while returned Chinese could find positions as mid-level executives with   ease.
       But all overseas job candidates, especially those who lack practical experience, are gradually losing their advantages among a trend of pay increases in China.
       In 2010, the country recorded the greatest rise in wages in Asia.Of all Chinese employees surveyed that year, 68 percent said they had received a raise worth 3 percent to 10 percent of their salaries, according to the survey.
       Moreover, 51 percent of the Chinese surveyed were expecting to get raises of 6 to 10 percent in 2011, and 33 percent thought their income increase will go beyond 10 percent.
       ""Now it's common in many companies to see overseas candidates earning the same salaries as their Chinese coworkers,"" said Emma.""Even some experienced expatriates, on average, earn only 20 percent more than their Chinese peers.""
       Emma said overseas workers with little work experience no longer enjoy a great advantage over graduates of Chinese universities.But those with two to three years of work experience are still ""red-hot"".
       There are now about 45 million native Chinese living outside the country, the Overseas Chinese Affairs Office of the State Council said on Jun 16, 2010.",Employers without overseas experiences are gaining increasing equality.,,,False,"You are a helpful and knowledgeable tutor.
Answer the following question clearly and concisely, in 2-4 sentences.

Question: What can be inferred from this news report?
Context: Beijing (Xinhua) -- In 2010, some 108,000 people returned to the Chinese mainland from abroad, a number that had risen 56.2 percent from the previous year, according to statistics recently published by the Ministry of Education.
       ""For Chinese employers, a 70 percent willingness to hire overseas workers, although that is still lower than the average rate of 76 percent for Asia, is quite a high figure when compared with the past,"" said Emma, regional director of Hays in Hong Kong and the mainland, who was in charge of the survey .
       Company executives , she said, have recently come to prefer hiring Chinese natives who have returned home after studying or working elsewhere.Expatriates  have fallen to a second choice, she said.
       In the past, expatriates and returned Chinese have earned three to four times as much money as Chinese residents who do not have overseas experience.Expatriates would often rise to the senior positions within an company, while returned Chinese could find positions as mid-level executives with   ease.
       But all overseas job candidates, especially those who lack practical experience, are gradually losing their advantages among a trend of pay increases in China.
       In 2010, the country recorded the greatest rise in wages in Asia.Of all Chinese employees surveyed that year, 68 percent said they had received a raise worth 3 percent to 10 percent of their salaries, according to the survey.
       Moreover, 51 percent of the Chinese surveyed were expecting to get raises of 6 to 10 percent in 2011, and 33 percent thought their income increase will go beyond 10 percent.
       ""Now it's common in many companies to see overseas candidates earning the same salaries as their Chinese coworkers,"" said Emma.""Even some experienced expatriates, on average, earn only 20 percent more than their Chinese peers.""
       Emma said overseas workers with little work experience no longer enjoy a great advantage over graduates of Chinese universities.But those with two to three years of work experience are still ""red-hot"".
       There are now about 45 million native Chinese living outside the country, the Overseas Chinese Affairs Office of the State Council said on Jun 16, 2010.
Answer:",4.31,512,2026-09-29T20:55:17.217160,0.0,0.8649,4,0.75,0.5383
race_0134,RACE,reading_comprehension,deepseek-r1:1.5b,What can we learn about Poe?,"Melissa Poe was 9 years old when she began a campaign for a cleaner environment by writing a letter to the then President Bush. Through her on efforts, her letter was reproduced on over 250 donated billboards  across the country. 
The response to her request for help was so huge that Poe established Kids For A Cleaner Environment (Kids F.A.C.E.) in 1989. There are now 300,000 members of Kids F.A.C.E. worldwide and it is the world's largest youth environmental organization. 
Poe has also asked the National Park Service to carry out a ""Children's Forest"" project in every national park. In 1992, she was invited one of only six children in the world to speak at the Earth Summit in prefix = st1 /Brazilas part of the Voices of the future Program. In 1993, she was given a Caring Award for her efforts by the Caring Institute.
Since the organization started, Kids F.A.C.E. members have distributed and planted over 1 million trees! Ongoing tree-planting projects include Kids' Yards -- the creation of backyard wildlife habitats   and now Kids F.A.C.E. is involved in the exciting Odyssey, which is a great way to start helping. 
 ""We try to tell kids that it's not OK to be lazy,"" she explains, ""You need to start being a response, environmentally friendly person now, right now, before you become a resource-sucking adult.""",She got positive responses for her efforts.,"From the context, we can learn that Kids For a Cleaner Environment (Kids F.A.C.E.) is a significant environmental organization with a global presence, involved in tree-planting projects and emphasizing the importance of responsibility from a young age. It also highlights the power of youth to inspire action for a cleaner environment.","From the context, we can learn that Kids For a Cleaner Environment (Kids F.A.C.E.) is a significant environmental organization with a global presence, involved in tree-planting projects and emphasizing the importance of responsibility from a young age. It also highlights the power of youth to inspire action for a cleaner environment.",False,"You are a helpful and knowledgeable tutor.
Answer the following question clearly and concisely, in 2-4 sentences.

Question: What can we learn about Poe?
Context: Melissa Poe was 9 years old when she began a campaign for a cleaner environment by writing a letter to the then President Bush. Through her on efforts, her letter was reproduced on over 250 donated billboards  across the country. 
The response to her request for help was so huge that Poe established Kids For A Cleaner Environment (Kids F.A.C.E.) in 1989. There are now 300,000 members of Kids F.A.C.E. worldwide and it is the world's largest youth environmental organization. 
Poe has also asked the National Park Service to carry out a ""Children's Forest"" project in every national park. In 1992, she was invited one of only six children in the world to speak at the Earth Summit in prefix = st1 /Brazilas part of the Voices of the future Program. In 1993, she was given a Caring Award for her efforts by the Caring Institute.
Since the organization started, Kids F.A.C.E. members have distributed and planted over 1 million trees! Ongoing tree-planting projects include Kids' Yards -- the creation of backyard wildlife habitats   and now Kids F.A.C.E. is involved in the exciting Odyssey, which is a great way to start helping. 
 ""We try to tell kids that it's not OK to be lazy,"" she explains, ""You need to start being a response, environmentally friendly person now, right now, before you become a resource-sucking adult.""
Answer:",2.72,326,2026-09-29T20:55:19.938245,0.0645,0.854,4,0.75,0.5562
race_0135,RACE,reading_comprehension,deepseek-r1:1.5b,Which of the following is NOT the advantage of the kangaroo method?,"Some mothers in Senegal are learning a new way to save the lives of babies born too soon. The idea is borrowed from the way mother kangaroos carry their young in front in a pouch. The baby kangaroo stays in this built-in baby carrier until it can survive independently.
Kangaroo mother care is also known as the skin-to-skin method for premature  babies. The direct contact with the mother keeps the baby warm. It also lets the baby breastfeed  at any time. The mother's heartbeat also helps control the baby's breathing rate.
Every year, seven thousand babies are born at the health center where Ousmane Ndiaye works in Guediaway, outside Dakar. One in five is underweight. But Senegal has few incubators  in which to keep premature babies warm. In Africa, one newborn in twenty dies. A major reason is prematurity, so the death rates are among the highest in the world.
Doctor Ndiaye says babies who weigh less than two kilos get special attention from _ who assist with the births. They teach the mother how to keep the baby wrapped to her chest. The health center has a Kangaroo Clinic, a special area for teaching this method.
Doctor Ndiaye says they plan to expand the program throughout Senegal. But he believes the best way to get more people to use the kangaroo method is for mothers who have used the method to tell others about it.",The direct skin contact reduce the risk of failing ill,,,False,"You are a helpful and knowledgeable tutor.
Answer the following question clearly and concisely, in 2-4 sentences.

Question: Which of the following is NOT the advantage of the kangaroo method?
Context: Some mothers in Senegal are learning a new way to save the lives of babies born too soon. The idea is borrowed from the way mother kangaroos carry their young in front in a pouch. The baby kangaroo stays in this built-in baby carrier until it can survive independently.
Kangaroo mother care is also known as the skin-to-skin method for premature  babies. The direct contact with the mother keeps the baby warm. It also lets the baby breastfeed  at any time. The mother's heartbeat also helps control the baby's breathing rate.
Every year, seven thousand babies are born at the health center where Ousmane Ndiaye works in Guediaway, outside Dakar. One in five is underweight. But Senegal has few incubators  in which to keep premature babies warm. In Africa, one newborn in twenty dies. A major reason is prematurity, so the death rates are among the highest in the world.
Doctor Ndiaye says babies who weigh less than two kilos get special attention from _ who assist with the births. They teach the mother how to keep the baby wrapped to her chest. The health center has a Kangaroo Clinic, a special area for teaching this method.
Doctor Ndiaye says they plan to expand the program throughout Senegal. But he believes the best way to get more people to use the kangaroo method is for mothers who have used the method to tell others about it.
Answer:",4.23,512,2026-09-29T20:55:24.172952,0.0,0.8513,4,0.75,0.5338
race_0136,RACE,reading_comprehension,deepseek-r1:1.5b,Why did the woman ignore it when she found the man eating the cookies?,"A woman was waiting at an airport one night, with several long hours before her flight. She bought a book and a bag of cookies in the airport shop, and found a place to drop.
She was interested in her book, but the man sitting beside her grabbed a cookie or two from the bag in between, which she tried to ignore to avoid an argument.
So she ate the cookies noisily and watched the clock, as the cookie thief diminished (......) her stock. She was getting angrier as the minutes passed, thinking,""Oh, brother, if I wasn't so nice, I would blacken your eyes.""
With each cookie she took, he took one, too. When only one was left, she wondered what he would do. With a smile on his face, he took the last cookie and broke it in half. He offered her half, and he ate the other. She got it from him and thought, "" This guy has some nerve   and he's also rude. Why didn't he even show any gratitude?""
She had never known when she had been so angry. She gathered her bag and headed for the gate, refusing to look back at the thieving ingrate  .
She boarded the plane and then she sought her book, which was almost complete. As she reached in her bag, she was shocked-- there was her bag of cookies. ""If mine are here,"" she thought, ""the others were his. It's too late to apologize.""",She didn't want to get into an argument.,,,False,"You are a helpful and knowledgeable tutor.
Answer the following question clearly and concisely, in 2-4 sentences.

Question: Why did the woman ignore it when she found the man eating the cookies?
Context: A woman was waiting at an airport one night, with several long hours before her flight. She bought a book and a bag of cookies in the airport shop, and found a place to drop.
She was interested in her book, but the man sitting beside her grabbed a cookie or two from the bag in between, which she tried to ignore to avoid an argument.
So she ate the cookies noisily and watched the clock, as the cookie thief diminished (......) her stock. She was getting angrier as the minutes passed, thinking,""Oh, brother, if I wasn't so nice, I would blacken your eyes.""
With each cookie she took, he took one, too. When only one was left, she wondered what he would do. With a smile on his face, he took the last cookie and broke it in half. He offered her half, and he ate the other. She got it from him and thought, "" This guy has some nerve   and he's also rude. Why didn't he even show any gratitude?""
She had never known when she had been so angry. She gathered her bag and headed for the gate, refusing to look back at the thieving ingrate  .
She boarded the plane and then she sought her book, which was almost complete. As she reached in her bag, she was shocked-- there was her bag of cookies. ""If mine are here,"" she thought, ""the others were his. It's too late to apologize.""
Answer:",4.26,512,2026-09-29T20:55:28.435606,0.0,0.8632,4,0.75,0.5377
race_0137,RACE,reading_comprehension,deepseek-r1:1.5b,The coin was missing because   _  .,"After the first World War, a small group of veterans   returned to their village in Britain. Most of them managed to get along fairly well, but one--Francis Blustering, who had been wounded and who never recovered his strength-- was unable to work like others. In time he became very poor. Yet he was too proud to accept anything from the people in the village. 
Once, these veterans held a reunion dinner in the home of Jules Grandin, who had made a good deal of money. Grandin produced a curiosity --a large old gold coin. Each man examined it with interest as it passed around the long table. All, however, had drunk wine freely and the room was full of noisy talk, so that the gold piece was soon forgotten. Later, when Grandin remembered it and asked for it, the coin was missing.
One of them suggested everyone be searched, to which all agreed, except Blustering. ""You refuse, then?"" asked Grandin. Blustering said with a red face, ""Yes, I cannot allow it.""
One by one, the others turned out their pockets. When the coin failed to appear, attention was focused on poor Blustering. Under the pitying stares of his friends, he walked out and returned to his home.
A few years later, Grandin made his house repaired. A workman found the gold coin, buried in dirt between planks   of the floor. Hurrying to Blustering's home, Grandin apologized to him. 
""But why didn't you allow yourself be searched?""
""Because I was a thief,"" Blustering said brokenly. ""For weeks we had not had enough to eat and my pockets were full of food that I had taken from the table to carry home to my wife and hungry children.""",they were too excited to pay attention to it,"The coin was missing because the veterans refused to search it, and Blustering, the injured veteran, refused to allow it. Grandin tried to help but Blustering was angry and couldn't let it go, making him a thief.","The coin was missing because the veterans refused to search it, and Blustering, the injured veteran, refused to allow it. Grandin tried to help but Blustering was angry and couldn't let it go, making him a thief.",False,"You are a helpful and knowledgeable tutor.
Answer the following question clearly and concisely, in 2-4 sentences.

Question: The coin was missing because   _  .
Context: After the first World War, a small group of veterans   returned to their village in Britain. Most of them managed to get along fairly well, but one--Francis Blustering, who had been wounded and who never recovered his strength-- was unable to work like others. In time he became very poor. Yet he was too proud to accept anything from the people in the village. 
Once, these veterans held a reunion dinner in the home of Jules Grandin, who had made a good deal of money. Grandin produced a curiosity --a large old gold coin. Each man examined it with interest as it passed around the long table. All, however, had drunk wine freely and the room was full of noisy talk, so that the gold piece was soon forgotten. Later, when Grandin remembered it and asked for it, the coin was missing.
One of them suggested everyone be searched, to which all agreed, except Blustering. ""You refuse, then?"" asked Grandin. Blustering said with a red face, ""Yes, I cannot allow it.""
One by one, the others turned out their pockets. When the coin failed to appear, attention was focused on poor Blustering. Under the pitying stares of his friends, he walked out and returned to his home.
A few years later, Grandin made his house repaired. A workman found the gold coin, buried in dirt between planks   of the floor. Hurrying to Blustering's home, Grandin apologized to him. 
""But why didn't you allow yourself be searched?""
""Because I was a thief,"" Blustering said brokenly. ""For weeks we had not had enough to eat and my pockets were full of food that I had taken from the table to carry home to my wife and hungry children.""
Answer:",3.4,406,2026-09-29T20:55:31.842337,0.1277,0.8557,4,0.75,0.5778
race_0138,RACE,reading_comprehension,deepseek-r1:1.5b,Where did the story happen?,"One warm September night, Mira had come down to the beach to enjoy the night air. She closed her eyes and listened to the waves. Suddenly, she could hear another sound, so she opened her eyes and looked down at the sand. It was moving! All of a sudden she could see a tiny head coming out. Then a turtle  appeared! One by one they struggled out of their underground nests. Mira looked in surprise at the baby turtles.
Mira knew the turtles should head towards the waves and swim away, so she was puzzled when they began to pull themselves towards the dunes . Suddenly, she remembered something her grandmother had told her.
""Sea turtles bury their eggs on the beach every year in April and in September. Those baby turtles hatch  and head back down to the sea. But some of them never make it. Sometimes they die going across the dunes, trying to find those bright lights on the houses. Every day there are more houses being built on the dunes. That means more and more lights to confuse the sea turtles.""
Mira looked out across the dunes at her house. Mira saw her mother and father, sitting on the porch . She could see them because her house had two bright lights that lit up the porch.
Mira began to run to her house and shouted, ""The turtles are hatching! We have to help the turtles!"" With these words, Mira ran into the house and turned off the bright porch lights.
In a rush she was off running down the dunes with her whole family following her. They reached the beach just in time to see the tiny turtles slipping silently into the waves. Mira watched as the last turtle entered the water. As the turtle swam away, it looked back at Mira. In the moonlight, Mira thought she saw it smile.",On a beach at night,"The story takes place at Mira's beach house on the dunes, where she hears the sound of sea turtles hatching and proceeds to the beach to see them.","The story takes place at Mira's beach house on the dunes, where she hears the sound of sea turtles hatching and proceeds to the beach to see them.",False,"You are a helpful and knowledgeable tutor.
Answer the following question clearly and concisely, in 2-4 sentences.

Question: Where did the story happen?
Context: One warm September night, Mira had come down to the beach to enjoy the night air. She closed her eyes and listened to the waves. Suddenly, she could hear another sound, so she opened her eyes and looked down at the sand. It was moving! All of a sudden she could see a tiny head coming out. Then a turtle  appeared! One by one they struggled out of their underground nests. Mira looked in surprise at the baby turtles.
Mira knew the turtles should head towards the waves and swim away, so she was puzzled when they began to pull themselves towards the dunes . Suddenly, she remembered something her grandmother had told her.
""Sea turtles bury their eggs on the beach every year in April and in September. Those baby turtles hatch  and head back down to the sea. But some of them never make it. Sometimes they die going across the dunes, trying to find those bright lights on the houses. Every day there are more houses being built on the dunes. That means more and more lights to confuse the sea turtles.""
Mira looked out across the dunes at her house. Mira saw her mother and father, sitting on the porch . She could see them because her house had two bright lights that lit up the porch.
Mira began to run to her house and shouted, ""The turtles are hatching! We have to help the turtles!"" With these words, Mira ran into the house and turned off the bright porch lights.
In a rush she was off running down the dunes with her whole family following her. They reached the beach just in time to see the tiny turtles slipping silently into the waves. Mira watched as the last turtle entered the water. As the turtle swam away, it looked back at Mira. In the moonlight, Mira thought she saw it smile.
Answer:",2.92,348,2026-09-29T20:55:34.764271,0.1176,0.878,4,0.75,0.5819
race_0139,RACE,reading_comprehension,deepseek-r1:1.5b,LSAT is most probably   _  .,"Law School Essays that Made a Difference
Price: US $ 13.95
Paperback 256 pages
The Princeton Review
ISBN: 0375763457
Face it, and a lot of students have great LSAT scores. The best way for you to stand out in a crowd of applicants to top law schools is to write an exceptional(,) personal statement. This book puts you in the admissions office's seat. It gives you the intimate detailstest scores, GPAs (grade point average), demographic information, and personal statementsof 34 law school hopefuls, then shows you why they got into the colleges they applied to, and why some didn't. It's invaluable information that will help students evaluate  their own chances of admission to the most selective law schools in the United States.
Business School Essays that Made a Difference
Price: US $ 13.95
Paperback 304 pages
The Princeton Review
ISBN: 0375763511
What makes business school applications so brutal  ? For most applicants, it's the number, length, and complexity  of the essays they have to write when applying for a course. Most top schools require multiple essays and this book is your best bet for succeeding with them. It contains: 1. Forty-four real-life essays critiqued   by admissions officers from schools like Tuck, Chicago, and Massachusetts Institute of Technology. 2. Eight case studies of business school applicants saying what worked for them and what did not. 3. Translations of essay questions telling you what they are really asking.
College Essays that Made a Difference
Price: US $ 13.95
Paperback 384 pages
The Princeton Review
ISBN: 0375763449
This book helps students get into the college they want by showing them what essays helped actual students achieve their dreams. The book tells you what colleges want to see using interviews with actual admissions officers. The book has sections on the basics of essay writing--grammar and punctuation (> as well as the sections looking at what topics you should write about and how you should communicate your personality in your work. It finishes by looking at the work of a great many successful applicants to America's top colleges, and some unsuccessful students to tell you what to avoid.",an admission test given by a law school,"The LSAT is most likely to be a test that assesses logical reasoning, analysis, and problem-solving skills, used in law school admissions to evaluate critical thinking abilities.","The LSAT is most likely to be a test that assesses logical reasoning, analysis, and problem-solving skills, used in law school admissions to evaluate critical thinking abilities.",False,"You are a helpful and knowledgeable tutor.
Answer the following question clearly and concisely, in 2-4 sentences.

Question: LSAT is most probably   _  .
Context: Law School Essays that Made a Difference
Price: US $ 13.95
Paperback 256 pages
The Princeton Review
ISBN: 0375763457
Face it, and a lot of students have great LSAT scores. The best way for you to stand out in a crowd of applicants to top law schools is to write an exceptional(,) personal statement. This book puts you in the admissions office's seat. It gives you the intimate detailstest scores, GPAs (grade point average), demographic information, and personal statementsof 34 law school hopefuls, then shows you why they got into the colleges they applied to, and why some didn't. It's invaluable information that will help students evaluate  their own chances of admission to the most selective law schools in the United States.
Business School Essays that Made a Difference
Price: US $ 13.95
Paperback 304 pages
The Princeton Review
ISBN: 0375763511
What makes business school applications so brutal  ? For most applicants, it's the number, length, and complexity  of the essays they have to write when applying for a course. Most top schools require multiple essays and this book is your best bet for succeeding with them. It contains: 1. Forty-four real-life essays critiqued   by admissions officers from schools like Tuck, Chicago, and Massachusetts Institute of Technology. 2. Eight case studies of business school applicants saying what worked for them and what did not. 3. Translations of essay questions telling you what they are really asking.
College Essays that Made a Difference
Price: US $ 13.95
Paperback 384 pages
The Princeton Review
ISBN: 0375763449
This book helps students get into the college they want by showing them what essays helped actual students achieve their dreams. The book tells you what colleges want to see using interviews with actual admissions officers. The book has sections on the basics of essay writing--grammar and punctuation (> as well as the sections looking at what topics you should write about and how you should communicate your personality in your work. It finishes by looking at the work of a great many successful applicants to America's top colleges, and some unsuccessful students to tell you what to avoid.
Answer:",3.84,457,2026-09-29T20:55:38.610231,0.1667,0.8847,4,0.75,0.6005
race_0140,RACE,reading_comprehension,deepseek-r1:1.5b,What should be the best title for the passage?,"The picture-like island is rich in scenic beauty. Barbados sightseeing is a photographer's dream that comes true with numbers of natural wonders, breathtaking scenic views, attractive gardens and miles of white, sandy beaches. There's so many things to see and to do, as you check out some of the places of interest on the island.
Historical Appeal Experience
Full of historical appeal you'll love the impressive collection of beautiful great houses, landmarks, old churches, and traditional ancient houses some of which may date back to the 16th century. Historic Bridgetown, over 375 years old, capital of Barbados, is located with its color1ful fishing boats and splendid yachts ( ) . Check out the Barbados National and see some of the island's most beautiful homes.
Nature Charm Enjoyment
Nature lovers will find the Botanical Garden, as well as the wonderful landscapes of the tropical plants and flowers, a welcome addition to their trip. Nature paths, rocky caves and local wildlife will make these tours relaxing.
A guided island tour is of excellent value for money as well as informative changes from scenic, fun-filled, historic tours to exciting safari tours. If seeing the island from a different point is what you want to do, then try one of our sea tours, air tours or underwater tours to enjoy what sea plants and animals it can offer.
Rental Drive Adventure
If you rent a car, here are a few things to remember. The roads, thin and rocky, are sometimes leading nowhere and often unmarked. You might think of some possible dangers. But don't get upset if you get lost-everybody does, even locals, Bajans ! If you make a wrong turn, consider it is a part of the adventure of touring Barbados. You might want to pick up any of the several visitors' guides which include maps.
For more detailed information, please contact us by either of the following:
Tel: (246) 427-1952 0r 436-7189
Fax: (246) 436-2234",Barbados-A Wonderful Place for Sightseeing,"""The Ultimate Guide to Barbados: A Guide to its Beauty, History, and Adventure.""","""The Ultimate Guide to Barbados: A Guide to its Beauty, History, and Adventure.""",False,"You are a helpful and knowledgeable tutor.
Answer the following question clearly and concisely, in 2-4 sentences.

Question: What should be the best title for the passage?
Context: The picture-like island is rich in scenic beauty. Barbados sightseeing is a photographer's dream that comes true with numbers of natural wonders, breathtaking scenic views, attractive gardens and miles of white, sandy beaches. There's so many things to see and to do, as you check out some of the places of interest on the island.
Historical Appeal Experience
Full of historical appeal you'll love the impressive collection of beautiful great houses, landmarks, old churches, and traditional ancient houses some of which may date back to the 16th century. Historic Bridgetown, over 375 years old, capital of Barbados, is located with its color1ful fishing boats and splendid yachts ( ) . Check out the Barbados National and see some of the island's most beautiful homes.
Nature Charm Enjoyment
Nature lovers will find the Botanical Garden, as well as the wonderful landscapes of the tropical plants and flowers, a welcome addition to their trip. Nature paths, rocky caves and local wildlife will make these tours relaxing.
A guided island tour is of excellent value for money as well as informative changes from scenic, fun-filled, historic tours to exciting safari tours. If seeing the island from a different point is what you want to do, then try one of our sea tours, air tours or underwater tours to enjoy what sea plants and animals it can offer.
Rental Drive Adventure
If you rent a car, here are a few things to remember. The roads, thin and rocky, are sometimes leading nowhere and often unmarked. You might think of some possible dangers. But don't get upset if you get lost-everybody does, even locals, Bajans ! If you make a wrong turn, consider it is a part of the adventure of touring Barbados. You might want to pick up any of the several visitors' guides which include maps.
For more detailed information, please contact us by either of the following:
Tel: (246) 427-1952 0r 436-7189
Fax: (246) 436-2234
Answer:",2.58,304,2026-09-29T20:55:41.199161,0.2105,0.8733,4,0.75,0.6113
race_0141,RACE,reading_comprehension,deepseek-r1:1.5b,The text is mainly about   _  .,"What did you dream about last night? Did your teeth fall out or did you fly? Maybe you died or someone you know did.Or maybe you were back in high school.These are among the most common dreams people have and they all mean something.Here are some of the most common dreams and their interpretations or symbolism.
Dreams of flying.Dreams of flying represent feelings of freedom that may result from an instance when you overcome a limitation or obstacle.Usually, children have more flying dreams than adults, because children are more open to their possibilities, and adults have often accepted limitations imposed by society.
Teeth falling out.Food in a dream is symbolic of knowledge because food nourishes the physical body and knowledge nourishes the soul.Teeth are a means to break down food or knowledge.When your teeth fall out in a dream, it could signify that you feel ill - equipped to break down the knowledge that you have available, that the way you break things down has changed.That change can be either positive or negative.
High school dreams.High school is a place of learning from the past, and dreaming of being unprepared for a high school test can indicate a struggle to access information you need to handle in your life.
Recurring dreams and nightmares.Recurring dreams are your subconscious  mind's way of trying to get your attention.A recurring dream is a step down from a nightmare that is a louder, more insistent way your subconscious mind communicates.If you have a recurring dream, try to stop in the dream and _ what the dream is trying to tell you.That could mean asking someone who is chasing you what he or she wants.A woman dreamed for years that an old, haggard woman was chasing her around her home.When she finally stopped in the dream and asked the old woman what she represented, the old woman suddenly turned into a beautiful young woman and replied, ""I represent your question of ' what if?' """,dreams' symbolism,The text is mainly about the symbolic meanings of dreams and how they can be interpreted.,The text is mainly about the symbolic meanings of dreams and how they can be interpreted.,False,"You are a helpful and knowledgeable tutor.
Answer the following question clearly and concisely, in 2-4 sentences.

Question: The text is mainly about   _  .
Context: What did you dream about last night? Did your teeth fall out or did you fly? Maybe you died or someone you know did.Or maybe you were back in high school.These are among the most common dreams people have and they all mean something.Here are some of the most common dreams and their interpretations or symbolism.
Dreams of flying.Dreams of flying represent feelings of freedom that may result from an instance when you overcome a limitation or obstacle.Usually, children have more flying dreams than adults, because children are more open to their possibilities, and adults have often accepted limitations imposed by society.
Teeth falling out.Food in a dream is symbolic of knowledge because food nourishes the physical body and knowledge nourishes the soul.Teeth are a means to break down food or knowledge.When your teeth fall out in a dream, it could signify that you feel ill - equipped to break down the knowledge that you have available, that the way you break things down has changed.That change can be either positive or negative.
High school dreams.High school is a place of learning from the past, and dreaming of being unprepared for a high school test can indicate a struggle to access information you need to handle in your life.
Recurring dreams and nightmares.Recurring dreams are your subconscious  mind's way of trying to get your attention.A recurring dream is a step down from a nightmare that is a louder, more insistent way your subconscious mind communicates.If you have a recurring dream, try to stop in the dream and _ what the dream is trying to tell you.That could mean asking someone who is chasing you what he or she wants.A woman dreamed for years that an old, haggard woman was chasing her around her home.When she finally stopped in the dream and asked the old woman what she represented, the old woman suddenly turned into a beautiful young woman and replied, ""I represent your question of ' what if?' ""
Answer:",1.85,214,2026-09-29T20:55:43.060441,0.1111,0.912,4,0.75,0.591
race_0142,RACE,reading_comprehension,deepseek-r1:1.5b,what can we conclude from Skaar's action in the fire?,"Trapped on the 37thFloor
Melinda Skaar wasn't expecting any phone calls. Skaar was working late in her office at the First Internet bank of California. By 10:45 that night she was almost ready to go home when the phone rang.
Picking it up, she heard a guard shouting. There is a fire! Get out of there.
Skaar didn't panic. She figured that it was just a small fire. Her office building was huge. There were 62 floors and her desk was on the 37thfloor.
Skaar called out to office mate Stephen Oksas, who also stayed late to work. But when they got out to the hallway, they were met by a cloud of black smoke. Rushing back, Skaar shut the door and filled the space at the bottom of the door with her jacket to keep the smoke out.
Then they called 911. before they could call their families, however, the line went dead. That meant that they were completely cut off from the outside world. All they could do was wait and hope someone would come to rescue them.
Minutes ticked by. Smoke began to float into the office. Soon it became hard for them to breathe.
Looking around, Skaar noticed a small workroom. It seemed to have cleaner air. So they crowed there. That helped for a while, but in time even the workroom was filled with deadly smoke.
Hopeless, they tried to break the windows, but the glass was not breakable. Everything they threw at just bounced back.
Defeated, they struggled back to the workroom. They felt weak and dizzy. Soon Skaar found Oksas had passed out.
Skaar and Oksas knew they were lucky to be alive. Sunday is my birthday, Skaar told a reporter. She would be turning 29. but she knew she had already got the best present possible----the gift of life.",she remained calm in the face of danger,,,False,"You are a helpful and knowledgeable tutor.
Answer the following question clearly and concisely, in 2-4 sentences.

Question: what can we conclude from Skaar's action in the fire?
Context: Trapped on the 37thFloor
Melinda Skaar wasn't expecting any phone calls. Skaar was working late in her office at the First Internet bank of California. By 10:45 that night she was almost ready to go home when the phone rang.
Picking it up, she heard a guard shouting. There is a fire! Get out of there.
Skaar didn't panic. She figured that it was just a small fire. Her office building was huge. There were 62 floors and her desk was on the 37thfloor.
Skaar called out to office mate Stephen Oksas, who also stayed late to work. But when they got out to the hallway, they were met by a cloud of black smoke. Rushing back, Skaar shut the door and filled the space at the bottom of the door with her jacket to keep the smoke out.
Then they called 911. before they could call their families, however, the line went dead. That meant that they were completely cut off from the outside world. All they could do was wait and hope someone would come to rescue them.
Minutes ticked by. Smoke began to float into the office. Soon it became hard for them to breathe.
Looking around, Skaar noticed a small workroom. It seemed to have cleaner air. So they crowed there. That helped for a while, but in time even the workroom was filled with deadly smoke.
Hopeless, they tried to break the windows, but the glass was not breakable. Everything they threw at just bounced back.
Defeated, they struggled back to the workroom. They felt weak and dizzy. Soon Skaar found Oksas had passed out.
Skaar and Oksas knew they were lucky to be alive. Sunday is my birthday, Skaar told a reporter. She would be turning 29. but she knew she had already got the best present possible----the gift of life.
Answer:",4.35,512,2026-09-29T20:55:47.416899,0.0,0.8696,4,0.75,0.5399
race_0143,RACE,reading_comprehension,deepseek-r1:1.5b,What do we know about the man from the passage?,"There's a guy like me in every state and federal prison in America,I guess--I'm the guy who can get these for you:cigarettes,a bag of cigar,if you want that,a bottle of wine to celebrate your son or daughter's high school graduation,or almost anything else...within reason,that is.It wasn't always that way.
I came to Shawshank when I was just twenty,and I am one of the few people in the prison who is willing to admit what he did.I committed murder.I put a large insurance policy on my wife,who was three years older than 1 was,and then I fixed the brakes of the car her father had given us as a wedding present.It worked out exactly as I had planned,except I hadn't planned on her stopping to pick up the neighbour woman and the woman's son on the way down Castle Hill and into town.The brakes let go and the car crashed through the bushes,gathering speed.Bystanders said it must have been doing fifty or better when it hit the base of the Civil War statue in the town arid burst into flames.
I also hadn't planned on getting caught,but caught 1 was.I got a pass into this place.My state has no death penalty ,but I was tried for all three deaths and given three life sentences,to run one after the other.That fixed up any chance of parole I might have,for a long,long time.The judge called what I had done'an extremely evil crime', and it was ,but it is also in the past now.
Have I transformed myself,you ask ?I don't know what that word means,at least as far as prisons and corrections go.I think it's a politician's word.It may have some other meaning,and it may be that 1 will have a chance to find out,but that is the future...
I was young,good--looking,and from the poor side of town.I met a pretty,headstrong girl who lived in one of the fine old houses on Carbine Street.She got pregnant later.Her father was agreeable to the marriage if 1 would take a job in the company he owned and 'work my way up'.I found out that what he really had in mind was keeping me in his house and under his thumb,like a disagreeable pet that has not quite been housebroken and which may bite.Enough hate eventually piled up to cause me to do what I did.
Given a second chance 1 would not do it again,but I'm not sure that means I am transformed.",He is quite an able person as a prisoner.,"The man is a complex individual from a poor background, with a strong family dynamic, and is facing multiple tragic events in prison. He is described as being from every state and federal prison, showing a deep connection to the prison system. His actions, including murder, financial commitments, and a series of events that led to his downfall, are both tragic and deeply personal. His internal thoughts and motivations, particularly regarding his father's plan, add to","The man is a complex individual from a poor background, with a strong family dynamic, and is facing multiple tragic events in prison. He is described as being from every state and federal prison, showing a deep connection to the prison system. His actions, including murder, financial commitments, and a series of events that led to his downfall, are both tragic and deeply personal. His internal thoughts and motivations, particularly regarding his father's plan, add to",False,"You are a helpful and knowledgeable tutor.
Answer the following question clearly and concisely, in 2-4 sentences.

Question: What do we know about the man from the passage?
Context: There's a guy like me in every state and federal prison in America,I guess--I'm the guy who can get these for you:cigarettes,a bag of cigar,if you want that,a bottle of wine to celebrate your son or daughter's high school graduation,or almost anything else...within reason,that is.It wasn't always that way.
I came to Shawshank when I was just twenty,and I am one of the few people in the prison who is willing to admit what he did.I committed murder.I put a large insurance policy on my wife,who was three years older than 1 was,and then I fixed the brakes of the car her father had given us as a wedding present.It worked out exactly as I had planned,except I hadn't planned on her stopping to pick up the neighbour woman and the woman's son on the way down Castle Hill and into town.The brakes let go and the car crashed through the bushes,gathering speed.Bystanders said it must have been doing fifty or better when it hit the base of the Civil War statue in the town arid burst into flames.
I also hadn't planned on getting caught,but caught 1 was.I got a pass into this place.My state has no death penalty ,but I was tried for all three deaths and given three life sentences,to run one after the other.That fixed up any chance of parole I might have,for a long,long time.The judge called what I had done'an extremely evil crime', and it was ,but it is also in the past now.
Have I transformed myself,you ask ?I don't know what that word means,at least as far as prisons and corrections go.I think it's a politician's word.It may have some other meaning,and it may be that 1 will have a chance to find out,but that is the future...
I was young,good--looking,and from the poor side of town.I met a pretty,headstrong girl who lived in one of the fine old houses on Carbine Street.She got pregnant later.Her father was agreeable to the marriage if 1 would take a job in the company he owned and 'work my way up'.I found out that what he really had in mind was keeping me in his house and under his thumb,like a disagreeable pet that has not quite been housebroken and which may bite.Enough hate eventually piled up to cause me to do what I did.
Given a second chance 1 would not do it again,but I'm not sure that means I am transformed.
Answer:",4.39,512,2026-09-29T20:55:51.809300,0.1163,0.8639,4,0.75,0.5767
race_0144,RACE,reading_comprehension,deepseek-r1:1.5b,The relationship between the brother and sister is that  _  .,"Having spent five years searching for her older brother, Miss Lund was unbelievable to think she had been working in the same building for five months.
         Mr.Philips, 33, and Miss Lund last saw each other almost twenty years ago after their father, also called Stephen, 56, lost contact with his son from a previous relationship.Miss Lund, only five at that time, moved to India with her father and mother Rose, while Steven lived with his mother in Wolverhapton.
    By the time Miss Lund and her parents returned to Leeds, the family had lost all contact with Mr.Philips.On turning 18, Lund started to track down her long-lost half brother, even asking customers at the shop where she worked.But despite checking on Internet sites such as Friends Reunited and MySpace, it wasn't until the pair started working together at Loop Customer Management where she went on asking everyone if they knew a Stephen Philips that she tracked him down in March, 2007.
    She couldn't believe it when she was told someone by that name worked there.After she checked on the Internet database, it suggested he wasn't her brother as his name Steven instead of Stephen.Then a friend came up to her and said Steven's surely her brother.They checked parents' names and it turned out they were related.She wanted to scream but they were at work so they just hugged and chatted.
    Mr.Philips, a father of four children, said he was delighted, adding: ""I never thought we would meet again.I can't wait to get to know my sister.We have so much to know.""",they have the same father,The brother and sister are siblings.,The brother and sister are siblings.,False,"You are a helpful and knowledgeable tutor.
Answer the following question clearly and concisely, in 2-4 sentences.

Question: The relationship between the brother and sister is that  _  .
Context: Having spent five years searching for her older brother, Miss Lund was unbelievable to think she had been working in the same building for five months.
         Mr.Philips, 33, and Miss Lund last saw each other almost twenty years ago after their father, also called Stephen, 56, lost contact with his son from a previous relationship.Miss Lund, only five at that time, moved to India with her father and mother Rose, while Steven lived with his mother in Wolverhapton.
    By the time Miss Lund and her parents returned to Leeds, the family had lost all contact with Mr.Philips.On turning 18, Lund started to track down her long-lost half brother, even asking customers at the shop where she worked.But despite checking on Internet sites such as Friends Reunited and MySpace, it wasn't until the pair started working together at Loop Customer Management where she went on asking everyone if they knew a Stephen Philips that she tracked him down in March, 2007.
    She couldn't believe it when she was told someone by that name worked there.After she checked on the Internet database, it suggested he wasn't her brother as his name Steven instead of Stephen.Then a friend came up to her and said Steven's surely her brother.They checked parents' names and it turned out they were related.She wanted to scream but they were at work so they just hugged and chatted.
    Mr.Philips, a father of four children, said he was delighted, adding: ""I never thought we would meet again.I can't wait to get to know my sister.We have so much to know.""
Answer:",1.8,200,2026-09-29T20:55:53.611861,0.1818,0.8992,4,0.75,0.6103
race_0145,RACE,reading_comprehension,deepseek-r1:1.5b,The author writes the passage in order to    _   .,"Here are some of the best movies you like. I believe they can accompany you to spend your dull weekend.
In this story a computer hacker searches for the truth behind the mysterious force . In the 22nd century it turns out that the world is controlled by a magic computer system called the Matrix and people live in an unreal world. The computer hacker and his comrades overcome much difficulty and at last find the way to take over the Matrix and save the world.
This comedy is about J and K, agents in a top secret agency , and they fight bravely with the alien to save the galaxy from a bad-tempered alien ""bug"" and save the Earth from being destroyed .
Harry has lived under the stairs at his aunt and uncle's house. But on his 11th birthday, he learns he's a powerful wizard----with a place waiting for him at the Hogwarts School of Witchcraft and Wizardry. There, he uncovers the truth about his parents' deaths and about the bad man who's to blame .
When a satellite crashes in New Mexico, the Air Force sends two men to reach it. To their horror, they discover that the probe carries an alien virus that's already killed all but two of the residents of the town where it landed. Now, scientists must stop the virus from spreading .
In the year 2035, James Cole is forced to be sent back to 1996 by scientists to discover the origin of a virus that wiped out nearly all of the earth's population. When Cole is mistakenly sent to 1990, he's arrested and locked up in a mental hospital, where he meets the son of a famous virus expert.",help readers to choose the best movie they like,"The author writes the passage to make the story humorous and funny, using humor and a humorous twist.","The author writes the passage to make the story humorous and funny, using humor and a humorous twist.",False,"You are a helpful and knowledgeable tutor.
Answer the following question clearly and concisely, in 2-4 sentences.

Question: The author writes the passage in order to    _   .
Context: Here are some of the best movies you like. I believe they can accompany you to spend your dull weekend.
In this story a computer hacker searches for the truth behind the mysterious force . In the 22nd century it turns out that the world is controlled by a magic computer system called the Matrix and people live in an unreal world. The computer hacker and his comrades overcome much difficulty and at last find the way to take over the Matrix and save the world.
This comedy is about J and K, agents in a top secret agency , and they fight bravely with the alien to save the galaxy from a bad-tempered alien ""bug"" and save the Earth from being destroyed .
Harry has lived under the stairs at his aunt and uncle's house. But on his 11th birthday, he learns he's a powerful wizard----with a place waiting for him at the Hogwarts School of Witchcraft and Wizardry. There, he uncovers the truth about his parents' deaths and about the bad man who's to blame .
When a satellite crashes in New Mexico, the Air Force sends two men to reach it. To their horror, they discover that the probe carries an alien virus that's already killed all but two of the residents of the town where it landed. Now, scientists must stop the virus from spreading .
In the year 2035, James Cole is forced to be sent back to 1996 by scientists to discover the origin of a virus that wiped out nearly all of the earth's population. When Cole is mistakenly sent to 1990, he's arrested and locked up in a mental hospital, where he meets the son of a famous virus expert.
Answer:",2.3,268,2026-09-29T20:55:55.923112,0.1481,0.8467,4,0.75,0.5816
race_0146,RACE,reading_comprehension,deepseek-r1:1.5b,The student would live among high officials by  _  .,"One day a student went to see his teacher. He had been given an important position and now was coming to say goodbye to his teacher. The old man asked him how he would live among high officials. The student answered, "" I will be all right. I have prepared a hundred high hats, one for each official I will meet. I am sure I will succeed."" The teacher got angry on hearing this.  ""What?"" he cried. ""Is this what ten years of my teaching has made of you? Nothing but flatterer ?"" ""Excuse me, honored  master,"" the student  rose to his feet and apologized hurriedly. ""But you have always been absorbed in  your studies and don't know how vulgar  the world has come to be. There are few men in the world who are above flatterers like you."" ""There is something true in what you said,"" the teacher nodded, smiling with one of the student's ""high hats"" on.",flattering them,"The student would live among high officials by preparing for a life surrounded by them, confident in his readiness.","The student would live among high officials by preparing for a life surrounded by them, confident in his readiness.",False,"You are a helpful and knowledgeable tutor.
Answer the following question clearly and concisely, in 2-4 sentences.

Question: The student would live among high officials by  _  .
Context: One day a student went to see his teacher. He had been given an important position and now was coming to say goodbye to his teacher. The old man asked him how he would live among high officials. The student answered, "" I will be all right. I have prepared a hundred high hats, one for each official I will meet. I am sure I will succeed."" The teacher got angry on hearing this.  ""What?"" he cried. ""Is this what ten years of my teaching has made of you? Nothing but flatterer ?"" ""Excuse me, honored  master,"" the student  rose to his feet and apologized hurriedly. ""But you have always been absorbed in  your studies and don't know how vulgar  the world has come to be. There are few men in the world who are above flatterers like you."" ""There is something true in what you said,"" the teacher nodded, smiling with one of the student's ""high hats"" on.
Answer:",2.61,312,2026-09-29T20:55:58.548105,0.0952,0.849,4,0.75,0.5647
race_0147,RACE,reading_comprehension,deepseek-r1:1.5b,"According to the author, why most Chinese dislike their jobs?","A survey reveals that employees in China say they are not engaged in their jobs. Judging by the survey data, many Chinese workplaces are black holes of misery and despair.
Only 6% of Chinese employees said they are ""engaged"" in their jobs, according to a global Gallup survey released this month. China's numbers equal the numbers out of war-weary  Iraq.
Workers across all income levels and industries were surveyed by Gallup in China, defined by Gallup to mean they were ""psychologically committed to their jobs and likely to be making positive contributions to their organizations"".
Out of 94 countries polled, only six countries scored lower rates of job engagement than China, including Tunisia, Israel and Syria. Unsurprisingly, 0% of Syrians admitted to being engaged at work.
In a related survey, China ranked near the bottom in a poll measuring job satisfaction among 22 Asian countries. Only 49% of Chinese respondents said they were happy in their jobs.
Part of the problem, I suspect, is that very few in China have the _ to pursue a career that truly interests them.
Even university graduates often feel they have no choice but to choose the positions with the government or state-run enterprises, since those jobs are thought to be stable.
That makes those who are happy at work in China a rare find indeed.",Because they don't take the jobs they really like,"According to the context, the reasons why most Chinese people dislike their jobs include low engagement, where employees are not committed to their jobs and likely not making positive contributions. Additionally, there is pressure to work for government or state companies, which are stable but not necessarily exciting. Job satisfaction is also low, with only 49% of Chinese respondents reporting happiness in their jobs. Furthermore, many countries face similar issues, indicating systemic problems across different regions.","According to the context, the reasons why most Chinese people dislike their jobs include low engagement, where employees are not committed to their jobs and likely not making positive contributions. Additionally, there is pressure to work for government or state companies, which are stable but not necessarily exciting. Job satisfaction is also low, with only 49% of Chinese respondents reporting happiness in their jobs. Furthermore, many countries face similar issues, indicating systemic problems across different regions.",False,"You are a helpful and knowledgeable tutor.
Answer the following question clearly and concisely, in 2-4 sentences.

Question: According to the author, why most Chinese dislike their jobs?
Context: A survey reveals that employees in China say they are not engaged in their jobs. Judging by the survey data, many Chinese workplaces are black holes of misery and despair.
Only 6% of Chinese employees said they are ""engaged"" in their jobs, according to a global Gallup survey released this month. China's numbers equal the numbers out of war-weary  Iraq.
Workers across all income levels and industries were surveyed by Gallup in China, defined by Gallup to mean they were ""psychologically committed to their jobs and likely to be making positive contributions to their organizations"".
Out of 94 countries polled, only six countries scored lower rates of job engagement than China, including Tunisia, Israel and Syria. Unsurprisingly, 0% of Syrians admitted to being engaged at work.
In a related survey, China ranked near the bottom in a poll measuring job satisfaction among 22 Asian countries. Only 49% of Chinese respondents said they were happy in their jobs.
Part of the problem, I suspect, is that very few in China have the _ to pursue a career that truly interests them.
Even university graduates often feel they have no choice but to choose the positions with the government or state-run enterprises, since those jobs are thought to be stable.
That makes those who are happy at work in China a rare find indeed.
Answer:",3.93,475,2026-09-29T20:56:02.485721,0.0698,0.8582,4,0.75,0.5593
race_0148,RACE,reading_comprehension,deepseek-r1:1.5b,"From the process, we can know that making invisible ink is_.","Do you want to write your password down so that no one can see it, or do you want to send someone a secret message? Knowing how to make an invisible ink message will have you feeling like a secret agent in no time. These are instructions for making invisible ink using baking soda.
Difficulty: Easy
Time required: A few minutes 
What you need:
Baking soda, Paper, Water, Light bulb, Paintbrush, Measuring cup, Purple grape juice
Here's how:
There are at least two methods of using baking soda as invisible ink. Mix equal amounts of water and baking soda.
Use a paintbrush to write a message onto white paper, using the baking soda solution   as ""ink"".
Allow the ink to dry.
One way to read the message is to hold the paper up to a heat source, such as a light bulb. The baking soda will cause the writing in the paper to turn brown.
The second way to read the message is to paint over the paper with purple grape juice. The message will appear in a different color1.
Tips:
If you are using the heating method, avoid burning the paper.
Baking soda and grape juice react in an acid-base   reaction, producing a color1 change in the paper.
Grape juice concentrate   results in a more visible color1 change than regular grape juice.",not difficult,"Making invisible ink involves using baking soda as a primary material. The ink is created by mixing baking soda with water. The ink can be read by heating it with a light source or by painting it with purple grape juice, which changes the ink's color.","Making invisible ink involves using baking soda as a primary material. The ink is created by mixing baking soda with water. The ink can be read by heating it with a light source or by painting it with purple grape juice, which changes the ink's color.",False,"You are a helpful and knowledgeable tutor.
Answer the following question clearly and concisely, in 2-4 sentences.

Question: From the process, we can know that making invisible ink is_.
Context: Do you want to write your password down so that no one can see it, or do you want to send someone a secret message? Knowing how to make an invisible ink message will have you feeling like a secret agent in no time. These are instructions for making invisible ink using baking soda.
Difficulty: Easy
Time required: A few minutes 
What you need:
Baking soda, Paper, Water, Light bulb, Paintbrush, Measuring cup, Purple grape juice
Here's how:
There are at least two methods of using baking soda as invisible ink. Mix equal amounts of water and baking soda.
Use a paintbrush to write a message onto white paper, using the baking soda solution   as ""ink"".
Allow the ink to dry.
One way to read the message is to hold the paper up to a heat source, such as a light bulb. The baking soda will cause the writing in the paper to turn brown.
The second way to read the message is to paint over the paper with purple grape juice. The message will appear in a different color1.
Tips:
If you are using the heating method, avoid burning the paper.
Baking soda and grape juice react in an acid-base   reaction, producing a color1 change in the paper.
Grape juice concentrate   results in a more visible color1 change than regular grape juice.
Answer:",2.62,312,2026-09-29T20:56:05.110254,0.0,0.8195,4,0.75,0.5232
race_0149,RACE,reading_comprehension,deepseek-r1:1.5b,Why did the author go to the hospital with his friend?,"Opportunity knocked on my door last January when I was given a chance to work in another country. At first, it seemed really scary for me to live on my own. But I had to overcome the true challenge!
    Luckily, I met seven new friends, six boys and one girl. They were really nice and I loved their company. We hung out most weekends. We cooked, watched movies, chatted and shared jokes! It was amazing -- until something unexpected happened !
    One of my friends was diagnosed with kidney   stones which needed to be removed as soon as possible. But our friend could not afford the surgery. He tried to get help from our other friends but they refused him. My heart cried for him! Our friends abandoned him just when he needed them most.
    I didn't know how to help him because I didn't have any money either. But I never lost hope. Instead I tried to think of other options. I told him not to worry because he might find a way somehow and everything would be all right.
    So I went to the hospital with him. I talked to the surgeon, asking him to do the surgery for him and promising to pay the expenses the next day (As if I had that money). I must have been convincing because the surgeon agreed to do it! Now, how was I going to get that much money?
    All I knew was that I needed to help my friend! I tried to borrow money from other friends but I failed. I tried selling my things but no one wanted them. Then I had to talk to my boss. I asked him if I could have my next two months salary in advance -- without even thinking on how I would survive for two months without money.
    He was surprised and asked me why. I told him that I had a friend who was really in need.  Luckily, he gave my two months salary without hesitation! As soon as I had the money I ran to the hospital and paid all the bills.
    Friendship may not only be found in happy moments. Sometimes you can find it on the toughest time in your life!",To have his friend admitted into the hospital.,"The author went to the hospital with his friend because he needed help, especially since his friend was struggling with kidney stones and couldn't afford surgery. He sought assistance from the surgeon and eventually obtained the necessary funds.","The author went to the hospital with his friend because he needed help, especially since his friend was struggling with kidney stones and couldn't afford surgery. He sought assistance from the surgeon and eventually obtained the necessary funds.",False,"You are a helpful and knowledgeable tutor.
Answer the following question clearly and concisely, in 2-4 sentences.

Question: Why did the author go to the hospital with his friend?
Context: Opportunity knocked on my door last January when I was given a chance to work in another country. At first, it seemed really scary for me to live on my own. But I had to overcome the true challenge!
    Luckily, I met seven new friends, six boys and one girl. They were really nice and I loved their company. We hung out most weekends. We cooked, watched movies, chatted and shared jokes! It was amazing -- until something unexpected happened !
    One of my friends was diagnosed with kidney   stones which needed to be removed as soon as possible. But our friend could not afford the surgery. He tried to get help from our other friends but they refused him. My heart cried for him! Our friends abandoned him just when he needed them most.
    I didn't know how to help him because I didn't have any money either. But I never lost hope. Instead I tried to think of other options. I told him not to worry because he might find a way somehow and everything would be all right.
    So I went to the hospital with him. I talked to the surgeon, asking him to do the surgery for him and promising to pay the expenses the next day (As if I had that money). I must have been convincing because the surgeon agreed to do it! Now, how was I going to get that much money?
    All I knew was that I needed to help my friend! I tried to borrow money from other friends but I failed. I tried selling my things but no one wanted them. Then I had to talk to my boss. I asked him if I could have my next two months salary in advance -- without even thinking on how I would survive for two months without money.
    He was surprised and asked me why. I told him that I had a friend who was really in need.  Luckily, he gave my two months salary without hesitation! As soon as I had the money I ran to the hospital and paid all the bills.
    Friendship may not only be found in happy moments. Sometimes you can find it on the toughest time in your life!
Answer:",2.26,263,2026-09-29T20:56:07.373353,0.1702,0.8873,4,0.75,0.6025
