question_id,model,rouge_l,bertscore_f1,judge_overall
sciq_0,qwen2.5:1.5b,0.2222222222222222,0.8609797358512878,5
sciq_0,gemma2:2b,0.13333333333333333,0.8459628224372864,5
sciq_1,qwen2.5:1.5b,0.0909090909090909,0.8490209579467773,4
sciq_1,gemma2:2b,0.125,0.8480910062789917,5
sciq_2,qwen2.5:1.5b,0.13333333333333336,0.8884028196334839,5
sciq_2,gemma2:2b,0.13333333333333336,0.8809357285499573,5
sciq_3,qwen2.5:1.5b,0.25,0.865928053855896,5
sciq_3,gemma2:2b,0.09523809523809523,0.8350531458854675,5
sciq_4,qwen2.5:1.5b,0.2222222222222222,0.8268680572509766,5
sciq_4,gemma2:2b,1.0,0.8954556584358215,5
sciq_5,qwen2.5:1.5b,0.052631578947368425,0.8358442783355713,5
sciq_5,gemma2:2b,1.0,0.9584377408027649,5
sciq_6,qwen2.5:1.5b,0.0,0.8026368618011475,5
sciq_6,gemma2:2b,0.0,0.8026368618011475,5
sciq_7,qwen2.5:1.5b,0.16666666666666669,0.8926885724067688,5
sciq_7,gemma2:2b,1.0,0.9766722917556763,5
sciq_8,qwen2.5:1.5b,0.2222222222222222,0.8465848565101624,5
sciq_8,gemma2:2b,1.0,0.97429358959198,5
sciq_9,qwen2.5:1.5b,0.2857142857142857,0.8884304761886597,5
sciq_9,gemma2:2b,1.0,0.9661589860916138,5
sciq_10,qwen2.5:1.5b,0.2222222222222222,0.8100101947784424,5
sciq_10,gemma2:2b,0.2222222222222222,0.8079678416252136,5
sciq_11,qwen2.5:1.5b,0.0,0.8286271095275879,5
sciq_11,gemma2:2b,0.13333333333333333,0.8373923301696777,5
sciq_12,qwen2.5:1.5b,0.15384615384615385,0.8301113247871399,5
sciq_12,gemma2:2b,0.0,0.8310400247573853,5
sciq_13,qwen2.5:1.5b,0.125,0.8450015783309937,5
sciq_13,gemma2:2b,1.0,0.9310114979743958,5
sciq_14,qwen2.5:1.5b,0.4444444444444445,0.9062115550041199,5
sciq_14,gemma2:2b,0.4444444444444445,0.894277036190033,5
sciq_15,qwen2.5:1.5b,0.15384615384615385,0.8390730023384094,5
sciq_15,gemma2:2b,0.0,0.9416224956512451,5
sciq_16,qwen2.5:1.5b,0.375,0.8755642771720886,5
sciq_16,gemma2:2b,1.0,0.9494441747665405,5
sciq_17,qwen2.5:1.5b,0.0,0.8112009167671204,5
sciq_17,gemma2:2b,0.1111111111111111,0.8123287558555603,5
sciq_18,qwen2.5:1.5b,0.21052631578947367,0.8473964333534241,5
sciq_18,gemma2:2b,1.0,0.9659609794616699,5
sciq_19,qwen2.5:1.5b,0.0,0.8421602845191956,5
sciq_19,gemma2:2b,0.0,0.8512496948242188,5
sciq_20,qwen2.5:1.5b,0.19999999999999998,0.8587318658828735,5
sciq_20,gemma2:2b,0.19999999999999998,0.8546149730682373,5
sciq_21,qwen2.5:1.5b,1.0,0.9602864384651184,5
sciq_21,gemma2:2b,1.0,0.9654455184936523,5
sciq_22,qwen2.5:1.5b,0.25,0.845293402671814,5
sciq_22,gemma2:2b,0.2222222222222222,0.8853482604026794,5
sciq_23,qwen2.5:1.5b,0.35294117647058826,0.8856251239776611,5
sciq_23,gemma2:2b,0.2222222222222222,0.8768476247787476,5
sciq_24,qwen2.5:1.5b,0.0689655172413793,0.8003377914428711,5
sciq_24,gemma2:2b,0.33333333333333337,0.8641729950904846,5
sciq_25,qwen2.5:1.5b,0.0909090909090909,0.8149528503417969,5
sciq_25,gemma2:2b,0.19999999999999998,0.8412970900535583,5
sciq_26,qwen2.5:1.5b,0.3076923076923077,0.8676113486289978,5
sciq_26,gemma2:2b,0.3076923076923077,0.8676113486289978,5
sciq_27,qwen2.5:1.5b,0.16666666666666669,0.8333950638771057,5
sciq_27,gemma2:2b,0.6666666666666666,0.8880660533905029,5
sciq_28,qwen2.5:1.5b,0.4444444444444445,0.9035107493400574,5
sciq_28,gemma2:2b,1.0,0.9803856015205383,5
sciq_29,qwen2.5:1.5b,0.0,0.8314324021339417,4
sciq_29,gemma2:2b,0.0,0.862102210521698,5
sciq_30,qwen2.5:1.5b,0.09523809523809523,0.8727511167526245,5
sciq_30,gemma2:2b,0.4444444444444444,0.9192357063293457,5
sciq_31,qwen2.5:1.5b,0.18181818181818182,0.8383378982543945,5
sciq_31,gemma2:2b,0.2857142857142857,0.8482391834259033,5
sciq_32,qwen2.5:1.5b,0.2857142857142857,0.8731358051300049,5
sciq_32,gemma2:2b,0.25,0.8772010803222656,5
sciq_33,qwen2.5:1.5b,0.14285714285714288,0.8256559371948242,5
sciq_33,gemma2:2b,0.14285714285714288,0.824092447757721,5
sciq_34,qwen2.5:1.5b,0.33333333333333337,0.8715354800224304,5
sciq_34,gemma2:2b,1.0,0.9674482345581055,5
sciq_35,qwen2.5:1.5b,0.18181818181818182,0.8491101264953613,5
sciq_35,gemma2:2b,1.0,0.9642183780670166,5
sciq_36,qwen2.5:1.5b,0.25,0.8828502893447876,5
sciq_36,gemma2:2b,0.3,0.8846790194511414,5
sciq_37,qwen2.5:1.5b,0.25,0.8422898054122925,5
sciq_37,gemma2:2b,0.25,0.8422898054122925,5
sciq_38,qwen2.5:1.5b,0.5,0.8810659646987915,5
sciq_38,gemma2:2b,0.35294117647058826,0.8644142746925354,5
sciq_39,qwen2.5:1.5b,0.4,0.9083431959152222,5
sciq_39,gemma2:2b,1.0,0.9756909608840942,5
sciq_40,qwen2.5:1.5b,0.0,0.8208814859390259,5
sciq_40,gemma2:2b,0.0,0.8041262030601501,4
sciq_41,qwen2.5:1.5b,0.33333333333333337,0.8602939248085022,5
sciq_41,gemma2:2b,0.33333333333333337,0.8636425137519836,5
sciq_42,qwen2.5:1.5b,1.0,0.9579599499702454,5
sciq_42,gemma2:2b,1.0,0.9579599499702454,5
sciq_43,qwen2.5:1.5b,0.16666666666666669,0.8744872808456421,5
sciq_43,gemma2:2b,1.0,0.9385159611701965,5
sciq_44,qwen2.5:1.5b,0.15384615384615385,0.8324134945869446,5
sciq_44,gemma2:2b,0.2222222222222222,0.8248929381370544,5
sciq_45,qwen2.5:1.5b,1.0,0.9510546326637268,5
sciq_45,gemma2:2b,1.0,0.9510546326637268,5
sciq_46,qwen2.5:1.5b,0.19999999999999998,0.8189487457275391,5
sciq_46,gemma2:2b,0.0,0.8211063742637634,5
sciq_47,qwen2.5:1.5b,0.1111111111111111,0.8139244914054871,5
sciq_47,gemma2:2b,0.1111111111111111,0.8069942593574524,5
sciq_48,qwen2.5:1.5b,0.2222222222222222,0.8465123176574707,5
sciq_48,gemma2:2b,1.0,0.9485546946525574,5
sciq_49,qwen2.5:1.5b,0.08333333333333333,0.8263071179389954,4
sciq_49,gemma2:2b,0.0,0.8548389077186584,5
sciq_50,qwen2.5:1.5b,0.19999999999999998,0.8437974452972412,5
sciq_50,gemma2:2b,0.8,0.9291386008262634,5
sciq_51,qwen2.5:1.5b,0.33333333333333337,0.9067285060882568,5
sciq_51,gemma2:2b,1.0,0.9797377586364746,5
sciq_52,qwen2.5:1.5b,0.33333333333333337,0.8871663808822632,5
sciq_52,gemma2:2b,1.0,0.9678316116333008,5
sciq_53,qwen2.5:1.5b,0.21428571428571425,0.892266035079956,5
sciq_53,gemma2:2b,0.23076923076923078,0.9061248302459717,5
sciq_54,qwen2.5:1.5b,0.1818181818181818,0.8842261433601379,5
sciq_54,gemma2:2b,0.3333333333333333,0.892084538936615,5
sciq_55,qwen2.5:1.5b,0.21052631578947367,0.8766242265701294,5
sciq_55,gemma2:2b,0.5,0.9032121300697327,5
sciq_56,qwen2.5:1.5b,0.125,0.8382953405380249,5
sciq_56,gemma2:2b,1.0,0.9089565277099609,5
sciq_57,qwen2.5:1.5b,0.0,0.8394517302513123,5
sciq_57,gemma2:2b,0.23529411764705882,0.88160240650177,5
sciq_58,qwen2.5:1.5b,0.4,0.897662341594696,5
sciq_58,gemma2:2b,0.4615384615384615,0.9093238711357117,5
sciq_59,qwen2.5:1.5b,0.0,0.8135536313056946,4
sciq_59,gemma2:2b,0.0,0.8199754357337952,4
sciq_60,qwen2.5:1.5b,0.13333333333333333,0.8381764888763428,5
sciq_60,gemma2:2b,1.0,0.9003562331199646,5
sciq_61,qwen2.5:1.5b,0.030303030303030307,0.81798255443573,5
sciq_61,gemma2:2b,0.33333333333333337,0.9143648147583008,5
sciq_62,qwen2.5:1.5b,0.0,0.8487109541893005,5
sciq_62,gemma2:2b,0.0,0.9524224996566772,4
sciq_63,qwen2.5:1.5b,0.0689655172413793,0.8315173983573914,5
sciq_63,gemma2:2b,1.0,0.9698588252067566,5
sciq_64,qwen2.5:1.5b,0.19999999999999998,0.8465628623962402,5
sciq_64,gemma2:2b,0.19999999999999998,0.858214795589447,5
sciq_65,qwen2.5:1.5b,0.375,0.8845052719116211,5
sciq_65,gemma2:2b,1.0,0.962178111076355,5
sciq_66,qwen2.5:1.5b,1.0,0.9731318354606628,5
sciq_66,gemma2:2b,1.0,0.9731318354606628,5
sciq_67,qwen2.5:1.5b,0.14285714285714288,0.7975496053695679,5
sciq_67,gemma2:2b,1.0,0.8576330542564392,5
sciq_68,qwen2.5:1.5b,0.1,0.8169031143188477,5
sciq_68,gemma2:2b,0.25,0.8727461695671082,4
sciq_69,qwen2.5:1.5b,0.3076923076923077,0.8949130177497864,5
sciq_69,gemma2:2b,0.8,0.948337972164154,5
sciq_70,qwen2.5:1.5b,0.19999999999999998,0.836317777633667,5
sciq_70,gemma2:2b,0.19999999999999998,0.8511137962341309,5
sciq_71,qwen2.5:1.5b,0.3,0.8840717077255249,5
sciq_71,gemma2:2b,0.3,0.8858963251113892,5
sciq_72,qwen2.5:1.5b,0.14285714285714288,0.8562381863594055,5
sciq_72,gemma2:2b,0.6666666666666666,0.9144805073738098,5
sciq_73,qwen2.5:1.5b,0.15384615384615385,0.8866091966629028,5
sciq_73,gemma2:2b,1.0,0.9729568958282471,5
sciq_74,qwen2.5:1.5b,0.15384615384615385,0.8174881935119629,5
sciq_74,gemma2:2b,1.0,0.9545373916625977,5
sciq_75,qwen2.5:1.5b,0.1142857142857143,0.8358982801437378,5
sciq_75,gemma2:2b,0.10526315789473682,0.8319469690322876,5
sciq_76,qwen2.5:1.5b,0.16666666666666669,0.8284235596656799,5
sciq_76,gemma2:2b,0.33333333333333337,0.8498386740684509,5
sciq_77,qwen2.5:1.5b,0.5,0.9023557305335999,5
sciq_77,gemma2:2b,0.5,0.8658357262611389,5
sciq_78,qwen2.5:1.5b,0.18181818181818182,0.8293358683586121,5
sciq_78,gemma2:2b,0.16666666666666669,0.8252753615379333,5
sciq_79,qwen2.5:1.5b,0.16666666666666669,0.8320417404174805,5
sciq_79,gemma2:2b,1.0,0.9801865816116333,5
sciq_80,qwen2.5:1.5b,0.15384615384615385,0.8368534445762634,5
sciq_80,gemma2:2b,0.0,0.8240116834640503,5
sciq_81,qwen2.5:1.5b,0.14285714285714288,0.854001522064209,5
sciq_81,gemma2:2b,0.16666666666666669,0.9007297158241272,5
sciq_82,qwen2.5:1.5b,0.2666666666666667,0.8689480423927307,5
sciq_82,gemma2:2b,0.2666666666666667,0.8765509128570557,5
sciq_83,qwen2.5:1.5b,0.2727272727272727,0.8710787296295166,5
sciq_83,gemma2:2b,0.20689655172413793,0.8526079654693604,5
sciq_84,qwen2.5:1.5b,0.025157232704402517,0.7859740853309631,5
sciq_84,gemma2:2b,0.3076923076923077,0.822553277015686,5
sciq_85,qwen2.5:1.5b,0.19999999999999998,0.8268672823905945,5
sciq_85,gemma2:2b,0.6666666666666666,0.9051460027694702,5
sciq_86,qwen2.5:1.5b,0.16666666666666669,0.8593541979789734,5
sciq_86,gemma2:2b,1.0,0.9706803560256958,5
sciq_87,qwen2.5:1.5b,0.2222222222222222,0.8684924840927124,5
sciq_87,gemma2:2b,0.2666666666666667,0.8699203729629517,5
sciq_88,qwen2.5:1.5b,0.23529411764705882,0.823727011680603,5
sciq_88,gemma2:2b,0.3333333333333333,0.8298071622848511,5
sciq_89,qwen2.5:1.5b,0.15384615384615385,0.8363088965415955,5
sciq_89,gemma2:2b,0.6666666666666666,0.8847573399543762,5
sciq_90,qwen2.5:1.5b,0.03773584905660378,0.8067305088043213,5
sciq_90,gemma2:2b,0.15384615384615385,0.8481913208961487,5
sciq_91,qwen2.5:1.5b,0.1,0.777545154094696,5
sciq_91,gemma2:2b,1.0,0.8191003799438477,5
sciq_92,qwen2.5:1.5b,0.18181818181818182,0.8888809084892273,5
sciq_92,gemma2:2b,1.0,0.9173885583877563,5
sciq_93,qwen2.5:1.5b,0.125,0.8464407920837402,5
sciq_93,gemma2:2b,0.18181818181818182,0.8462302684783936,5
sciq_94,qwen2.5:1.5b,0.14285714285714288,0.8325496912002563,5
sciq_94,gemma2:2b,1.0,0.9601539373397827,5
sciq_95,qwen2.5:1.5b,0.13333333333333333,0.8257190585136414,5
sciq_95,gemma2:2b,0.2857142857142857,0.8567515015602112,5
sciq_96,qwen2.5:1.5b,0.4,0.8861302137374878,5
sciq_96,gemma2:2b,0.4444444444444444,0.9217034578323364,5
sciq_97,qwen2.5:1.5b,0.10526315789473684,0.8516017198562622,5
sciq_97,gemma2:2b,0.125,0.8561205863952637,5
sciq_98,qwen2.5:1.5b,0.0,0.8409146666526794,5
sciq_98,gemma2:2b,0.0,0.9102858304977417,5
sciq_99,qwen2.5:1.5b,0.19999999999999998,0.8349552154541016,5
sciq_99,gemma2:2b,1.0,0.9541860818862915,5
sciq_100,qwen2.5:1.5b,0.2666666666666667,0.88324373960495,5
sciq_100,gemma2:2b,0.2666666666666667,0.8809224963188171,5
sciq_101,qwen2.5:1.5b,0.039999999999999994,0.8102883696556091,5
sciq_101,gemma2:2b,1.0,1.000000238418579,5
sciq_102,qwen2.5:1.5b,0.2222222222222222,0.8555437326431274,5
sciq_102,gemma2:2b,0.8,0.9265685677528381,5
sciq_103,qwen2.5:1.5b,0.15384615384615385,0.8552586436271667,5
sciq_103,gemma2:2b,0.1,0.8377647399902344,5
sciq_104,qwen2.5:1.5b,0.2222222222222222,0.8648142218589783,5
sciq_104,gemma2:2b,0.5,0.9061413407325745,5
sciq_105,qwen2.5:1.5b,0.13333333333333333,0.8757995963096619,5
sciq_105,gemma2:2b,0.13333333333333333,0.8657573461532593,5
sciq_106,qwen2.5:1.5b,0.15384615384615385,0.8424805998802185,5
sciq_106,gemma2:2b,1.0,0.9702154994010925,5
sciq_107,qwen2.5:1.5b,0.2222222222222222,0.8559394478797913,5
sciq_107,gemma2:2b,0.2222222222222222,0.8601927757263184,5
sciq_108,qwen2.5:1.5b,0.17391304347826084,0.8583055138587952,5
sciq_108,gemma2:2b,0.5714285714285715,0.920480489730835,5
sciq_109,qwen2.5:1.5b,0.18181818181818182,0.8706350922584534,5
sciq_109,gemma2:2b,0.6666666666666666,0.9287784695625305,5
sciq_110,qwen2.5:1.5b,0.18181818181818182,0.8469857573509216,5
sciq_110,gemma2:2b,1.0,0.9545454978942871,5
sciq_111,qwen2.5:1.5b,0.08333333333333333,0.8027376532554626,5
sciq_111,gemma2:2b,0.08333333333333333,0.8122757077217102,5
sciq_112,qwen2.5:1.5b,0.11764705882352941,0.8429557681083679,5
sciq_112,gemma2:2b,1.0,0.9791674613952637,5
sciq_113,qwen2.5:1.5b,0.0,0.847278892993927,5
sciq_113,gemma2:2b,0.4444444444444445,0.8872408270835876,5
sciq_114,qwen2.5:1.5b,0.2857142857142857,0.9160511493682861,5
sciq_114,gemma2:2b,0.5,0.9355338215827942,5
sciq_115,qwen2.5:1.5b,0.4,0.8612526059150696,5
sciq_115,gemma2:2b,0.5714285714285715,0.8798459768295288,5
sciq_116,qwen2.5:1.5b,0.14285714285714288,0.7980793118476868,5
sciq_116,gemma2:2b,0.14285714285714288,0.7980793118476868,5
sciq_117,qwen2.5:1.5b,0.034482758620689655,0.7864891290664673,5
sciq_117,gemma2:2b,0.6666666666666666,0.8801801800727844,4
sciq_118,qwen2.5:1.5b,0.19999999999999998,0.8725448250770569,5
sciq_118,gemma2:2b,0.19999999999999998,0.8725448250770569,5
sciq_119,qwen2.5:1.5b,1.0,0.991140604019165,5
sciq_119,gemma2:2b,0.35294117647058826,0.8793680667877197,5
sciq_120,qwen2.5:1.5b,0.125,0.832293689250946,5
sciq_120,gemma2:2b,0.2222222222222222,0.8725128173828125,5
sciq_121,qwen2.5:1.5b,0.2222222222222222,0.8620675802230835,5
sciq_121,gemma2:2b,0.25,0.8645898699760437,5
sciq_122,qwen2.5:1.5b,0.3636363636363636,0.871105968952179,5
sciq_122,gemma2:2b,0.8,0.8828375935554504,5
sciq_123,qwen2.5:1.5b,1.0,0.9366878271102905,5
sciq_123,gemma2:2b,1.0,0.9193255305290222,5
sciq_124,qwen2.5:1.5b,0.18181818181818182,0.8254237771034241,5
sciq_124,gemma2:2b,0.33333333333333337,0.8263356685638428,5
sciq_125,qwen2.5:1.5b,0.0909090909090909,0.8389809727668762,5
sciq_125,gemma2:2b,1.0,0.9561404585838318,5
sciq_126,qwen2.5:1.5b,0.0689655172413793,0.8256897330284119,5
sciq_126,gemma2:2b,0.2222222222222222,0.8346961140632629,5
sciq_127,qwen2.5:1.5b,1.0,0.966543436050415,5
sciq_127,gemma2:2b,1.0,0.9670371413230896,5
sciq_128,qwen2.5:1.5b,0.19999999999999998,0.8834185600280762,5
sciq_128,gemma2:2b,0.13333333333333333,0.8630033135414124,5
sciq_129,qwen2.5:1.5b,0.19999999999999998,0.8187269568443298,5
sciq_129,gemma2:2b,0.19999999999999998,0.8187269568443298,5
sciq_130,qwen2.5:1.5b,0.25,0.852605402469635,5
sciq_130,gemma2:2b,1.0,0.9282681941986084,5
sciq_131,qwen2.5:1.5b,0.25,0.8551665544509888,5
sciq_131,gemma2:2b,0.4615384615384615,0.871545135974884,5
sciq_132,qwen2.5:1.5b,0.125,0.7922267317771912,5
sciq_132,gemma2:2b,0.6666666666666666,0.860351026058197,5
sciq_133,qwen2.5:1.5b,0.15384615384615385,0.8294844031333923,5
sciq_133,gemma2:2b,0.0,0.810577929019928,5
sciq_134,qwen2.5:1.5b,0.09523809523809523,0.8673893809318542,5
sciq_134,gemma2:2b,1.0,0.9566332101821899,5
sciq_135,qwen2.5:1.5b,0.0909090909090909,0.8132293224334717,5
sciq_135,gemma2:2b,0.6666666666666666,0.8764643669128418,5
sciq_136,qwen2.5:1.5b,0.33333333333333337,0.8421436548233032,5
sciq_136,gemma2:2b,0.33333333333333337,0.8421436548233032,5
sciq_137,qwen2.5:1.5b,0.14285714285714288,0.870611846446991,5
sciq_137,gemma2:2b,0.25,0.8881422281265259,5
sciq_138,qwen2.5:1.5b,0.2222222222222222,0.8616583943367004,5
sciq_138,gemma2:2b,1.0,0.89463210105896,5
sciq_139,qwen2.5:1.5b,0.18181818181818182,0.8617348670959473,5
sciq_139,gemma2:2b,1.0,0.9612431526184082,5
sciq_140,qwen2.5:1.5b,0.2222222222222222,0.8796751499176025,5
sciq_140,gemma2:2b,0.2222222222222222,0.8740100264549255,5
sciq_141,qwen2.5:1.5b,0.13333333333333333,0.8293147683143616,5
sciq_141,gemma2:2b,0.8,0.9339140057563782,5
sciq_142,qwen2.5:1.5b,0.2857142857142857,0.8564673066139221,5
sciq_142,gemma2:2b,0.2857142857142857,0.843169093132019,5
sciq_143,qwen2.5:1.5b,0.19999999999999998,0.8863721489906311,5
sciq_143,gemma2:2b,0.2222222222222222,0.8857994675636292,5
sciq_144,qwen2.5:1.5b,0.2727272727272727,0.8630490303039551,5
sciq_144,gemma2:2b,0.28571428571428575,0.8443270921707153,5
sciq_145,qwen2.5:1.5b,0.3636363636363636,0.8479962944984436,5
sciq_145,gemma2:2b,1.0,0.9416075348854065,5
sciq_146,qwen2.5:1.5b,0.16666666666666669,0.8575280904769897,5
sciq_146,gemma2:2b,0.8,0.9343316555023193,5
sciq_147,qwen2.5:1.5b,0.13333333333333333,0.8503024578094482,5
sciq_147,gemma2:2b,0.15384615384615385,0.8696858286857605,5
sciq_148,qwen2.5:1.5b,0.25,0.8397069573402405,5
sciq_148,gemma2:2b,0.25,0.8378413915634155,5
sciq_149,qwen2.5:1.5b,0.13333333333333333,0.8071958422660828,5
sciq_149,gemma2:2b,1.0,0.9344891309738159,5
race_0,qwen2.5:1.5b,0.09302325581395349,0.8499014377593994,5
race_0,gemma2:2b,0.10810810810810811,0.8576170206069946,5
race_1,qwen2.5:1.5b,0.05263157894736842,0.8343459367752075,5
race_1,gemma2:2b,0.11764705882352941,0.8702085614204407,4
race_2,qwen2.5:1.5b,0.0,0.7953960299491882,4
race_2,gemma2:2b,0.0,0.8022512197494507,5
race_3,qwen2.5:1.5b,0.025157232704402514,0.8348430395126343,5
race_3,gemma2:2b,0.049999999999999996,0.856736421585083,5
race_4,qwen2.5:1.5b,0.04819277108433735,0.8591474890708923,5
race_4,gemma2:2b,0.13793103448275862,0.8859007954597473,5
race_5,qwen2.5:1.5b,0.0,0.8774051070213318,5
race_5,gemma2:2b,0.0,0.8300394415855408,5
race_6,qwen2.5:1.5b,0.09756097560975609,0.8424413204193115,5
race_6,gemma2:2b,0.18181818181818182,0.881445050239563,5
race_7,qwen2.5:1.5b,0.125,0.8414798378944397,5
race_7,gemma2:2b,0.18181818181818182,0.8377920389175415,5
race_8,qwen2.5:1.5b,0.0,0.8580103516578674,4
race_8,gemma2:2b,0.0,0.8128663301467896,4
race_9,qwen2.5:1.5b,0.14285714285714288,0.8383888602256775,5
race_9,gemma2:2b,1.0,0.9583310484886169,5
race_10,qwen2.5:1.5b,0.0,0.8582924604415894,5
race_10,gemma2:2b,0.0,0.8816215395927429,4
race_11,qwen2.5:1.5b,0.39999999999999997,0.8988447189331055,5
race_11,gemma2:2b,0.0,0.8523151278495789,4
race_12,qwen2.5:1.5b,0.09999999999999999,0.876477837562561,5
race_12,gemma2:2b,0.13333333333333333,0.8331539630889893,5
race_13,qwen2.5:1.5b,0.10256410256410256,0.8672866225242615,4
race_13,gemma2:2b,0.3529411764705882,0.9143434166908264,5
race_14,qwen2.5:1.5b,0.06060606060606061,0.8535220623016357,5
race_14,gemma2:2b,0.0,0.8596341013908386,5
race_15,qwen2.5:1.5b,0.06097560975609756,0.8539479374885559,5
race_15,gemma2:2b,0.037383177570093455,0.8555184602737427,4
race_16,qwen2.5:1.5b,0.2777777777777778,0.8989992737770081,5
race_16,gemma2:2b,0.4166666666666667,0.9178820252418518,5
race_17,qwen2.5:1.5b,0.125,0.8374194502830505,5
race_17,gemma2:2b,0.6666666666666666,0.9121115803718567,4
race_18,qwen2.5:1.5b,0.08510638297872342,0.8707998991012573,5
race_18,gemma2:2b,0.27906976744186046,0.9004983305931091,4
race_19,qwen2.5:1.5b,0.125,0.8479609489440918,5
race_19,gemma2:2b,0.5,0.8933441638946533,5
race_20,qwen2.5:1.5b,0.0,0.8658007979393005,4
race_20,gemma2:2b,0.0,0.851657509803772,4
race_21,qwen2.5:1.5b,0.0689655172413793,0.8591892719268799,4
race_21,gemma2:2b,0.09090909090909091,0.8618529438972473,4
race_22,qwen2.5:1.5b,0.2040816326530612,0.8874174952507019,5
race_22,gemma2:2b,0.24390243902439024,0.8853171467781067,5
race_23,qwen2.5:1.5b,0.26666666666666666,0.9303313493728638,5
race_23,gemma2:2b,0.26666666666666666,0.9182430505752563,5
race_24,qwen2.5:1.5b,0.0,0.8481372594833374,5
race_24,gemma2:2b,0.03571428571428571,0.858489453792572,5
race_25,qwen2.5:1.5b,0.20689655172413793,0.8799247741699219,5
race_25,gemma2:2b,0.23076923076923073,0.875901997089386,5
race_26,qwen2.5:1.5b,0.07407407407407407,0.8631525635719299,5
race_26,gemma2:2b,0.0851063829787234,0.851921021938324,5
race_27,qwen2.5:1.5b,0.2,0.8979625105857849,5
race_27,gemma2:2b,0.0,0.8685247302055359,5
race_28,qwen2.5:1.5b,0.14814814814814817,0.8807389140129089,4
race_28,gemma2:2b,0.24390243902439024,0.8835144639015198,5
race_29,qwen2.5:1.5b,0.12903225806451613,0.8897576332092285,5
race_29,gemma2:2b,0.0,0.8753010034561157,5
race_30,qwen2.5:1.5b,0.0,0.8479178547859192,5
race_30,gemma2:2b,0.0,0.8539177775382996,4
race_31,qwen2.5:1.5b,0.18604651162790697,0.8742098212242126,5
race_31,gemma2:2b,0.18181818181818182,0.8715252876281738,5
race_32,qwen2.5:1.5b,0.0,0.8383028507232666,5
race_32,gemma2:2b,0.0,0.852590024471283,5
race_33,qwen2.5:1.5b,0.0625,0.8385895490646362,5
race_33,gemma2:2b,0.15384615384615383,0.8566094636917114,5
race_34,qwen2.5:1.5b,0.0,0.8860568404197693,5
race_34,gemma2:2b,0.0,0.8384738564491272,5
race_35,qwen2.5:1.5b,0.2857142857142857,0.8700899481773376,4
race_35,gemma2:2b,0.3076923076923077,0.8732664585113525,3
race_36,qwen2.5:1.5b,0.06666666666666667,0.8709152340888977,5
race_36,gemma2:2b,0.07407407407407408,0.8779090046882629,5
race_37,qwen2.5:1.5b,0.11764705882352941,0.875809907913208,5
race_37,gemma2:2b,0.2857142857142857,0.8876580595970154,1
race_38,qwen2.5:1.5b,1.0,1.0,5
race_38,gemma2:2b,1.0,1.0,5
race_39,qwen2.5:1.5b,0.0,0.8725547194480896,5
race_39,gemma2:2b,0.4,0.9066299200057983,5
race_40,qwen2.5:1.5b,0.35294117647058826,0.9098584651947021,5
race_40,gemma2:2b,0.35294117647058826,0.9010979533195496,5
race_41,qwen2.5:1.5b,0.09090909090909091,0.879305362701416,4
race_41,gemma2:2b,0.15384615384615383,0.9076679944992065,4
race_42,qwen2.5:1.5b,0.15384615384615383,0.8999513983726501,5
race_42,gemma2:2b,0.02298850574712644,0.8377972841262817,4
race_43,qwen2.5:1.5b,0.1111111111111111,0.8929126262664795,5
race_43,gemma2:2b,0.4,0.9138985872268677,5
race_44,qwen2.5:1.5b,0.4,0.908158004283905,5
race_44,gemma2:2b,0.1090909090909091,0.8356364965438843,5
race_45,qwen2.5:1.5b,0.4,0.8994038105010986,5
race_45,gemma2:2b,0.4,0.8929265737533569,5
race_46,qwen2.5:1.5b,0.16,0.8899357914924622,4
race_46,gemma2:2b,0.23076923076923078,0.8876898884773254,4
race_47,qwen2.5:1.5b,0.05405405405405405,0.8705716729164124,5
race_47,gemma2:2b,0.23076923076923075,0.9181548953056335,5
race_48,qwen2.5:1.5b,0.0,0.8557290434837341,4
race_48,gemma2:2b,0.0,0.8244702219963074,5
race_49,qwen2.5:1.5b,0.4210526315789474,0.8998817205429077,5
race_49,gemma2:2b,0.47058823529411764,0.9027352333068848,5
race_50,qwen2.5:1.5b,0.19354838709677416,0.886332631111145,5
race_50,gemma2:2b,0.2222222222222222,0.8995595574378967,4
race_51,qwen2.5:1.5b,0.2,0.8776077628135681,5
race_51,gemma2:2b,0.14814814814814817,0.8733067512512207,5
race_52,qwen2.5:1.5b,0.06666666666666667,0.8337666988372803,5
race_52,gemma2:2b,0.0,0.8425757884979248,5
race_53,qwen2.5:1.5b,0.22222222222222218,0.9028640985488892,5
race_53,gemma2:2b,0.2857142857142857,0.907622218132019,4
race_54,qwen2.5:1.5b,0.21739130434782608,0.8807725310325623,5
race_54,gemma2:2b,0.25,0.8831232190132141,5
race_55,qwen2.5:1.5b,0.15384615384615385,0.8645966649055481,5
race_55,gemma2:2b,0.13333333333333336,0.8584634065628052,4
race_56,qwen2.5:1.5b,0.10309278350515463,0.8667593002319336,5
race_56,gemma2:2b,0.25641025641025644,0.8991521596908569,5
race_57,qwen2.5:1.5b,0.12121212121212122,0.8684949278831482,5
race_57,gemma2:2b,0.23529411764705882,0.8834376335144043,4
race_58,qwen2.5:1.5b,0.28571428571428564,0.9266396760940552,5
race_58,gemma2:2b,0.2608695652173913,0.904737114906311,4
race_59,qwen2.5:1.5b,0.11764705882352941,0.8750269412994385,5
race_59,gemma2:2b,1.0,0.990185022354126,5
race_60,qwen2.5:1.5b,0.0,0.8694943785667419,4
race_60,gemma2:2b,0.0,0.8876827359199524,4
race_61,qwen2.5:1.5b,0.0,0.8876504302024841,5
race_61,gemma2:2b,0.0,0.8548397421836853,5
race_62,qwen2.5:1.5b,0.19999999999999998,0.8661179542541504,5
race_62,gemma2:2b,0.09523809523809523,0.8420804142951965,5
race_63,qwen2.5:1.5b,0.12121212121212122,0.8657969832420349,5
race_63,gemma2:2b,0.13793103448275862,0.8637122511863708,4
race_64,qwen2.5:1.5b,0.0606060606060606,0.8428723812103271,5
race_64,gemma2:2b,0.2222222222222222,0.8917097449302673,5
race_65,qwen2.5:1.5b,0.1,0.8790578842163086,4
race_65,gemma2:2b,0.125,0.898250162601471,5
race_66,qwen2.5:1.5b,0.09523809523809523,0.8893610835075378,4
race_66,gemma2:2b,0.2,0.9052817821502686,4
race_67,qwen2.5:1.5b,0.04347826086956522,0.8504891991615295,5
race_67,gemma2:2b,0.0,0.8605741262435913,5
race_68,qwen2.5:1.5b,0.0,0.8635748624801636,5
race_68,gemma2:2b,0.13333333333333336,0.858288586139679,5
race_69,qwen2.5:1.5b,0.5185185185185185,0.9122130870819092,5
race_69,gemma2:2b,0.631578947368421,0.9424841403961182,5
race_70,qwen2.5:1.5b,0.39999999999999997,0.8802785873413086,5
race_70,gemma2:2b,0.39999999999999997,0.8802785873413086,5
race_71,qwen2.5:1.5b,0.08333333333333334,0.880646288394928,5
race_71,gemma2:2b,0.25,0.9115965962409973,5
race_72,qwen2.5:1.5b,0.03333333333333333,0.8239122629165649,4
race_72,gemma2:2b,0.0909090909090909,0.8548510074615479,4
race_73,qwen2.5:1.5b,0.3333333333333333,0.875154435634613,5
race_73,gemma2:2b,0.05333333333333334,0.7953808903694153,5
race_74,qwen2.5:1.5b,0.0,0.8439792394638062,5
race_74,gemma2:2b,0.0,0.8708387613296509,5
race_75,qwen2.5:1.5b,0.2173913043478261,0.8720276951789856,5
race_75,gemma2:2b,0.10810810810810811,0.8579188585281372,5
race_76,qwen2.5:1.5b,0.0,0.8792432546615601,4
race_76,gemma2:2b,0.0,0.8730206489562988,4
race_77,qwen2.5:1.5b,0.08695652173913045,0.8479203581809998,4
race_77,gemma2:2b,0.09523809523809523,0.8463482856750488,4
race_78,qwen2.5:1.5b,0.16666666666666669,0.8939637541770935,5
race_78,gemma2:2b,0.0,0.8939110636711121,5
race_79,qwen2.5:1.5b,0.0,0.8304072022438049,4
race_79,gemma2:2b,0.0,0.8279984593391418,4
race_80,qwen2.5:1.5b,0.045454545454545456,0.8644230961799622,5
race_80,gemma2:2b,0.0,0.87794029712677,4
race_81,qwen2.5:1.5b,0.33333333333333337,0.8700274229049683,5
race_81,gemma2:2b,0.33333333333333337,0.8517293334007263,5
race_82,qwen2.5:1.5b,0.03773584905660377,0.8608414530754089,5
race_82,gemma2:2b,0.12903225806451613,0.8802871108055115,5
race_83,qwen2.5:1.5b,0.047619047619047616,0.8516227602958679,4
race_83,gemma2:2b,0.11764705882352941,0.8531915545463562,4
race_84,qwen2.5:1.5b,0.1111111111111111,0.8214300274848938,5
race_84,gemma2:2b,0.0,0.8180135488510132,5
race_85,qwen2.5:1.5b,0.0,0.9798027276992798,5
race_85,gemma2:2b,0.0,0.8406738638877869,5
race_86,qwen2.5:1.5b,0.0,0.804802417755127,5
race_86,gemma2:2b,0.1,0.8177400231361389,5
race_87,qwen2.5:1.5b,0.2727272727272727,0.8687968850135803,5
race_87,gemma2:2b,0.0,0.8611708283424377,5
race_88,qwen2.5:1.5b,0.0,0.8454625010490417,5
race_88,gemma2:2b,0.0,0.8324213624000549,4
race_89,qwen2.5:1.5b,0.30769230769230765,0.8897971510887146,5
race_89,gemma2:2b,0.4,0.8986604809761047,5
race_90,qwen2.5:1.5b,0.07692307692307693,0.8608248829841614,4
race_90,gemma2:2b,0.07142857142857142,0.8491412401199341,4
race_91,qwen2.5:1.5b,0.3636363636363636,0.912743866443634,5
race_91,gemma2:2b,0.10526315789473685,0.8725234866142273,4
race_92,qwen2.5:1.5b,0.2962962962962963,0.8930208086967468,5
race_92,gemma2:2b,0.16666666666666666,0.8653516173362732,5
race_93,qwen2.5:1.5b,0.15,0.8804215788841248,5
race_93,gemma2:2b,0.16,0.8925568461418152,5
race_94,qwen2.5:1.5b,0.18181818181818182,0.8710377812385559,5
race_94,gemma2:2b,0.15,0.8364224433898926,5
race_95,qwen2.5:1.5b,0.026315789473684206,0.86622554063797,5
race_95,gemma2:2b,0.12903225806451613,0.8928064107894897,5
race_96,qwen2.5:1.5b,0.14285714285714288,0.8710314035415649,5
race_96,gemma2:2b,0.0,0.8822224736213684,4
race_97,qwen2.5:1.5b,0.16666666666666669,0.8988764882087708,5
race_97,gemma2:2b,0.14285714285714288,0.903536856174469,5
race_98,qwen2.5:1.5b,0.16666666666666669,0.8754574060440063,4
race_98,gemma2:2b,0.16,0.8986974954605103,4
race_99,qwen2.5:1.5b,0.29268292682926833,0.9063312411308289,5
race_99,gemma2:2b,0.5454545454545455,0.9393401741981506,5
race_100,qwen2.5:1.5b,0.4,0.9140692353248596,5
race_100,gemma2:2b,0.4,0.9140692949295044,5
race_101,qwen2.5:1.5b,0.028169014084507046,0.8602543473243713,5
race_101,gemma2:2b,0.14285714285714285,0.91791170835495,4
race_102,qwen2.5:1.5b,0.0,0.8497366309165955,4
race_102,gemma2:2b,0.0,0.84283846616745,4
race_103,qwen2.5:1.5b,0.6666666666666666,0.9388487935066223,4
race_103,gemma2:2b,0.0,0.8313729763031006,5
race_104,qwen2.5:1.5b,0.06896551724137931,0.8561477065086365,5
race_104,gemma2:2b,0.23999999999999996,0.8769000172615051,5
race_105,qwen2.5:1.5b,0.03174603174603175,0.8492554426193237,5
race_105,gemma2:2b,0.21052631578947367,0.8865716457366943,5
race_106,qwen2.5:1.5b,0.1388888888888889,0.8731517195701599,5
race_106,gemma2:2b,0.23529411764705885,0.8813624382019043,5
race_107,qwen2.5:1.5b,0.07017543859649122,0.8283877968788147,5
race_107,gemma2:2b,0.0,0.82803875207901,4
race_108,qwen2.5:1.5b,0.10526315789473685,0.8716184496879578,2
race_108,gemma2:2b,0.28571428571428575,0.9255972504615784,5
race_109,qwen2.5:1.5b,0.20512820512820512,0.8936036825180054,5
race_109,gemma2:2b,0.32432432432432434,0.8849953413009644,5
race_110,qwen2.5:1.5b,0.16666666666666666,0.894054114818573,5
race_110,gemma2:2b,0.14285714285714285,0.8852357268333435,5
race_111,qwen2.5:1.5b,0.11111111111111112,0.8517453670501709,5
race_111,gemma2:2b,0.13793103448275862,0.8304164409637451,4
race_112,qwen2.5:1.5b,0.0,0.8457899689674377,4
race_112,gemma2:2b,0.0,0.8719457983970642,4
race_113,qwen2.5:1.5b,0.042105263157894736,0.830244779586792,5
race_113,gemma2:2b,0.11428571428571428,0.8510047793388367,5
race_114,qwen2.5:1.5b,0.11764705882352941,0.8724386692047119,5
race_114,gemma2:2b,0.0,0.864951491355896,4
race_115,qwen2.5:1.5b,0.0,0.8492117524147034,5
race_115,gemma2:2b,0.0,0.8610443472862244,5
race_116,qwen2.5:1.5b,0.09271523178807949,0.8534693717956543,5
race_116,gemma2:2b,0.1702127659574468,0.8583804368972778,5
race_117,qwen2.5:1.5b,0.13333333333333333,0.8160631060600281,4
race_117,gemma2:2b,0.05263157894736842,0.8576642274856567,3
race_118,qwen2.5:1.5b,0.25,0.8554374575614929,5
race_118,gemma2:2b,0.25,0.922928512096405,4
race_119,qwen2.5:1.5b,0.39999999999999997,0.9143013954162598,5
race_119,gemma2:2b,0.39999999999999997,0.9081180691719055,5
race_120,qwen2.5:1.5b,0.1875,0.8974102139472961,5
race_120,gemma2:2b,0.32432432432432434,0.9093794226646423,5
race_121,qwen2.5:1.5b,0.0,0.8723181486129761,4
race_121,gemma2:2b,0.0,0.8668190240859985,5
race_122,qwen2.5:1.5b,0.08695652173913045,0.8620592355728149,5
race_122,gemma2:2b,0.06896551724137931,0.862882137298584,5
race_123,qwen2.5:1.5b,0.16216216216216217,0.8894606232643127,5
race_123,gemma2:2b,0.14814814814814814,0.8994001150131226,5
race_124,qwen2.5:1.5b,1.0,0.980988085269928,5
race_124,gemma2:2b,0.0,0.8698990941047668,4
race_125,qwen2.5:1.5b,0.0,0.868791401386261,5
race_125,gemma2:2b,0.0,0.9098948836326599,5
race_126,qwen2.5:1.5b,0.09523809523809523,0.8560298085212708,4
race_126,gemma2:2b,0.1818181818181818,0.8807879090309143,2
race_127,qwen2.5:1.5b,0.10810810810810811,0.8709339499473572,4
race_127,gemma2:2b,0.07692307692307693,0.8606100678443909,4
race_128,qwen2.5:1.5b,0.056074766355140186,0.8537561297416687,5
race_128,gemma2:2b,0.23076923076923073,0.8841468691825867,5
race_129,qwen2.5:1.5b,0.0,0.8490663766860962,5
race_129,gemma2:2b,0.09090909090909093,0.8721317052841187,5
race_130,qwen2.5:1.5b,0.12307692307692307,0.867634654045105,5
race_130,gemma2:2b,0.07142857142857142,0.8718510270118713,5
race_131,qwen2.5:1.5b,0.14814814814814817,0.8738853335380554,5
race_131,gemma2:2b,0.13333333333333333,0.8694848418235779,5
race_132,qwen2.5:1.5b,0.1818181818181818,0.8685684204101562,4
race_132,gemma2:2b,0.4,0.9023289084434509,4
race_133,qwen2.5:1.5b,0.15384615384615385,0.8629311323165894,5
race_133,gemma2:2b,0.14285714285714285,0.8625999093055725,5
race_134,qwen2.5:1.5b,0.06896551724137931,0.8513668179512024,5
race_134,gemma2:2b,0.17647058823529413,0.8709319829940796,5
race_135,qwen2.5:1.5b,0.09090909090909091,0.8560517430305481,5
race_135,gemma2:2b,0.08695652173913045,0.8514033555984497,4
race_136,qwen2.5:1.5b,0.11538461538461536,0.866552472114563,5
race_136,gemma2:2b,0.13793103448275862,0.8762359619140625,5
race_137,qwen2.5:1.5b,0.09090909090909091,0.8538846373558044,5
race_137,gemma2:2b,0.07142857142857144,0.8533594012260437,5
race_138,qwen2.5:1.5b,0.14285714285714285,0.8787569999694824,5
race_138,gemma2:2b,0.0,0.8645697236061096,5
race_139,qwen2.5:1.5b,0.1764705882352941,0.8628048896789551,5
race_139,gemma2:2b,0.2758620689655173,0.8668982982635498,4
race_140,qwen2.5:1.5b,0.26666666666666666,0.9072062969207764,5
race_140,gemma2:2b,1.0,0.99120032787323,5
race_141,qwen2.5:1.5b,0.2857142857142857,0.906591534614563,5
race_141,gemma2:2b,0.2857142857142857,0.906591534614563,5
race_142,qwen2.5:1.5b,0.04545454545454545,0.854562520980835,4
race_142,gemma2:2b,0.15384615384615385,0.8863725066184998,4
race_143,qwen2.5:1.5b,0.12903225806451613,0.8795667290687561,5
race_143,gemma2:2b,0.2162162162162162,0.8924038410186768,5
race_144,qwen2.5:1.5b,0.0,0.8575272560119629,5
race_144,gemma2:2b,0.08,0.8427751660346985,5
race_145,qwen2.5:1.5b,0.15,0.8399049043655396,5
race_145,gemma2:2b,0.42857142857142855,0.890722930431366,5
race_146,qwen2.5:1.5b,0.05555555555555555,0.8491901755332947,5
race_146,gemma2:2b,0.10256410256410256,0.8791821599006653,5
race_147,qwen2.5:1.5b,0.25,0.8836344480514526,5
race_147,gemma2:2b,0.3870967741935484,0.8959940671920776,5
race_148,qwen2.5:1.5b,0.6,0.9287904500961304,5
race_148,gemma2:2b,0.10526315789473684,0.8799189925193787,4
race_149,qwen2.5:1.5b,0.07692307692307693,0.8577156662940979,5
race_149,gemma2:2b,0.0909090909090909,0.8602374792098999,5
arc_0,qwen2.5:1.5b,0.08695652173913043,0.8754920959472656,5
arc_0,gemma2:2b,0.0,0.8685788512229919,5
arc_1,qwen2.5:1.5b,0.13333333333333333,0.849520742893219,5
arc_1,gemma2:2b,0.0,0.8448858261108398,5
arc_2,qwen2.5:1.5b,0.04081632653061224,0.8359891176223755,5
arc_2,gemma2:2b,0.10526315789473684,0.8461765646934509,5
arc_3,qwen2.5:1.5b,0.0,0.8053069114685059,5
arc_3,gemma2:2b,0.15384615384615385,0.828683078289032,5
arc_4,qwen2.5:1.5b,0.13333333333333333,0.8696935176849365,4
arc_4,gemma2:2b,0.4,0.886646568775177,5
arc_5,qwen2.5:1.5b,0.0,0.8373797535896301,5
arc_5,gemma2:2b,0.0,0.8042367100715637,5
arc_6,qwen2.5:1.5b,0.042105263157894736,0.8117445111274719,5
arc_6,gemma2:2b,0.0,0.7785616517066956,5
arc_7,qwen2.5:1.5b,0.0,0.8403393030166626,5
arc_7,gemma2:2b,0.0,0.8482814431190491,5
arc_8,qwen2.5:1.5b,0.0,0.8021118640899658,5
arc_8,gemma2:2b,0.0,0.8594857454299927,4
arc_9,qwen2.5:1.5b,0.42857142857142855,0.920778214931488,4
arc_9,gemma2:2b,0.42857142857142855,0.889958381652832,4
arc_10,qwen2.5:1.5b,0.19999999999999998,0.8545770645141602,5
arc_10,gemma2:2b,0.0,0.8430410027503967,4
arc_11,qwen2.5:1.5b,0.35714285714285715,0.8888646364212036,5
arc_11,gemma2:2b,0.6666666666666667,0.9249444603919983,5
arc_12,qwen2.5:1.5b,0.05405405405405406,0.8204233050346375,5
arc_12,gemma2:2b,1.0,0.9770010113716125,5
arc_13,qwen2.5:1.5b,0.08695652173913045,0.8379918336868286,5
arc_13,gemma2:2b,0.0,0.8384208083152771,5
arc_14,qwen2.5:1.5b,0.10909090909090909,0.8555489778518677,5
arc_14,gemma2:2b,0.13333333333333333,0.8647993206977844,4
arc_15,qwen2.5:1.5b,0.13333333333333336,0.8579292893409729,4
arc_15,gemma2:2b,0.0,0.8353594541549683,3
arc_16,qwen2.5:1.5b,0.0449438202247191,0.8328976631164551,5
arc_16,gemma2:2b,0.0,0.8648063540458679,5
arc_17,qwen2.5:1.5b,0.17142857142857143,0.8665384650230408,5
arc_17,gemma2:2b,0.1739130434782609,0.8824371099472046,5
arc_18,qwen2.5:1.5b,0.18181818181818182,0.8579601645469666,5
arc_18,gemma2:2b,0.11764705882352941,0.8437434434890747,5
arc_19,qwen2.5:1.5b,0.25000000000000006,0.9258738160133362,5
arc_19,gemma2:2b,0.11764705882352941,0.9183865785598755,5
arc_20,qwen2.5:1.5b,0.19607843137254902,0.8462866544723511,5
arc_20,gemma2:2b,0.3333333333333333,0.8819144368171692,5
arc_21,qwen2.5:1.5b,0.05405405405405406,0.8289981484413147,5
arc_21,gemma2:2b,0.2222222222222222,0.8551763892173767,5
arc_22,qwen2.5:1.5b,0.08695652173913043,0.8554132580757141,5
arc_22,gemma2:2b,0.10389610389610389,0.844805896282196,5
arc_23,qwen2.5:1.5b,0.1348314606741573,0.8752161264419556,5
arc_23,gemma2:2b,0.0,0.8467301726341248,4
arc_24,qwen2.5:1.5b,0.047058823529411764,0.8549264669418335,5
arc_24,gemma2:2b,0.13793103448275865,0.8770294785499573,5
arc_25,qwen2.5:1.5b,0.0,0.8905426263809204,5
arc_25,gemma2:2b,0.0,0.8207290172576904,5
arc_26,qwen2.5:1.5b,0.5333333333333333,0.9227784872055054,5
arc_26,gemma2:2b,0.28571428571428575,0.9060966968536377,5
arc_27,qwen2.5:1.5b,0.045454545454545456,0.8489190936088562,5
arc_27,gemma2:2b,0.3529411764705882,0.8943014740943909,5
arc_28,qwen2.5:1.5b,0.0,0.8583133816719055,4
arc_28,gemma2:2b,0.0,0.8335619568824768,5
arc_29,qwen2.5:1.5b,0.0,0.7965171933174133,5
arc_29,gemma2:2b,0.2222222222222222,0.8560898900032043,5
arc_30,qwen2.5:1.5b,0.18181818181818182,0.890580415725708,4
arc_30,gemma2:2b,0.5,0.9286483526229858,5
arc_31,qwen2.5:1.5b,0.03389830508474576,0.8433019518852234,5
arc_31,gemma2:2b,0.14285714285714288,0.8495360612869263,5
arc_32,qwen2.5:1.5b,0.08823529411764705,0.8385722041130066,5
arc_32,gemma2:2b,0.23529411764705882,0.8645686507225037,5
arc_33,qwen2.5:1.5b,0.11764705882352941,0.8300873637199402,4
arc_33,gemma2:2b,0.18181818181818182,0.8486196398735046,5
arc_34,qwen2.5:1.5b,0.05,0.8380624055862427,5
arc_34,gemma2:2b,0.13333333333333333,0.8395903706550598,5
arc_35,qwen2.5:1.5b,0.0,0.836033284664154,5
arc_35,gemma2:2b,0.0,0.8691511750221252,5
arc_36,qwen2.5:1.5b,0.0,0.7999359369277954,5
arc_36,gemma2:2b,0.0,0.8013843297958374,5
arc_37,qwen2.5:1.5b,0.25,0.8978103399276733,5
arc_37,gemma2:2b,0.0,0.9281144142150879,5
arc_38,qwen2.5:1.5b,0.0,0.7989531755447388,5
arc_38,gemma2:2b,0.0,0.8674979209899902,5
arc_39,qwen2.5:1.5b,1.0,0.9836275577545166,5
arc_39,gemma2:2b,1.0,0.957130491733551,5
arc_40,qwen2.5:1.5b,0.29411764705882354,0.8998196721076965,5
arc_40,gemma2:2b,0.14285714285714288,0.8976004123687744,5
arc_41,qwen2.5:1.5b,0.0,0.8251246213912964,5
arc_41,gemma2:2b,0.0,0.8458036780357361,5
arc_42,qwen2.5:1.5b,0.0,0.7904149293899536,5
arc_42,gemma2:2b,0.0,0.8315756320953369,4
arc_43,qwen2.5:1.5b,0.0784313725490196,0.8537882566452026,5
arc_43,gemma2:2b,0.17142857142857143,0.8632327318191528,5
arc_44,qwen2.5:1.5b,0.1111111111111111,0.8518880605697632,5
arc_44,gemma2:2b,0.23076923076923078,0.8754810094833374,5
arc_45,qwen2.5:1.5b,0.1971830985915493,0.8827844858169556,5
arc_45,gemma2:2b,0.1686746987951807,0.8327016234397888,5
arc_46,qwen2.5:1.5b,1.0,0.9536198973655701,5
arc_46,gemma2:2b,1.0,0.9536199569702148,5
arc_47,qwen2.5:1.5b,0.11764705882352941,0.8163235187530518,5
arc_47,gemma2:2b,0.5,0.8893222212791443,5
arc_48,qwen2.5:1.5b,0.0,0.7943616509437561,4
arc_48,gemma2:2b,0.0,0.8168469071388245,5
arc_49,qwen2.5:1.5b,0.0,0.8401913642883301,5
arc_49,gemma2:2b,0.0,0.9001402854919434,4
arc_50,qwen2.5:1.5b,0.1,0.8262450695037842,5
arc_50,gemma2:2b,1.0,0.9130913615226746,5
arc_51,qwen2.5:1.5b,0.1818181818181818,0.8910156488418579,5
arc_51,gemma2:2b,0.07142857142857142,0.8741813898086548,5
arc_52,qwen2.5:1.5b,0.05128205128205129,0.8598873615264893,5
arc_52,gemma2:2b,0.12121212121212122,0.8642539978027344,5
arc_53,qwen2.5:1.5b,0.03333333333333333,0.8599509596824646,5
arc_53,gemma2:2b,0.0,0.8619176149368286,5
arc_54,qwen2.5:1.5b,0.19047619047619047,0.8671061992645264,5
arc_54,gemma2:2b,0.37499999999999994,0.8773105144500732,4
arc_55,qwen2.5:1.5b,0.2,0.8491406440734863,4
arc_55,gemma2:2b,0.3157894736842105,0.8519484996795654,4
arc_56,qwen2.5:1.5b,0.12903225806451613,0.8635622262954712,5
arc_56,gemma2:2b,1.0,0.9453336596488953,5
arc_57,qwen2.5:1.5b,0.2857142857142857,0.8861786723136902,5
arc_57,gemma2:2b,0.0,0.9045907855033875,4
arc_58,qwen2.5:1.5b,0.0,0.8581709265708923,4
arc_58,gemma2:2b,0.1111111111111111,0.8496631383895874,5
arc_59,qwen2.5:1.5b,0.0689655172413793,0.8077064156532288,5
arc_59,gemma2:2b,0.6666666666666666,0.862914502620697,5
arc_60,qwen2.5:1.5b,0.06451612903225805,0.8740005493164062,5
arc_60,gemma2:2b,0.08333333333333334,0.8808606266975403,5
arc_61,qwen2.5:1.5b,0.22222222222222224,0.851081132888794,5
arc_61,gemma2:2b,0.1739130434782609,0.8384808301925659,1
arc_62,qwen2.5:1.5b,0.0,0.8289794325828552,4
arc_62,gemma2:2b,0.0,0.8159417510032654,5
arc_63,qwen2.5:1.5b,0.0,0.8260738253593445,5
arc_63,gemma2:2b,0.0,0.8196664452552795,5
arc_64,qwen2.5:1.5b,0.11764705882352941,0.8813002109527588,5
arc_64,gemma2:2b,0.5,0.8942860960960388,5
arc_65,qwen2.5:1.5b,0.19047619047619044,0.8787599802017212,5
arc_65,gemma2:2b,0.25,0.8868734240531921,5
arc_66,qwen2.5:1.5b,0.16666666666666669,0.8276625871658325,5
arc_66,gemma2:2b,0.21276595744680848,0.8061809539794922,4
arc_67,qwen2.5:1.5b,0.15384615384615383,0.8476993441581726,5
arc_67,gemma2:2b,0.23529411764705882,0.873855471611023,5
arc_68,qwen2.5:1.5b,0.0,0.8356282711029053,5
arc_68,gemma2:2b,0.0,0.8184753060340881,5
arc_69,qwen2.5:1.5b,0.20689655172413793,0.8577418327331543,4
arc_69,gemma2:2b,0.13793103448275865,0.8470668196678162,5
arc_70,qwen2.5:1.5b,0.04444444444444444,0.8290936946868896,4
arc_70,gemma2:2b,0.3076923076923077,0.9053906202316284,5
arc_71,qwen2.5:1.5b,0.0,0.8390296101570129,5
arc_71,gemma2:2b,0.0,0.8449817895889282,5
arc_72,qwen2.5:1.5b,0.0,0.8230218887329102,5
arc_72,gemma2:2b,0.0,0.8184512257575989,5
arc_73,qwen2.5:1.5b,0.25806451612903225,0.8307501673698425,5
arc_73,gemma2:2b,1.0,0.8640883564949036,5
arc_74,qwen2.5:1.5b,0.0,0.8444979786872864,4
arc_74,gemma2:2b,0.0,0.8605340719223022,4
arc_75,qwen2.5:1.5b,0.017543859649122806,0.8150173425674438,4
arc_75,gemma2:2b,0.04255319148936171,0.8025487661361694,5
arc_76,qwen2.5:1.5b,0.06451612903225806,0.8533366918563843,5
arc_76,gemma2:2b,0.05970149253731343,0.8312689661979675,4
arc_77,qwen2.5:1.5b,0.058823529411764705,0.8517360091209412,5
arc_77,gemma2:2b,0.46153846153846156,0.8989763259887695,5
arc_78,qwen2.5:1.5b,0.07547169811320754,0.8484928607940674,5
arc_78,gemma2:2b,0.12903225806451613,0.8472269177436829,5
arc_79,qwen2.5:1.5b,0.09836065573770493,0.8479096293449402,5
arc_79,gemma2:2b,0.12,0.8460257053375244,5
arc_80,qwen2.5:1.5b,0.20930232558139536,0.8893601298332214,5
arc_80,gemma2:2b,0.30303030303030304,0.9014593958854675,5
arc_81,qwen2.5:1.5b,0.0,0.7943148612976074,5
arc_81,gemma2:2b,0.2857142857142857,0.8292229771614075,5
arc_82,qwen2.5:1.5b,0.0,0.8569349646568298,5
arc_82,gemma2:2b,0.13333333333333333,0.8572279214859009,5
arc_83,qwen2.5:1.5b,0.0,0.869320273399353,4
arc_83,gemma2:2b,0.0,0.8891692161560059,5
arc_84,qwen2.5:1.5b,0.037914691943127965,0.8316670060157776,5
arc_84,gemma2:2b,0.03448275862068966,0.8205851316452026,5
arc_85,qwen2.5:1.5b,0.12903225806451613,0.8503415584564209,5
arc_85,gemma2:2b,0.10526315789473684,0.8598230481147766,5
arc_86,qwen2.5:1.5b,0.5,0.9257768392562866,5
arc_86,gemma2:2b,1.0,0.9690005779266357,5
arc_87,qwen2.5:1.5b,0.23076923076923078,0.8669946789741516,5
arc_87,gemma2:2b,0.16,0.8377665877342224,5
arc_88,qwen2.5:1.5b,0.10169491525423728,0.8609150648117065,5
arc_88,gemma2:2b,0.42857142857142855,0.8771576881408691,4
arc_89,qwen2.5:1.5b,0.16666666666666669,0.8610413670539856,5
arc_89,gemma2:2b,1.0,0.9285892248153687,5
arc_90,qwen2.5:1.5b,0.24242424242424243,0.8927057385444641,5
arc_90,gemma2:2b,0.22222222222222224,0.8872691988945007,5
arc_91,qwen2.5:1.5b,0.12820512820512822,0.9000493288040161,5
arc_91,gemma2:2b,0.5,0.9417781829833984,5
arc_92,qwen2.5:1.5b,0.14285714285714285,0.8572462201118469,5
arc_92,gemma2:2b,0.0,0.8575660586357117,5
arc_93,qwen2.5:1.5b,0.0689655172413793,0.8532149791717529,5
arc_93,gemma2:2b,0.3225806451612903,0.9154828190803528,5
arc_94,qwen2.5:1.5b,0.028571428571428574,0.8366519808769226,5
arc_94,gemma2:2b,0.04651162790697674,0.857250452041626,5
arc_95,qwen2.5:1.5b,0.0,0.8153164982795715,4
arc_95,gemma2:2b,0.0,0.8046724796295166,4
arc_96,qwen2.5:1.5b,0.0606060606060606,0.8219218254089355,5
arc_96,gemma2:2b,0.5,0.8786316514015198,5
arc_97,qwen2.5:1.5b,0.0,0.7932759523391724,4
arc_97,gemma2:2b,0.0,0.79545658826828,4
arc_98,qwen2.5:1.5b,0.6666666666666666,0.9715880751609802,4
arc_98,gemma2:2b,0.15384615384615383,0.8988203406333923,4
arc_99,qwen2.5:1.5b,0.13333333333333333,0.8224566578865051,5
arc_99,gemma2:2b,1.0,0.8936926126480103,5
arc_100,qwen2.5:1.5b,0.0,0.8438794016838074,4
arc_100,gemma2:2b,0.0,0.8298924565315247,4
arc_101,qwen2.5:1.5b,0.36363636363636365,0.8937259316444397,4
arc_101,gemma2:2b,0.36363636363636365,0.8859311938285828,5
arc_102,qwen2.5:1.5b,0.05263157894736842,0.850712776184082,5
arc_102,gemma2:2b,0.0,0.9139633774757385,4
arc_103,qwen2.5:1.5b,0.0761904761904762,0.8502299785614014,5
arc_103,gemma2:2b,0.10256410256410256,0.8688290119171143,5
arc_104,qwen2.5:1.5b,0.04545454545454545,0.8113386631011963,5
arc_104,gemma2:2b,0.2857142857142857,0.8536670207977295,5
arc_105,qwen2.5:1.5b,0.11320754716981131,0.8522610664367676,5
arc_105,gemma2:2b,0.16666666666666666,0.8661932349205017,5
arc_106,qwen2.5:1.5b,0.03861003861003861,0.8147141337394714,5
arc_106,gemma2:2b,0.06722689075630253,0.8144758343696594,5
arc_107,qwen2.5:1.5b,0.28571428571428575,0.912883460521698,4
arc_107,gemma2:2b,0.5714285714285715,0.881401538848877,5
arc_108,qwen2.5:1.5b,0.25,0.8561751246452332,5
arc_108,gemma2:2b,0.3157894736842105,0.8722056150436401,5
arc_109,qwen2.5:1.5b,0.023529411764705882,0.8108972907066345,5
arc_109,gemma2:2b,0.07142857142857142,0.8363176584243774,5
arc_110,qwen2.5:1.5b,0.08695652173913045,0.816333532333374,5
arc_110,gemma2:2b,0.6666666666666666,0.9185775518417358,5
arc_111,qwen2.5:1.5b,0.06666666666666667,0.8601608276367188,5
arc_111,gemma2:2b,0.0,0.8619216084480286,5
arc_112,qwen2.5:1.5b,0.04,0.8288400769233704,5
arc_112,gemma2:2b,0.11764705882352941,0.8547621965408325,5
arc_113,qwen2.5:1.5b,0.1111111111111111,0.8553228378295898,5
arc_113,gemma2:2b,0.1,0.8511512875556946,4
arc_114,qwen2.5:1.5b,0.0,0.795612633228302,5
arc_114,gemma2:2b,1.0,0.8930487036705017,5
arc_115,qwen2.5:1.5b,0.11320754716981131,0.8683761954307556,5
arc_115,gemma2:2b,0.18181818181818182,0.8804939985275269,5
arc_116,qwen2.5:1.5b,0.18181818181818182,0.8596555590629578,5
arc_116,gemma2:2b,0.19999999999999998,0.8446018099784851,5
arc_117,qwen2.5:1.5b,0.09523809523809523,0.8490735292434692,5
arc_117,gemma2:2b,0.0,0.8126029372215271,5
arc_118,qwen2.5:1.5b,0.04081632653061224,0.8374688029289246,4
arc_118,gemma2:2b,0.14285714285714285,0.8714541792869568,5
arc_119,qwen2.5:1.5b,0.0,0.8667824864387512,5
arc_119,gemma2:2b,0.0,0.8664447069168091,5
arc_120,qwen2.5:1.5b,0.21052631578947364,0.8546543121337891,4
arc_120,gemma2:2b,0.4,0.8809117078781128,5
arc_121,qwen2.5:1.5b,0.0,0.8245660066604614,5
arc_121,gemma2:2b,0.0,0.8354665637016296,4
arc_122,qwen2.5:1.5b,0.25,0.8524888157844543,5
arc_122,gemma2:2b,1.0,0.8682557344436646,5
arc_123,qwen2.5:1.5b,0.026666666666666665,0.8143367767333984,5
arc_123,gemma2:2b,0.2857142857142857,0.8884627819061279,5
arc_124,qwen2.5:1.5b,0.10999999999999999,0.8673189282417297,5
arc_124,gemma2:2b,0.3333333333333333,0.8744310736656189,5
arc_125,qwen2.5:1.5b,0.028985507246376815,0.819246232509613,5
arc_125,gemma2:2b,0.0,0.8547013998031616,5
arc_126,qwen2.5:1.5b,0.07692307692307691,0.8488730788230896,5
arc_126,gemma2:2b,0.08333333333333333,0.8560437560081482,5
arc_127,qwen2.5:1.5b,0.06896551724137931,0.8601409792900085,5
arc_127,gemma2:2b,0.1739130434782609,0.8900898694992065,4
arc_128,qwen2.5:1.5b,0.0,0.8774885535240173,4
arc_128,gemma2:2b,0.5,0.8935675024986267,5
arc_129,qwen2.5:1.5b,0.07999999999999999,0.8138278126716614,5
arc_129,gemma2:2b,0.0,0.7968313694000244,5
arc_130,qwen2.5:1.5b,0.0,0.8749223351478577,5
arc_130,gemma2:2b,0.0,0.8600808382034302,4
arc_131,qwen2.5:1.5b,0.0,0.8866017460823059,5
arc_131,gemma2:2b,0.0,0.8448439836502075,5
arc_132,qwen2.5:1.5b,0.25,0.8854119777679443,5
arc_132,gemma2:2b,0.5714285714285715,0.8804793357849121,5
arc_133,qwen2.5:1.5b,0.10526315789473685,0.8677442669868469,4
arc_133,gemma2:2b,0.0,0.8405382633209229,4
arc_134,qwen2.5:1.5b,0.13333333333333333,0.8630385398864746,3
arc_134,gemma2:2b,1.0,0.9028052091598511,5
arc_135,qwen2.5:1.5b,0.0,0.8257206082344055,5
arc_135,gemma2:2b,0.0,0.8120720386505127,5
arc_136,qwen2.5:1.5b,0.19354838709677416,0.8869768381118774,5
arc_136,gemma2:2b,0.19047619047619047,0.892102837562561,5
arc_137,qwen2.5:1.5b,0.0759493670886076,0.7930960655212402,4
arc_137,gemma2:2b,0.2857142857142857,0.858160674571991,5
arc_138,qwen2.5:1.5b,0.0,0.8752373456954956,4
arc_138,gemma2:2b,0.0,0.8490217924118042,5
arc_139,qwen2.5:1.5b,0.0,0.8531830310821533,4
arc_139,gemma2:2b,0.08333333333333333,0.8239785432815552,5
arc_140,qwen2.5:1.5b,0.23076923076923075,0.8851252198219299,5
arc_140,gemma2:2b,0.3333333333333333,0.9040789008140564,5
arc_141,qwen2.5:1.5b,0.0,0.8172336220741272,5
arc_141,gemma2:2b,0.0,0.807654619216919,5
arc_142,qwen2.5:1.5b,0.0,0.8714063167572021,5
arc_142,gemma2:2b,0.0,0.8665370345115662,5
arc_143,qwen2.5:1.5b,0.0625,0.8554061651229858,4
arc_143,gemma2:2b,0.09523809523809525,0.8725632429122925,4
arc_144,qwen2.5:1.5b,0.0,0.8765674829483032,5
arc_144,gemma2:2b,0.07692307692307691,0.8546037077903748,5
arc_145,qwen2.5:1.5b,0.0,0.8566957116127014,5
arc_145,gemma2:2b,0.0,0.8495292067527771,5
arc_146,qwen2.5:1.5b,0.0,0.8543533682823181,5
arc_146,gemma2:2b,0.28571428571428575,0.862932562828064,5
arc_147,qwen2.5:1.5b,0.0,0.8180121779441833,4
arc_147,gemma2:2b,0.0,0.8406707048416138,5
arc_148,qwen2.5:1.5b,0.016528925619834708,0.8108159899711609,5
arc_148,gemma2:2b,0.6666666666666666,0.8986247777938843,5
arc_149,qwen2.5:1.5b,0.05940594059405941,0.855400562286377,5
arc_149,gemma2:2b,0.23529411764705882,0.8899604678153992,5
squad_0,qwen2.5:1.5b,0.16666666666666669,0.888756513595581,5
squad_0,gemma2:2b,1.0,1.000000238418579,5
squad_1,qwen2.5:1.5b,0.2857142857142857,0.8833260536193848,5
squad_1,gemma2:2b,0.2857142857142857,0.8764140009880066,5
squad_2,qwen2.5:1.5b,0.17391304347826084,0.8999359607696533,5
squad_2,gemma2:2b,1.0,1.0,5
squad_3,qwen2.5:1.5b,0.3125,0.8790808916091919,5
squad_3,gemma2:2b,0.2608695652173913,0.8559454679489136,5
squad_4,qwen2.5:1.5b,0.1142857142857143,0.8207986950874329,4
squad_4,gemma2:2b,1.0,0.9897734522819519,5
squad_5,qwen2.5:1.5b,0.125,0.8167905211448669,5
squad_5,gemma2:2b,0.2222222222222222,0.8371152281761169,5
squad_6,qwen2.5:1.5b,0.2222222222222222,0.8926283717155457,5
squad_6,gemma2:2b,0.2222222222222222,0.8926743865013123,5
squad_7,qwen2.5:1.5b,0.19999999999999998,0.885804295539856,5
squad_7,gemma2:2b,1.0,0.980278730392456,5
squad_8,qwen2.5:1.5b,0.5,0.9146276116371155,5
squad_8,gemma2:2b,0.4444444444444445,0.9031573534011841,5
squad_9,qwen2.5:1.5b,0.6666666666666666,0.8917636275291443,5
squad_9,gemma2:2b,0.6666666666666666,0.8873003125190735,5
squad_10,qwen2.5:1.5b,0.14545454545454545,0.8903620839118958,5
squad_10,gemma2:2b,0.21621621621621626,0.9013001918792725,5
squad_11,qwen2.5:1.5b,1.0,1.000000238418579,5
squad_11,gemma2:2b,1.0,0.9929686188697815,5
squad_12,qwen2.5:1.5b,0.42857142857142855,0.8873383402824402,5
squad_12,gemma2:2b,0.5454545454545454,0.8987108469009399,5
squad_13,qwen2.5:1.5b,0.0,0.8420038819313049,5
squad_13,gemma2:2b,0.0,0.8245341181755066,4
squad_14,qwen2.5:1.5b,0.2916666666666667,0.8848370313644409,5
squad_14,gemma2:2b,0.631578947368421,0.9469593167304993,5
squad_15,qwen2.5:1.5b,0.2666666666666667,0.8678509593009949,4
squad_15,gemma2:2b,0.09999999999999999,0.8810533881187439,5
squad_16,qwen2.5:1.5b,0.21052631578947367,0.863071858882904,5
squad_16,gemma2:2b,0.23529411764705882,0.858798086643219,5
squad_17,qwen2.5:1.5b,0.3636363636363636,0.919583261013031,5
squad_17,gemma2:2b,0.3636363636363636,0.9092945456504822,5
squad_18,qwen2.5:1.5b,0.08823529411764706,0.8399646282196045,5
squad_18,gemma2:2b,0.15384615384615383,0.8486372828483582,5
squad_19,qwen2.5:1.5b,0.6666666666666666,0.8928037285804749,5
squad_19,gemma2:2b,0.6666666666666666,0.8928037285804749,5
squad_20,qwen2.5:1.5b,0.4,0.8624088764190674,5
squad_20,gemma2:2b,0.4615384615384615,0.8765155673027039,5
squad_21,qwen2.5:1.5b,0.04545454545454545,0.8156914114952087,5
squad_21,gemma2:2b,0.0,0.802833616733551,5
squad_22,qwen2.5:1.5b,0.1095890410958904,0.8422638773918152,5
squad_22,gemma2:2b,0.6666666666666666,0.8869046568870544,5
squad_23,qwen2.5:1.5b,0.0909090909090909,0.829342246055603,5
squad_23,gemma2:2b,1.0,0.9163007140159607,5
squad_24,qwen2.5:1.5b,0.13333333333333336,0.8298920392990112,5
squad_24,gemma2:2b,0.15384615384615385,0.819908082485199,5
squad_25,qwen2.5:1.5b,0.029411764705882353,0.8387153744697571,5
squad_25,gemma2:2b,0.06741573033707865,0.8521559238433838,5
squad_26,qwen2.5:1.5b,0.4,0.8950156569480896,5
squad_26,gemma2:2b,0.5,0.8992356657981873,5
squad_27,qwen2.5:1.5b,0.13333333333333333,0.8628307580947876,5
squad_27,gemma2:2b,0.16216216216216214,0.8692522048950195,5
squad_28,qwen2.5:1.5b,0.125,0.815040647983551,5
squad_28,gemma2:2b,0.6666666666666666,0.900096595287323,4
squad_29,qwen2.5:1.5b,0.3636363636363636,0.8580718040466309,5
squad_29,gemma2:2b,0.8,0.9192351698875427,5
squad_30,qwen2.5:1.5b,0.2222222222222222,0.8762921094894409,5
squad_30,gemma2:2b,0.11764705882352941,0.8797034025192261,5
squad_31,qwen2.5:1.5b,0.1142857142857143,0.852341890335083,5
squad_31,gemma2:2b,0.33333333333333337,0.8725294470787048,5
squad_32,qwen2.5:1.5b,0.08333333333333333,0.8233097791671753,5
squad_32,gemma2:2b,0.0,0.8274914026260376,5
squad_33,qwen2.5:1.5b,0.33333333333333337,0.8633479475975037,5
squad_33,gemma2:2b,0.33333333333333337,0.8633479475975037,5
squad_34,qwen2.5:1.5b,0.3157894736842105,0.8476282954216003,5
squad_34,gemma2:2b,0.4615384615384615,0.8587051630020142,5
squad_35,qwen2.5:1.5b,0.3636363636363636,0.888923704624176,5
squad_35,gemma2:2b,0.3636363636363636,0.888923704624176,5
squad_36,qwen2.5:1.5b,0.16666666666666666,0.8405258059501648,5
squad_36,gemma2:2b,0.8,0.887054443359375,5
squad_37,qwen2.5:1.5b,0.2,0.906408429145813,5
squad_37,gemma2:2b,0.5,0.9163034558296204,5
squad_38,qwen2.5:1.5b,0.7142857142857143,0.9330089688301086,5
squad_38,gemma2:2b,0.2380952380952381,0.8393577933311462,5
squad_39,qwen2.5:1.5b,1.0,1.0000001192092896,5
squad_39,gemma2:2b,1.0,1.0000001192092896,5
squad_40,qwen2.5:1.5b,0.25,0.8998669385910034,5
squad_40,gemma2:2b,1.0,0.991510808467865,5
squad_41,qwen2.5:1.5b,0.09523809523809525,0.8454976677894592,5
squad_41,gemma2:2b,0.11764705882352941,0.846425473690033,5
squad_42,qwen2.5:1.5b,0.19999999999999998,0.8603236675262451,5
squad_42,gemma2:2b,0.19999999999999998,0.8539791107177734,5
squad_43,qwen2.5:1.5b,0.4,0.9126589298248291,5
squad_43,gemma2:2b,0.5454545454545454,0.9323729872703552,5
squad_44,qwen2.5:1.5b,0.6451612903225806,0.9240221977233887,5
squad_44,gemma2:2b,0.5714285714285714,0.8897061944007874,5
squad_45,qwen2.5:1.5b,0.0909090909090909,0.8332475423812866,5
squad_45,gemma2:2b,0.0,0.8215537667274475,5
squad_46,qwen2.5:1.5b,0.15384615384615385,0.8308078646659851,5
squad_46,gemma2:2b,1.0,0.9754937291145325,5
squad_47,qwen2.5:1.5b,0.0,0.8384665250778198,5
squad_47,gemma2:2b,0.0,0.8197812438011169,5
squad_48,qwen2.5:1.5b,0.23529411764705882,0.8944028615951538,5
squad_48,gemma2:2b,1.0,1.0,5
squad_49,qwen2.5:1.5b,0.3076923076923077,0.8731384873390198,5
squad_49,gemma2:2b,0.3076923076923077,0.8662523031234741,5
squad_50,qwen2.5:1.5b,0.0,0.8490318059921265,4
squad_50,gemma2:2b,0.16666666666666669,0.8792773485183716,5
squad_51,qwen2.5:1.5b,0.6153846153846153,0.878140389919281,5
squad_51,gemma2:2b,0.6153846153846153,0.8700432181358337,5
squad_52,qwen2.5:1.5b,0.0,0.9320178031921387,5
squad_52,gemma2:2b,0.0,0.9198760986328125,4
squad_53,qwen2.5:1.5b,0.10526315789473685,0.8694875240325928,4
squad_53,gemma2:2b,0.5714285714285715,0.9165703058242798,5
squad_54,qwen2.5:1.5b,0.2857142857142857,0.8692894577980042,5
squad_54,gemma2:2b,0.5,0.8872172832489014,5
squad_55,qwen2.5:1.5b,0.2857142857142857,0.8447434306144714,5
squad_55,gemma2:2b,0.2857142857142857,0.8447434306144714,5
squad_56,qwen2.5:1.5b,1.0,0.9483912587165833,1
squad_56,gemma2:2b,0.14285714285714288,0.8303341269493103,4
squad_57,qwen2.5:1.5b,0.4444444444444445,0.8782891035079956,5
squad_57,gemma2:2b,1.0,0.9839998483657837,5
squad_58,qwen2.5:1.5b,0.19999999999999998,0.8343459367752075,5
squad_58,gemma2:2b,0.3636363636363636,0.8647497296333313,5
squad_59,qwen2.5:1.5b,0.3636363636363636,0.9020568132400513,5
squad_59,gemma2:2b,0.3636363636363636,0.9020568132400513,5
squad_60,qwen2.5:1.5b,0.2666666666666667,0.8427258729934692,5
squad_60,gemma2:2b,0.2666666666666667,0.8382555246353149,5
squad_61,qwen2.5:1.5b,0.4761904761904762,0.944943904876709,5
squad_61,gemma2:2b,0.5882352941176471,0.9316918253898621,5
squad_62,qwen2.5:1.5b,0.34782608695652173,0.9246782064437866,5
squad_62,gemma2:2b,1.0,0.9915423393249512,5
squad_63,qwen2.5:1.5b,0.2666666666666667,0.9046083092689514,5
squad_63,gemma2:2b,1.0,0.9920892119407654,5
squad_64,qwen2.5:1.5b,0.33333333333333337,0.884215772151947,5
squad_64,gemma2:2b,0.33333333333333337,0.880893349647522,5
squad_65,qwen2.5:1.5b,0.16666666666666669,0.8352965712547302,5
squad_65,gemma2:2b,1.0,0.9727697372436523,5
squad_66,qwen2.5:1.5b,0.33333333333333337,0.8939750790596008,5
squad_66,gemma2:2b,0.4,0.8938044905662537,5
squad_67,qwen2.5:1.5b,0.4,0.8858608603477478,5
squad_67,gemma2:2b,0.4,0.884131669998169,5
squad_68,qwen2.5:1.5b,0.32,0.8979490399360657,5
squad_68,gemma2:2b,0.888888888888889,0.9540683031082153,5
squad_69,qwen2.5:1.5b,0.2857142857142857,0.8710137605667114,5
squad_69,gemma2:2b,0.8,0.916741132736206,5
squad_70,qwen2.5:1.5b,0.1875,0.8665639758110046,5
squad_70,gemma2:2b,0.3,0.8763822913169861,5
squad_71,qwen2.5:1.5b,0.5789473684210525,0.9204416871070862,5
squad_71,gemma2:2b,0.8,0.9643421769142151,5
squad_72,qwen2.5:1.5b,0.14285714285714288,0.8602687120437622,5
squad_72,gemma2:2b,0.2666666666666667,0.9027687907218933,5
squad_73,qwen2.5:1.5b,0.07407407407407407,0.8628939390182495,5
squad_73,gemma2:2b,1.0,0.9860371947288513,5
squad_74,qwen2.5:1.5b,0.6206896551724137,0.9302589893341064,5
squad_74,gemma2:2b,0.6451612903225806,0.9400303363800049,5
squad_75,qwen2.5:1.5b,0.09302325581395349,0.8534263968467712,5
squad_75,gemma2:2b,0.28571428571428575,0.8694506287574768,5
squad_76,qwen2.5:1.5b,0.39215686274509803,0.8752109408378601,5
squad_76,gemma2:2b,0.19354838709677416,0.860568106174469,4
squad_77,qwen2.5:1.5b,0.5454545454545454,0.9506186842918396,5
squad_77,gemma2:2b,1.0,1.0,5
squad_78,qwen2.5:1.5b,0.4,0.9024161100387573,5
squad_78,gemma2:2b,1.0,0.9999998807907104,5
squad_79,qwen2.5:1.5b,0.3,0.8827321529388428,5
squad_79,gemma2:2b,0.6666666666666666,0.9387449026107788,5
squad_80,qwen2.5:1.5b,0.17777777777777776,0.8528152108192444,5
squad_80,gemma2:2b,0.2857142857142857,0.863594651222229,5
squad_81,qwen2.5:1.5b,0.0851063829787234,0.8633477687835693,5
squad_81,gemma2:2b,0.3076923076923077,0.9140886664390564,5
squad_82,qwen2.5:1.5b,0.11764705882352941,0.856204628944397,5
squad_82,gemma2:2b,0.125,0.8622986078262329,5
squad_83,qwen2.5:1.5b,0.09523809523809523,0.8241472840309143,5
squad_83,gemma2:2b,0.14285714285714288,0.8320193886756897,5
squad_84,qwen2.5:1.5b,0.2857142857142857,0.8807013034820557,5
squad_84,gemma2:2b,0.2857142857142857,0.8813036680221558,5
squad_85,qwen2.5:1.5b,0.2608695652173913,0.8929257988929749,5
squad_85,gemma2:2b,0.2857142857142857,0.8949844241142273,5
squad_86,qwen2.5:1.5b,0.5,0.9031780958175659,5
squad_86,gemma2:2b,0.5454545454545454,0.897808849811554,5
squad_87,qwen2.5:1.5b,0.12903225806451613,0.8664563894271851,5
squad_87,gemma2:2b,0.14285714285714285,0.8689966201782227,5
squad_88,qwen2.5:1.5b,1.0,0.9999997615814209,5
squad_88,gemma2:2b,1.0,0.9999997615814209,5
squad_89,qwen2.5:1.5b,0.25531914893617025,0.9001916646957397,5
squad_89,gemma2:2b,0.11428571428571428,0.863878607749939,5
squad_90,qwen2.5:1.5b,1.0,0.9861375689506531,5
squad_90,gemma2:2b,1.0,1.0000001192092896,5
squad_91,qwen2.5:1.5b,0.42857142857142855,0.8993557691574097,5
squad_91,gemma2:2b,0.28571428571428575,0.8955009579658508,5
squad_92,qwen2.5:1.5b,0.25,0.9245880246162415,5
squad_92,gemma2:2b,1.0,0.9873178601264954,5
squad_93,qwen2.5:1.5b,0.21052631578947367,0.8911856412887573,5
squad_93,gemma2:2b,0.33333333333333337,0.9077005982398987,5
squad_94,qwen2.5:1.5b,0.5454545454545454,0.883239209651947,5
squad_94,gemma2:2b,0.8571428571428571,0.9637646079063416,5
squad_95,qwen2.5:1.5b,0.09523809523809523,0.8461626172065735,5
squad_95,gemma2:2b,0.10526315789473684,0.8445191383361816,5
squad_96,qwen2.5:1.5b,0.4,0.8455421924591064,5
squad_96,gemma2:2b,0.375,0.8432095646858215,5
squad_97,qwen2.5:1.5b,0.18181818181818182,0.8314154148101807,5
squad_97,gemma2:2b,0.33333333333333337,0.8320440649986267,5
squad_98,qwen2.5:1.5b,0.08695652173913045,0.8475155234336853,5
squad_98,gemma2:2b,0.10526315789473684,0.8411681056022644,5
squad_99,qwen2.5:1.5b,0.33333333333333337,0.8852528929710388,5
squad_99,gemma2:2b,0.2222222222222222,0.8917558789253235,5
squad_100,qwen2.5:1.5b,0.5714285714285715,0.9620197415351868,5
squad_100,gemma2:2b,0.5714285714285715,0.9620197415351868,5
squad_101,qwen2.5:1.5b,0.19999999999999998,0.8620026707649231,5
squad_101,gemma2:2b,0.2222222222222222,0.854495108127594,5
squad_102,qwen2.5:1.5b,0.027027027027027025,0.7871791124343872,5
squad_102,gemma2:2b,0.0,0.7595130801200867,5
squad_103,qwen2.5:1.5b,0.2105263157894737,0.897650957107544,5
squad_103,gemma2:2b,0.3529411764705882,0.9119842052459717,5
squad_104,qwen2.5:1.5b,0.42857142857142855,0.9244686961174011,5
squad_104,gemma2:2b,0.42857142857142855,0.9176713228225708,5
squad_105,qwen2.5:1.5b,0.39999999999999997,0.9007002711296082,5
squad_105,gemma2:2b,0.33333333333333337,0.8792927265167236,5
squad_106,qwen2.5:1.5b,0.1111111111111111,0.8795367479324341,5
squad_106,gemma2:2b,0.25,0.9037059545516968,5
squad_107,qwen2.5:1.5b,0.5,0.9136289954185486,5
squad_107,gemma2:2b,0.5,0.9128952622413635,5
squad_108,qwen2.5:1.5b,0.15384615384615385,0.8224993944168091,5
squad_108,gemma2:2b,0.6666666666666666,0.8977048397064209,5
squad_109,qwen2.5:1.5b,0.3333333333333333,0.8832367062568665,5
squad_109,gemma2:2b,0.36363636363636365,0.8696243762969971,5
squad_110,qwen2.5:1.5b,0.4444444444444445,0.8904682397842407,5
squad_110,gemma2:2b,0.5333333333333333,0.8943971395492554,5
squad_111,qwen2.5:1.5b,0.2222222222222222,0.8995135426521301,5
squad_111,gemma2:2b,1.0,0.9904273152351379,5
squad_112,qwen2.5:1.5b,0.6451612903225806,0.9177601337432861,5
squad_112,gemma2:2b,0.8333333333333333,0.9386879205703735,5
squad_113,qwen2.5:1.5b,0.6086956521739131,0.9405747056007385,5
squad_113,gemma2:2b,0.6666666666666666,0.9506271481513977,5
squad_114,qwen2.5:1.5b,0.33333333333333337,0.9234808087348938,5
squad_114,gemma2:2b,0.2608695652173913,0.910679042339325,5
squad_115,qwen2.5:1.5b,0.19999999999999998,0.8616658449172974,5
squad_115,gemma2:2b,0.19999999999999998,0.8552682399749756,5
squad_116,qwen2.5:1.5b,0.046511627906976744,0.8070803880691528,5
squad_116,gemma2:2b,0.6666666666666666,0.9096002578735352,5
squad_117,qwen2.5:1.5b,0.18181818181818182,0.9118783473968506,5
squad_117,gemma2:2b,1.0,0.9905726909637451,5
squad_118,qwen2.5:1.5b,0.2222222222222222,0.8678627014160156,5
squad_118,gemma2:2b,0.2222222222222222,0.8678627014160156,5
squad_119,qwen2.5:1.5b,0.12844036697247707,0.8513572216033936,5
squad_119,gemma2:2b,0.2857142857142857,0.8695573210716248,5
squad_120,qwen2.5:1.5b,0.14035087719298245,0.8535091876983643,5
squad_120,gemma2:2b,0.4444444444444445,0.8877927660942078,5
squad_121,qwen2.5:1.5b,0.14285714285714288,0.8571205735206604,5
squad_121,gemma2:2b,0.18181818181818182,0.8745489120483398,5
squad_122,qwen2.5:1.5b,0.5454545454545454,0.9028586745262146,5
squad_122,gemma2:2b,0.5,0.893716037273407,5
squad_123,qwen2.5:1.5b,1.0,0.9828195571899414,5
squad_123,gemma2:2b,1.0,0.9828195571899414,5
squad_124,qwen2.5:1.5b,0.6666666666666666,0.9476062655448914,5
squad_124,gemma2:2b,1.0,0.9999999403953552,5
squad_125,qwen2.5:1.5b,0.19999999999999998,0.8409825563430786,5
squad_125,gemma2:2b,0.15384615384615385,0.8640736937522888,5
squad_126,qwen2.5:1.5b,0.33333333333333337,0.8509469032287598,5
squad_126,gemma2:2b,0.33333333333333337,0.8509469032287598,5
squad_127,qwen2.5:1.5b,0.25641025641025644,0.8712005019187927,5
squad_127,gemma2:2b,0.2,0.8664195537567139,4
squad_128,qwen2.5:1.5b,0.13333333333333333,0.8556621074676514,5
squad_128,gemma2:2b,1.0,0.9557458162307739,5
squad_129,qwen2.5:1.5b,0.0,0.8483968377113342,5
squad_129,gemma2:2b,0.1904761904761905,0.8543855547904968,5
squad_130,qwen2.5:1.5b,0.1111111111111111,0.8319793343544006,5
squad_130,gemma2:2b,0.18181818181818182,0.8480749726295471,5
squad_131,qwen2.5:1.5b,0.04255319148936171,0.8532108068466187,5
squad_131,gemma2:2b,0.16666666666666666,0.9147880673408508,4
squad_132,qwen2.5:1.5b,0.37037037037037035,0.9007454514503479,5
squad_132,gemma2:2b,0.5,0.8936447501182556,5
squad_133,qwen2.5:1.5b,0.2666666666666667,0.8702211380004883,5
squad_133,gemma2:2b,1.0,0.9859248399734497,5
squad_134,qwen2.5:1.5b,0.23076923076923078,0.8601800203323364,5
squad_134,gemma2:2b,0.6666666666666666,0.9413790106773376,5
squad_135,qwen2.5:1.5b,0.15384615384615385,0.8514256477355957,5
squad_135,gemma2:2b,0.1111111111111111,0.8395154476165771,5
squad_136,qwen2.5:1.5b,0.4,0.9020704030990601,5
squad_136,gemma2:2b,0.6666666666666666,0.9648450016975403,5
squad_137,qwen2.5:1.5b,0.15384615384615385,0.8500657081604004,5
squad_137,gemma2:2b,0.18181818181818182,0.8459122180938721,5
squad_138,qwen2.5:1.5b,0.25,0.8962597846984863,5
squad_138,gemma2:2b,1.0,0.9767638444900513,5
squad_139,qwen2.5:1.5b,0.5,0.9083018898963928,5
squad_139,gemma2:2b,1.0,1.0,5
squad_140,qwen2.5:1.5b,0.6,0.9172905683517456,5
squad_140,gemma2:2b,0.6,0.904234766960144,5
squad_141,qwen2.5:1.5b,0.22222222222222224,0.8651883602142334,5
squad_141,gemma2:2b,0.2,0.852092444896698,5
squad_142,qwen2.5:1.5b,0.19999999999999998,0.8376129269599915,5
squad_142,gemma2:2b,0.33333333333333337,0.8469889163970947,5
squad_143,qwen2.5:1.5b,0.0,0.842282235622406,5
squad_143,gemma2:2b,1.0,0.9865216016769409,5
squad_144,qwen2.5:1.5b,0.22222222222222224,0.8782546520233154,5
squad_144,gemma2:2b,0.15999999999999998,0.8643642663955688,5
squad_145,qwen2.5:1.5b,0.2222222222222222,0.9217997789382935,5
squad_145,gemma2:2b,1.0,0.9895876049995422,5
squad_146,qwen2.5:1.5b,0.2666666666666667,0.8759751319885254,5
squad_146,gemma2:2b,0.47058823529411764,0.9029232263565063,5
squad_147,qwen2.5:1.5b,0.16666666666666669,0.8826205134391785,5
squad_147,gemma2:2b,0.16666666666666669,0.8826205134391785,5
squad_148,qwen2.5:1.5b,0.2222222222222222,0.8472733497619629,5
squad_148,gemma2:2b,0.23529411764705882,0.8502658009529114,5
squad_149,qwen2.5:1.5b,0.05128205128205127,0.8419895172119141,5
squad_149,gemma2:2b,0.33333333333333337,0.8658986687660217,5
openbookqa_0,qwen2.5:1.5b,0.0,0.8485640287399292,4
openbookqa_0,gemma2:2b,0.0,0.848945140838623,4
openbookqa_1,qwen2.5:1.5b,0.2,0.8878021836280823,5
openbookqa_1,gemma2:2b,0.1111111111111111,0.8753027319908142,4
openbookqa_2,qwen2.5:1.5b,0.0,0.8325251340866089,5
openbookqa_2,gemma2:2b,0.0,0.8559373021125793,5
openbookqa_3,qwen2.5:1.5b,0.06666666666666667,0.8459077477455139,5
openbookqa_3,gemma2:2b,0.07692307692307691,0.8315370678901672,5
openbookqa_4,qwen2.5:1.5b,0.0,0.7957601547241211,5
openbookqa_4,gemma2:2b,0.0,0.7994785308837891,5
openbookqa_5,qwen2.5:1.5b,0.0588235294117647,0.801843523979187,5
openbookqa_5,gemma2:2b,0.16666666666666666,0.8576885461807251,4
openbookqa_6,qwen2.5:1.5b,0.037037037037037035,0.8324231505393982,5
openbookqa_6,gemma2:2b,0.06451612903225805,0.8305909633636475,5
openbookqa_7,qwen2.5:1.5b,0.0,0.8526210188865662,5
openbookqa_7,gemma2:2b,0.0,0.8248463273048401,5
openbookqa_8,qwen2.5:1.5b,0.15384615384615383,0.8676145076751709,5
openbookqa_8,gemma2:2b,0.15384615384615383,0.8666465282440186,5
openbookqa_9,qwen2.5:1.5b,0.0,0.8544121384620667,5
openbookqa_9,gemma2:2b,0.0,0.8375873565673828,5
openbookqa_10,qwen2.5:1.5b,0.0,0.8049642443656921,4
openbookqa_10,gemma2:2b,0.0,0.8401049971580505,4
openbookqa_11,qwen2.5:1.5b,0.0,0.8201556205749512,4
openbookqa_11,gemma2:2b,0.0,0.8112194538116455,4
openbookqa_12,qwen2.5:1.5b,0.0,0.8615368008613586,5
openbookqa_12,gemma2:2b,0.0,0.904786229133606,5
openbookqa_13,qwen2.5:1.5b,0.0,0.791068434715271,5
openbookqa_13,gemma2:2b,0.07692307692307693,0.7911399006843567,5
openbookqa_14,qwen2.5:1.5b,0.0,0.7872934341430664,2
openbookqa_14,gemma2:2b,0.0,0.778322160243988,5
openbookqa_15,qwen2.5:1.5b,0.0,0.857852041721344,5
openbookqa_15,gemma2:2b,0.18181818181818182,0.8477938771247864,5
openbookqa_16,qwen2.5:1.5b,0.0,0.8719537854194641,5
openbookqa_16,gemma2:2b,0.0,0.8846908211708069,5
openbookqa_17,qwen2.5:1.5b,0.11267605633802816,0.8418091535568237,5
openbookqa_17,gemma2:2b,0.2857142857142857,0.886688232421875,4
openbookqa_18,qwen2.5:1.5b,0.058823529411764705,0.8541115522384644,4
openbookqa_18,gemma2:2b,0.1,0.8601239323616028,1
openbookqa_19,qwen2.5:1.5b,0.06666666666666667,0.8107060194015503,4
openbookqa_19,gemma2:2b,0.0,0.8460437059402466,4
openbookqa_20,qwen2.5:1.5b,0.03773584905660377,0.8346858024597168,5
openbookqa_20,gemma2:2b,0.16666666666666666,0.8609978556632996,5
openbookqa_21,qwen2.5:1.5b,0.0,0.8537454605102539,5
openbookqa_21,gemma2:2b,0.0,0.8935849666595459,4
openbookqa_22,qwen2.5:1.5b,0.16666666666666669,0.8522337079048157,4
openbookqa_22,gemma2:2b,0.2,0.8370311856269836,4
openbookqa_23,qwen2.5:1.5b,0.0,0.7534704804420471,5
openbookqa_23,gemma2:2b,0.0,0.7812782526016235,5
openbookqa_24,qwen2.5:1.5b,0.0,0.8231009244918823,5
openbookqa_24,gemma2:2b,0.0,0.8254382014274597,5
openbookqa_25,qwen2.5:1.5b,0.0,0.8612393736839294,5
openbookqa_25,gemma2:2b,0.0,0.8476270437240601,5
openbookqa_26,qwen2.5:1.5b,0.0,0.8374887108802795,4
openbookqa_26,gemma2:2b,0.0,0.8556466102600098,4
openbookqa_27,qwen2.5:1.5b,0.0,0.8562488555908203,5
openbookqa_27,gemma2:2b,0.0,0.8485366702079773,5
openbookqa_28,qwen2.5:1.5b,0.0759493670886076,0.8445439338684082,5
openbookqa_28,gemma2:2b,0.07407407407407407,0.8493940234184265,5
openbookqa_29,qwen2.5:1.5b,0.03636363636363636,0.8485680818557739,5
openbookqa_29,gemma2:2b,0.13793103448275865,0.8617197275161743,5
openbookqa_30,qwen2.5:1.5b,0.0,0.8270102739334106,4
openbookqa_30,gemma2:2b,0.0,0.8194599151611328,4
openbookqa_31,qwen2.5:1.5b,0.0,0.823014497756958,5
openbookqa_31,gemma2:2b,0.0,0.8843162655830383,4
openbookqa_32,qwen2.5:1.5b,0.0,0.9150753617286682,5
openbookqa_32,gemma2:2b,0.0,0.9008861780166626,5
openbookqa_33,qwen2.5:1.5b,0.0425531914893617,0.8652101159095764,5
openbookqa_33,gemma2:2b,0.0625,0.8683586120605469,5
openbookqa_34,qwen2.5:1.5b,0.11428571428571428,0.8513298034667969,5
openbookqa_34,gemma2:2b,0.25,0.8546664118766785,5
openbookqa_35,qwen2.5:1.5b,0.0,0.8138307332992554,5
openbookqa_35,gemma2:2b,0.0,0.842707097530365,5
openbookqa_36,qwen2.5:1.5b,0.1904761904761905,0.8497636318206787,4
openbookqa_36,gemma2:2b,0.25,0.8534843325614929,5
openbookqa_37,qwen2.5:1.5b,0.07142857142857142,0.8515271544456482,5
openbookqa_37,gemma2:2b,0.08333333333333333,0.8450394868850708,5
openbookqa_38,qwen2.5:1.5b,0.0,0.8485082387924194,4
openbookqa_38,gemma2:2b,0.0,0.8830994963645935,5
openbookqa_39,qwen2.5:1.5b,0.0,0.8189851641654968,4
openbookqa_39,gemma2:2b,0.0,0.8111343383789062,5
openbookqa_40,qwen2.5:1.5b,0.006944444444444445,0.7560453414916992,5
openbookqa_40,gemma2:2b,0.029411764705882353,0.7753447890281677,5
openbookqa_41,qwen2.5:1.5b,0.0,0.8487034440040588,4
openbookqa_41,gemma2:2b,0.0,0.7905970811843872,5
openbookqa_42,qwen2.5:1.5b,0.04444444444444444,0.8267703652381897,5
openbookqa_42,gemma2:2b,0.0,0.8371173739433289,5
openbookqa_43,qwen2.5:1.5b,0.0,0.8284289240837097,4
openbookqa_43,gemma2:2b,0.0,0.8225269317626953,4
openbookqa_44,qwen2.5:1.5b,0.0,0.8079244494438171,2
openbookqa_44,gemma2:2b,0.0,0.8455749154090881,4
openbookqa_45,qwen2.5:1.5b,0.0,0.8150463104248047,5
openbookqa_45,gemma2:2b,0.0,0.8183177709579468,5
openbookqa_46,qwen2.5:1.5b,0.0,0.8441040515899658,4
openbookqa_46,gemma2:2b,0.0,0.8359478712081909,5
openbookqa_47,qwen2.5:1.5b,0.03773584905660377,0.8110281825065613,5
openbookqa_47,gemma2:2b,0.11764705882352942,0.8212683796882629,5
openbookqa_48,qwen2.5:1.5b,0.16666666666666666,0.8860153555870056,4
openbookqa_48,gemma2:2b,0.0,0.9057155847549438,5
openbookqa_49,qwen2.5:1.5b,0.0,0.8278981447219849,4
openbookqa_49,gemma2:2b,0.0,0.8598749041557312,5
openbookqa_50,qwen2.5:1.5b,0.0,0.8401937484741211,5
openbookqa_50,gemma2:2b,0.0,0.8401937484741211,5
openbookqa_51,qwen2.5:1.5b,0.0,0.8590361475944519,4
openbookqa_51,gemma2:2b,0.3333333333333333,0.8983011245727539,5
openbookqa_52,qwen2.5:1.5b,0.0,0.8093076944351196,4
openbookqa_52,gemma2:2b,0.0,0.8433193564414978,4
openbookqa_53,qwen2.5:1.5b,0.0,0.8222174644470215,5
openbookqa_53,gemma2:2b,0.0,0.8414812684059143,4
openbookqa_54,qwen2.5:1.5b,0.13333333333333333,0.8788034915924072,3
openbookqa_54,gemma2:2b,0.0,0.8904760479927063,5
openbookqa_55,qwen2.5:1.5b,0.28571428571428575,0.9138845801353455,4
openbookqa_55,gemma2:2b,0.04444444444444445,0.8264511227607727,5
openbookqa_56,qwen2.5:1.5b,0.17391304347826086,0.8525040745735168,5
openbookqa_56,gemma2:2b,0.0425531914893617,0.8104511499404907,5
openbookqa_57,qwen2.5:1.5b,0.05333333333333334,0.8160132765769958,5
openbookqa_57,gemma2:2b,0.11764705882352941,0.8315673470497131,1
openbookqa_58,qwen2.5:1.5b,0.020618556701030927,0.8287972807884216,5
openbookqa_58,gemma2:2b,0.0,0.8710286021232605,4
openbookqa_59,qwen2.5:1.5b,0.0,0.8279046416282654,5
openbookqa_59,gemma2:2b,0.0,0.8004173040390015,5
openbookqa_60,qwen2.5:1.5b,0.0,0.827411413192749,5
openbookqa_60,gemma2:2b,0.0,0.842383086681366,4
openbookqa_61,qwen2.5:1.5b,0.0,0.8817477822303772,5
openbookqa_61,gemma2:2b,0.0,0.8817477822303772,5
openbookqa_62,qwen2.5:1.5b,0.0,0.9015915989875793,5
openbookqa_62,gemma2:2b,0.0,0.8816322684288025,4
openbookqa_63,qwen2.5:1.5b,0.0697674418604651,0.8468450307846069,5
openbookqa_63,gemma2:2b,0.10526315789473685,0.8623827695846558,4
openbookqa_64,qwen2.5:1.5b,0.2962962962962963,0.8824717998504639,5
openbookqa_64,gemma2:2b,0.0,0.856341540813446,5
openbookqa_65,qwen2.5:1.5b,0.08888888888888888,0.8370540142059326,5
openbookqa_65,gemma2:2b,0.2105263157894737,0.8596897125244141,5
openbookqa_66,qwen2.5:1.5b,0.1568627450980392,0.8620920777320862,4
openbookqa_66,gemma2:2b,0.25000000000000006,0.8683682084083557,4
openbookqa_67,qwen2.5:1.5b,0.0,0.8812099695205688,5
openbookqa_67,gemma2:2b,0.0,0.8534011840820312,5
openbookqa_68,qwen2.5:1.5b,0.0,0.8245412111282349,5
openbookqa_68,gemma2:2b,0.0,0.8210446834564209,5
openbookqa_69,qwen2.5:1.5b,0.1111111111111111,0.872992753982544,5
openbookqa_69,gemma2:2b,0.12500000000000003,0.8276373147964478,5
openbookqa_70,qwen2.5:1.5b,0.14814814814814817,0.8695746660232544,5
openbookqa_70,gemma2:2b,0.0,0.8987081050872803,4
openbookqa_71,qwen2.5:1.5b,0.0,0.8572121262550354,5
openbookqa_71,gemma2:2b,0.0,0.8605144023895264,5
openbookqa_72,qwen2.5:1.5b,0.06666666666666667,0.8335980772972107,5
openbookqa_72,gemma2:2b,0.2,0.8269569277763367,1
openbookqa_73,qwen2.5:1.5b,0.0,0.8277219533920288,5
openbookqa_73,gemma2:2b,0.0,0.8292374610900879,5
openbookqa_74,qwen2.5:1.5b,0.0,0.8332239389419556,3
openbookqa_74,gemma2:2b,0.0,0.8363440632820129,5
openbookqa_75,qwen2.5:1.5b,0.0,0.8443636298179626,4
openbookqa_75,gemma2:2b,0.0,0.8323298096656799,5
openbookqa_76,qwen2.5:1.5b,0.2222222222222222,0.8675758838653564,4
openbookqa_76,gemma2:2b,0.1111111111111111,0.8585253953933716,5
openbookqa_77,qwen2.5:1.5b,0.030303030303030307,0.8443897366523743,5
openbookqa_77,gemma2:2b,0.22222222222222218,0.8629790544509888,5
openbookqa_78,qwen2.5:1.5b,0.0,0.7944101691246033,5
openbookqa_78,gemma2:2b,0.0,0.8169485330581665,5
openbookqa_79,qwen2.5:1.5b,0.0,0.8231720924377441,5
openbookqa_79,gemma2:2b,0.0,0.8459053039550781,4
openbookqa_80,qwen2.5:1.5b,0.0396039603960396,0.8220388293266296,5
openbookqa_80,gemma2:2b,0.0,0.8632813692092896,5
openbookqa_81,qwen2.5:1.5b,0.3243243243243243,0.8785610795021057,5
openbookqa_81,gemma2:2b,0.2857142857142857,0.8897658586502075,5
openbookqa_82,qwen2.5:1.5b,0.0,0.8329037427902222,5
openbookqa_82,gemma2:2b,0.08333333333333333,0.8066151738166809,5
openbookqa_83,qwen2.5:1.5b,0.016129032258064516,0.8032016754150391,4
openbookqa_83,gemma2:2b,0.0,0.8683701753616333,4
openbookqa_84,qwen2.5:1.5b,0.0,0.8748295307159424,5
openbookqa_84,gemma2:2b,0.0,0.8241555690765381,5
openbookqa_85,qwen2.5:1.5b,0.03225806451612903,0.8234016299247742,4
openbookqa_85,gemma2:2b,0.0,0.8122368454933167,4
openbookqa_86,qwen2.5:1.5b,0.0,0.7884050011634827,5
openbookqa_86,gemma2:2b,0.0,0.8004767298698425,5
openbookqa_87,qwen2.5:1.5b,0.1818181818181818,0.8981433510780334,4
openbookqa_87,gemma2:2b,0.2857142857142857,0.879327654838562,5
openbookqa_88,qwen2.5:1.5b,0.0,0.8544339537620544,5
openbookqa_88,gemma2:2b,0.0,0.8759923577308655,5
openbookqa_89,qwen2.5:1.5b,0.0,0.7900328040122986,5
openbookqa_89,gemma2:2b,0.0,0.8094387650489807,4
openbookqa_90,qwen2.5:1.5b,0.14285714285714285,0.8652923107147217,5
openbookqa_90,gemma2:2b,0.1111111111111111,0.8404657244682312,5
openbookqa_91,qwen2.5:1.5b,0.0,0.8213953375816345,5
openbookqa_91,gemma2:2b,0.0,0.8071093559265137,5
openbookqa_92,qwen2.5:1.5b,0.025974025974025976,0.8412559628486633,5
openbookqa_92,gemma2:2b,0.0,0.8786590695381165,4
openbookqa_93,qwen2.5:1.5b,0.07692307692307691,0.8573682308197021,5
openbookqa_93,gemma2:2b,0.11764705882352941,0.8511658906936646,4
openbookqa_94,qwen2.5:1.5b,0.16666666666666666,0.8887439966201782,4
openbookqa_94,gemma2:2b,0.18181818181818182,0.9052528142929077,4
openbookqa_95,qwen2.5:1.5b,0.0,0.8180047273635864,5
openbookqa_95,gemma2:2b,0.0,0.8192256689071655,5
openbookqa_96,qwen2.5:1.5b,0.0,0.8381757140159607,4
openbookqa_96,gemma2:2b,0.0,0.829095721244812,4
openbookqa_97,qwen2.5:1.5b,0.05063291139240507,0.8202098608016968,5
openbookqa_97,gemma2:2b,0.5714285714285715,0.8578411340713501,5
openbookqa_98,qwen2.5:1.5b,0.07999999999999999,0.8646759390830994,5
openbookqa_98,gemma2:2b,0.03636363636363636,0.820187509059906,5
openbookqa_99,qwen2.5:1.5b,0.0,0.8491300344467163,5
openbookqa_99,gemma2:2b,0.0,0.7898738980293274,5
openbookqa_100,qwen2.5:1.5b,0.045454545454545456,0.8338590860366821,5
openbookqa_100,gemma2:2b,0.10526315789473682,0.8339968323707581,5
openbookqa_101,qwen2.5:1.5b,0.0,0.8414004445075989,4
openbookqa_101,gemma2:2b,0.0,0.8208658695220947,5
openbookqa_102,qwen2.5:1.5b,0.0,0.8421505093574524,1
openbookqa_102,gemma2:2b,0.2,0.8672108054161072,5
openbookqa_103,qwen2.5:1.5b,0.0,0.8785675764083862,5
openbookqa_103,gemma2:2b,0.0,0.8442391753196716,5
openbookqa_104,qwen2.5:1.5b,0.0,0.8868672251701355,5
openbookqa_104,gemma2:2b,0.0,0.8633435964584351,5
openbookqa_105,qwen2.5:1.5b,0.06896551724137931,0.8674875497817993,5
openbookqa_105,gemma2:2b,0.10526315789473685,0.857789933681488,5
openbookqa_106,qwen2.5:1.5b,0.0,0.8720612525939941,4
openbookqa_106,gemma2:2b,0.0,0.8642385601997375,4
openbookqa_107,qwen2.5:1.5b,0.0,0.8609656095504761,5
openbookqa_107,gemma2:2b,0.0,0.8636696934700012,5
openbookqa_108,qwen2.5:1.5b,0.0,0.8586946725845337,5
openbookqa_108,gemma2:2b,0.0,0.8629098534584045,5
openbookqa_109,qwen2.5:1.5b,0.0,0.8721407651901245,4
openbookqa_109,gemma2:2b,0.0,0.858953595161438,5
openbookqa_110,qwen2.5:1.5b,0.0,0.8439844846725464,4
openbookqa_110,gemma2:2b,0.0,0.878833532333374,4
openbookqa_111,qwen2.5:1.5b,0.0,0.8511043787002563,5
openbookqa_111,gemma2:2b,0.0,0.8455291390419006,5
openbookqa_112,qwen2.5:1.5b,0.0,0.9064046144485474,5
openbookqa_112,gemma2:2b,0.0,0.9064046740531921,5
openbookqa_113,qwen2.5:1.5b,0.0,0.824765145778656,4
openbookqa_113,gemma2:2b,0.14285714285714288,0.8198198676109314,5
openbookqa_114,qwen2.5:1.5b,0.08823529411764706,0.8313809633255005,5
openbookqa_114,gemma2:2b,0.0,0.8065345287322998,5
openbookqa_115,qwen2.5:1.5b,0.05128205128205128,0.8237403035163879,5
openbookqa_115,gemma2:2b,0.13333333333333333,0.8553637862205505,4
openbookqa_116,qwen2.5:1.5b,0.15384615384615385,0.8519172072410583,4
openbookqa_116,gemma2:2b,0.0,0.9155314564704895,5
openbookqa_117,qwen2.5:1.5b,0.0,0.8315726518630981,4
openbookqa_117,gemma2:2b,0.0,0.8038696050643921,5
openbookqa_118,qwen2.5:1.5b,0.0,0.8350986242294312,4
openbookqa_118,gemma2:2b,0.0,0.8337371349334717,4
openbookqa_119,qwen2.5:1.5b,0.016260162601626015,0.8145655393600464,5
openbookqa_119,gemma2:2b,0.0,0.7980567216873169,4
openbookqa_120,qwen2.5:1.5b,0.0,0.8017191886901855,5
openbookqa_120,gemma2:2b,0.0,0.8031189441680908,5
openbookqa_121,qwen2.5:1.5b,0.02985074626865672,0.814914882183075,5
openbookqa_121,gemma2:2b,0.0,0.8086620569229126,4
openbookqa_122,qwen2.5:1.5b,0.0,0.8482002019882202,5
openbookqa_122,gemma2:2b,0.0,0.827629566192627,5
openbookqa_123,qwen2.5:1.5b,0.01801801801801802,0.8033866286277771,5
openbookqa_123,gemma2:2b,0.0,0.8323267102241516,5
openbookqa_124,qwen2.5:1.5b,0.0,0.9030228853225708,4
openbookqa_124,gemma2:2b,0.0,0.8737084269523621,4
openbookqa_125,qwen2.5:1.5b,0.0,0.8594552874565125,5
openbookqa_125,gemma2:2b,0.0,0.8198076486587524,5
openbookqa_126,qwen2.5:1.5b,0.13333333333333333,0.8354812264442444,4
openbookqa_126,gemma2:2b,0.3076923076923077,0.8863422274589539,4
openbookqa_127,qwen2.5:1.5b,0.0,0.8405802249908447,5
openbookqa_127,gemma2:2b,0.05555555555555556,0.8044611811637878,5
openbookqa_128,qwen2.5:1.5b,0.05405405405405405,0.8250032067298889,5
openbookqa_128,gemma2:2b,0.0,0.835390567779541,5
openbookqa_129,qwen2.5:1.5b,0.0975609756097561,0.8528158068656921,4
openbookqa_129,gemma2:2b,0.0,0.8530762791633606,5
openbookqa_130,qwen2.5:1.5b,0.0,0.8553059101104736,5
openbookqa_130,gemma2:2b,0.0,0.8418515920639038,4
openbookqa_131,qwen2.5:1.5b,0.0,0.8598548173904419,4
openbookqa_131,gemma2:2b,0.0,0.8446619510650635,4
openbookqa_132,qwen2.5:1.5b,0.08333333333333333,0.8257400989532471,4
openbookqa_132,gemma2:2b,0.1111111111111111,0.846253514289856,4
openbookqa_133,qwen2.5:1.5b,0.0,0.8118551969528198,2
openbookqa_133,gemma2:2b,0.0,0.8479013442993164,4
openbookqa_134,qwen2.5:1.5b,0.0,0.8137349486351013,5
openbookqa_134,gemma2:2b,0.0,0.800502359867096,1
openbookqa_135,qwen2.5:1.5b,0.0,0.7896888256072998,5
openbookqa_135,gemma2:2b,0.0,0.7828639149665833,5
openbookqa_136,qwen2.5:1.5b,0.0,0.8382248878479004,5
openbookqa_136,gemma2:2b,0.0,0.8281453251838684,4
openbookqa_137,qwen2.5:1.5b,0.09523809523809525,0.8623932600021362,4
openbookqa_137,gemma2:2b,0.0,0.8225591778755188,4
openbookqa_138,qwen2.5:1.5b,0.0,0.7982728481292725,5
openbookqa_138,gemma2:2b,0.0,0.8168424367904663,4
openbookqa_139,qwen2.5:1.5b,0.0,0.8531383872032166,5
openbookqa_139,gemma2:2b,0.0,0.8296624422073364,5
openbookqa_140,qwen2.5:1.5b,0.0,0.8533552885055542,5
openbookqa_140,gemma2:2b,0.0,0.8851274847984314,5
openbookqa_141,qwen2.5:1.5b,0.10526315789473684,0.839499831199646,5
openbookqa_141,gemma2:2b,0.0,0.8808040022850037,5
openbookqa_142,qwen2.5:1.5b,0.16666666666666669,0.8886972665786743,4
openbookqa_142,gemma2:2b,0.1818181818181818,0.8786776065826416,4
openbookqa_143,qwen2.5:1.5b,0.028985507246376812,0.8113338947296143,4
openbookqa_143,gemma2:2b,0.13333333333333333,0.8555750250816345,5
openbookqa_144,qwen2.5:1.5b,0.16216216216216214,0.8379188179969788,5
openbookqa_144,gemma2:2b,0.1935483870967742,0.8371375799179077,5
openbookqa_145,qwen2.5:1.5b,0.0,0.8058562278747559,5
openbookqa_145,gemma2:2b,0.0,0.8210063576698303,5
openbookqa_146,qwen2.5:1.5b,0.0,0.8071030974388123,5
openbookqa_146,gemma2:2b,0.0,0.7992281913757324,5
openbookqa_147,qwen2.5:1.5b,0.2,0.8512506484985352,5
openbookqa_147,gemma2:2b,0.14285714285714288,0.8319816589355469,4
openbookqa_148,qwen2.5:1.5b,0.0,0.855937123298645,5
openbookqa_148,gemma2:2b,0.05263157894736842,0.8289050459861755,5
openbookqa_149,qwen2.5:1.5b,0.21052631578947364,0.8809862732887268,4
sciq_1,openai/gpt-oss-120b,1.0,0.9474281072616577,4
sciq_2,openai/gpt-oss-120b,0.6666666666666666,0.8871822953224182,2
sciq_3,openai/gpt-oss-120b,0.08695652173913045,0.7997775077819824,5
sciq_4,openai/gpt-oss-120b,1.0,0.9873170256614685,5
sciq_5,openai/gpt-oss-120b,1.0,0.990732729434967,5
sciq_6,openai/gpt-oss-120b,0.0,0.8589861989021301,5
sciq_7,openai/gpt-oss-120b,1.0,0.899578869342804,5
sciq_8,openai/gpt-oss-120b,1.0,0.9069156050682068,5
sciq_9,openai/gpt-oss-120b,1.0,0.9799332022666931,5
sciq_10,openai/gpt-oss-120b,0.2222222222222222,0.8103543519973755,5
sciq_11,openai/gpt-oss-120b,0.25,0.8114864826202393,4
sciq_12,openai/gpt-oss-120b,0.0,0.8355295062065125,5
sciq_13,openai/gpt-oss-120b,0.2222222222222222,0.8272296786308289,5
sciq_14,openai/gpt-oss-120b,0.8,0.9261022806167603,5
sciq_15,openai/gpt-oss-120b,0.0,0.8286727070808411,4
sciq_16,openai/gpt-oss-120b,0.6,0.8777135014533997,5
sciq_17,openai/gpt-oss-120b,0.0,0.9994130730628967,5
sciq_18,openai/gpt-oss-120b,1.0,0.9869561195373535,5
sciq_19,openai/gpt-oss-120b,0.0,0.795788049697876,4
sciq_20,openai/gpt-oss-120b,1.0,0.9303683042526245,5
sciq_21,openai/gpt-oss-120b,1.0,0.9586652517318726,5
sciq_22,openai/gpt-oss-120b,1.0,0.8790386915206909,5
sciq_23,openai/gpt-oss-120b,1.0,0.9284563660621643,5
sciq_24,openai/gpt-oss-120b,0.33333333333333337,0.8255113959312439,5
sciq_25,openai/gpt-oss-120b,0.19999999999999998,0.8085637092590332,5
sciq_26,openai/gpt-oss-120b,0.5714285714285715,0.9068142175674438,5
sciq_27,openai/gpt-oss-120b,0.6666666666666666,0.8924288749694824,5
sciq_28,openai/gpt-oss-120b,0.7272727272727273,0.9563081860542297,4
sciq_29,openai/gpt-oss-120b,0.0,0.7938640117645264,1
sciq_30,openai/gpt-oss-120b,0.42857142857142855,0.9020693302154541,5
sciq_31,openai/gpt-oss-120b,0.5,0.8893020153045654,5
sciq_32,openai/gpt-oss-120b,0.2857142857142857,0.8192853927612305,5
sciq_33,openai/gpt-oss-120b,0.0,0.789241373538971,1
sciq_34,openai/gpt-oss-120b,1.0,0.9715174436569214,5
sciq_35,openai/gpt-oss-120b,0.18181818181818182,0.8071116805076599,5
sciq_36,openai/gpt-oss-120b,0.5,0.9212879538536072,4
sciq_37,openai/gpt-oss-120b,0.19999999999999998,0.8190593123435974,5
sciq_38,openai/gpt-oss-120b,0.5454545454545454,0.8925350904464722,5
sciq_39,openai/gpt-oss-120b,0.4,0.8574663400650024,5
sciq_40,openai/gpt-oss-120b,0.0,0.8421961665153503,1
sciq_41,openai/gpt-oss-120b,1.0,0.9798088073730469,5
sciq_42,openai/gpt-oss-120b,0.6666666666666666,0.8788193464279175,5
sciq_43,openai/gpt-oss-120b,1.0,0.8755243420600891,5
sciq_44,openai/gpt-oss-120b,1.0,0.8898200988769531,5
sciq_45,openai/gpt-oss-120b,1.0,0.9183223843574524,5
sciq_46,openai/gpt-oss-120b,1.0,0.9516832232475281,5
sciq_47,openai/gpt-oss-120b,0.6666666666666666,0.8820160031318665,4
sciq_48,openai/gpt-oss-120b,1.0,0.9560795426368713,5
sciq_49,openai/gpt-oss-120b,0.8,0.8980872631072998,5
sciq_50,openai/gpt-oss-120b,0.8,0.9033861756324768,5
sciq_51,openai/gpt-oss-120b,1.0,0.983072817325592,5
sciq_52,openai/gpt-oss-120b,1.0,0.9172287583351135,5
sciq_53,openai/gpt-oss-120b,0.8571428571428571,0.9400548338890076,5
sciq_54,openai/gpt-oss-120b,0.3529411764705882,0.8824084401130676,4
sciq_55,openai/gpt-oss-120b,1.0,0.9677219390869141,5
sciq_56,openai/gpt-oss-120b,1.0,0.9753521680831909,5
sciq_57,openai/gpt-oss-120b,0.0,0.8128272891044617,1
sciq_58,openai/gpt-oss-120b,0.6666666666666666,0.9393753409385681,5
sciq_59,openai/gpt-oss-120b,0.0,0.7905452251434326,2
sciq_60,openai/gpt-oss-120b,0.0,0.8300434350967407,5
sciq_61,openai/gpt-oss-120b,0.14285714285714288,0.886263906955719,4
sciq_62,openai/gpt-oss-120b,1.0,0.8559384346008301,5
sciq_63,openai/gpt-oss-120b,1.0,0.9804127216339111,5
sciq_64,openai/gpt-oss-120b,0.19999999999999998,0.8211986422538757,5
sciq_65,openai/gpt-oss-120b,1.0,0.9864277243614197,5
sciq_66,openai/gpt-oss-120b,1.0,0.8854204416275024,5
sciq_67,openai/gpt-oss-120b,1.0,0.8804820775985718,4
sciq_68,openai/gpt-oss-120b,0.11764705882352941,0.8131235837936401,5
sciq_69,openai/gpt-oss-120b,0.8,0.9221657514572144,5
sciq_70,openai/gpt-oss-120b,0.19999999999999998,0.8184261322021484,5
sciq_71,openai/gpt-oss-120b,1.0,0.9319028854370117,5
sciq_72,openai/gpt-oss-120b,0.6666666666666666,0.9104811549186707,5
sciq_73,openai/gpt-oss-120b,1.0,0.842229425907135,5
sciq_74,openai/gpt-oss-120b,0.6666666666666666,0.8590123057365417,5
sciq_75,openai/gpt-oss-120b,0.0,0.8239685893058777,1
sciq_76,openai/gpt-oss-120b,0.22222222222222224,0.8645250201225281,4
sciq_77,openai/gpt-oss-120b,1.0,0.9887146949768066,5
sciq_78,openai/gpt-oss-120b,0.0,0.8045142889022827,1
sciq_79,openai/gpt-oss-120b,1.0,0.8790386915206909,5
sciq_80,openai/gpt-oss-120b,0.0,0.7993164658546448,5
sciq_81,openai/gpt-oss-120b,0.14285714285714288,0.8135859966278076,4
sciq_82,openai/gpt-oss-120b,1.0,0.8861278891563416,5
sciq_83,openai/gpt-oss-120b,0.2857142857142857,0.8465219140052795,2
sciq_84,openai/gpt-oss-120b,0.21052631578947367,0.8436495065689087,4
sciq_85,openai/gpt-oss-120b,0.6666666666666666,0.9299922585487366,5
sciq_86,openai/gpt-oss-120b,0.33333333333333337,0.8428096175193787,5
sciq_87,openai/gpt-oss-120b,0.5714285714285715,0.9114986062049866,5
sciq_88,openai/gpt-oss-120b,0.3333333333333333,0.8200704455375671,5
sciq_89,openai/gpt-oss-120b,0.18181818181818182,0.8154298067092896,5
sciq_90,openai/gpt-oss-120b,0.6666666666666666,0.9064270257949829,4
sciq_91,openai/gpt-oss-120b,0.2222222222222222,0.8279660940170288,5
sciq_92,openai/gpt-oss-120b,0.6666666666666666,0.8773112893104553,5
sciq_93,openai/gpt-oss-120b,0.18181818181818182,0.8118394613265991,5
sciq_94,openai/gpt-oss-120b,1.0,0.8722555041313171,5
sciq_95,openai/gpt-oss-120b,0.13333333333333333,0.8066497445106506,5
sciq_96,openai/gpt-oss-120b,1.0,0.9898424744606018,5
sciq_97,openai/gpt-oss-120b,1.0,0.9697418212890625,5
sciq_98,openai/gpt-oss-120b,0.0,0.8086440563201904,5
sciq_99,openai/gpt-oss-120b,1.0,0.9831354022026062,5
sciq_100,openai/gpt-oss-120b,0.2857142857142857,0.8686854839324951,5
sciq_101,openai/gpt-oss-120b,0.6666666666666666,0.876158595085144,4
sciq_102,openai/gpt-oss-120b,0.8,0.8932982683181763,4
sciq_103,openai/gpt-oss-120b,0.07407407407407407,0.7955514788627625,4
sciq_104,openai/gpt-oss-120b,1.0,0.983795166015625,5
sciq_105,openai/gpt-oss-120b,1.0,0.899578869342804,5
sciq_106,openai/gpt-oss-120b,1.0,0.9578607082366943,5
sciq_107,openai/gpt-oss-120b,0.2222222222222222,0.796712338924408,5
sciq_108,openai/gpt-oss-120b,1.0,0.906513512134552,5
sciq_109,openai/gpt-oss-120b,0.6666666666666666,0.910199761390686,5
sciq_110,openai/gpt-oss-120b,0.33333333333333337,0.848728597164154,5
sciq_111,openai/gpt-oss-120b,0.6666666666666666,0.881803572177887,5
sciq_112,openai/gpt-oss-120b,1.0,0.9280309677124023,5
sciq_113,openai/gpt-oss-120b,0.4,0.8963653445243835,5
sciq_114,openai/gpt-oss-120b,0.5,0.9117863774299622,5
sciq_115,openai/gpt-oss-120b,0.4,0.8531261682510376,4
sciq_116,openai/gpt-oss-120b,0.6666666666666666,0.8690225481987,5
sciq_117,openai/gpt-oss-120b,0.05882352941176471,0.7767311334609985,2
sciq_118,openai/gpt-oss-120b,1.0,0.8602132797241211,5
sciq_119,openai/gpt-oss-120b,1.0,0.9864340424537659,5
sciq_120,openai/gpt-oss-120b,0.125,0.8113573789596558,5
sciq_121,openai/gpt-oss-120b,0.2222222222222222,0.8459684252738953,5
sciq_122,openai/gpt-oss-120b,1.0,0.8797326683998108,5
sciq_123,openai/gpt-oss-120b,1.0,0.8925162553787231,5
sciq_124,openai/gpt-oss-120b,0.4,0.8303570747375488,4
sciq_125,openai/gpt-oss-120b,1.0,0.8870853781700134,5
sciq_126,openai/gpt-oss-120b,0.0,0.7649617195129395,1
sciq_127,openai/gpt-oss-120b,1.0,0.9247250556945801,5
sciq_128,openai/gpt-oss-120b,0.6666666666666666,0.8441821932792664,4
sciq_129,openai/gpt-oss-120b,0.19999999999999998,0.7903853058815002,5
sciq_130,openai/gpt-oss-120b,1.0,0.9513378739356995,5
sciq_131,openai/gpt-oss-120b,0.4615384615384615,0.8432130217552185,4
sciq_132,openai/gpt-oss-120b,0.6666666666666666,0.8721301555633545,5
sciq_133,openai/gpt-oss-120b,1.0,0.8517248630523682,5
sciq_134,openai/gpt-oss-120b,1.0,0.9791311621665955,5
sciq_135,openai/gpt-oss-120b,0.6666666666666666,0.9491704106330872,5
sciq_136,openai/gpt-oss-120b,0.33333333333333337,0.8251635432243347,4
sciq_137,openai/gpt-oss-120b,0.25,0.8408706784248352,5
sciq_138,openai/gpt-oss-120b,1.0,0.9922149181365967,5
sciq_139,openai/gpt-oss-120b,1.0,0.9499593377113342,5
sciq_140,openai/gpt-oss-120b,0.5,0.859696626663208,5
sciq_141,openai/gpt-oss-120b,1.0,0.9649443030357361,5
sciq_142,openai/gpt-oss-120b,0.5714285714285715,0.8614181876182556,5
sciq_143,openai/gpt-oss-120b,0.125,0.8464822769165039,5
sciq_144,openai/gpt-oss-120b,0.33333333333333337,0.8600815534591675,5
sciq_145,openai/gpt-oss-120b,0.3636363636363636,0.8399317860603333,5
sciq_146,openai/gpt-oss-120b,0.8,0.9208968877792358,4
sciq_147,openai/gpt-oss-120b,0.19999999999999998,0.8215969800949097,4
sciq_148,openai/gpt-oss-120b,0.5,0.8299171328544617,5
sciq_149,openai/gpt-oss-120b,1.0,0.9177988171577454,5
race_0,openai/gpt-oss-120b,0.08695652173913043,0.8471969962120056,2
race_1,openai/gpt-oss-120b,0.15384615384615385,0.8445634245872498,1
race_2,openai/gpt-oss-120b,0.0,0.8615218997001648,1
race_3,openai/gpt-oss-120b,0.13793103448275865,0.8612613081932068,1
race_4,openai/gpt-oss-120b,0.125,0.857869565486908,4
race_5,openai/gpt-oss-120b,0.038461538461538464,0.8253560066223145,2
race_6,openai/gpt-oss-120b,0.23529411764705882,0.839327871799469,4
race_7,openai/gpt-oss-120b,1.0,1.000000238418579,5
race_8,openai/gpt-oss-120b,0.0,0.8120878338813782,2
race_9,openai/gpt-oss-120b,1.0,1.0000001192092896,5
race_10,openai/gpt-oss-120b,0.0,0.8588351607322693,4
race_11,openai/gpt-oss-120b,0.39999999999999997,0.8920888304710388,2
race_12,openai/gpt-oss-120b,0.16666666666666666,0.8945711255073547,4
race_13,openai/gpt-oss-120b,0.16666666666666666,0.8552090525627136,2
race_14,openai/gpt-oss-120b,0.15384615384615385,0.8859536051750183,3
race_15,openai/gpt-oss-120b,0.05128205128205128,0.851969301700592,2
race_16,openai/gpt-oss-120b,0.6250000000000001,0.9387673139572144,4
race_17,openai/gpt-oss-120b,0.6666666666666666,0.8839919567108154,2
race_18,openai/gpt-oss-120b,0.41666666666666663,0.9070255160331726,4
race_19,openai/gpt-oss-120b,0.5,0.8542121052742004,5
race_20,openai/gpt-oss-120b,0.0,0.0,5
race_21,openai/gpt-oss-120b,0.09090909090909091,0.8262841701507568,1
race_22,openai/gpt-oss-120b,0.13636363636363638,0.845997154712677,2
race_23,openai/gpt-oss-120b,0.26666666666666666,0.880355715751648,1
race_24,openai/gpt-oss-120b,0.044444444444444446,0.86131751537323,4
race_25,openai/gpt-oss-120b,0.2857142857142857,0.8837810754776001,4
race_26,openai/gpt-oss-120b,0.26666666666666666,0.8981603980064392,1
race_27,openai/gpt-oss-120b,0.125,0.862945020198822,3
race_28,openai/gpt-oss-120b,0.42857142857142855,0.9335535764694214,2
race_29,openai/gpt-oss-120b,0.048780487804878044,0.8424158096313477,1
race_30,openai/gpt-oss-120b,0.0,0.8989860415458679,2
race_31,openai/gpt-oss-120b,0.21052631578947367,0.880728006362915,2
race_32,openai/gpt-oss-120b,0.0,0.8262478113174438,1
race_33,openai/gpt-oss-120b,0.0,0.8556686639785767,1
race_34,openai/gpt-oss-120b,0.0,0.8696584105491638,3
race_35,openai/gpt-oss-120b,0.3076923076923077,0.8663698434829712,2
race_36,openai/gpt-oss-120b,0.11764705882352941,0.8631000518798828,1
race_37,openai/gpt-oss-120b,0.2105263157894737,0.8494101166725159,1
race_38,openai/gpt-oss-120b,1.0,1.0,5
race_39,openai/gpt-oss-120b,1.0,0.9537940621376038,5
race_40,openai/gpt-oss-120b,1.0,0.9999997615814209,5
race_41,openai/gpt-oss-120b,0.0,0.0,2
race_42,openai/gpt-oss-120b,0.18181818181818182,0.8703324794769287,4
race_43,openai/gpt-oss-120b,1.0,1.0,5
race_44,openai/gpt-oss-120b,0.7272727272727272,0.9448249340057373,4
race_45,openai/gpt-oss-120b,1.0,0.9515177607536316,5
race_46,openai/gpt-oss-120b,0.23076923076923078,0.8858267664909363,4
race_47,openai/gpt-oss-120b,0.23529411764705882,0.9071342349052429,2
race_48,openai/gpt-oss-120b,0.33333333333333337,0.8169841766357422,5
race_49,openai/gpt-oss-120b,0.5454545454545454,0.911935567855835,5
race_50,openai/gpt-oss-120b,0.0,0.8597332239151001,1
race_51,openai/gpt-oss-120b,0.14285714285714285,0.862069308757782,2
race_52,openai/gpt-oss-120b,0.0,0.8248355388641357,2
race_53,openai/gpt-oss-120b,0.08695652173913043,0.875514566898346,2
race_54,openai/gpt-oss-120b,0.16666666666666666,0.8609350919723511,2
race_55,openai/gpt-oss-120b,0.0,0.8794708251953125,2
race_56,openai/gpt-oss-120b,0.16,0.8827739953994751,2
race_57,openai/gpt-oss-120b,0.3157894736842105,0.9074873924255371,4
race_58,openai/gpt-oss-120b,0.0,0.8612902164459229,3
race_59,openai/gpt-oss-120b,1.0,0.9999998807907104,5
race_60,openai/gpt-oss-120b,0.0,0.8725489974021912,2
race_61,openai/gpt-oss-120b,0.0,0.8614587783813477,5
race_62,openai/gpt-oss-120b,1.0,1.0,5
race_63,openai/gpt-oss-120b,0.09523809523809522,0.8695314526557922,1
race_64,openai/gpt-oss-120b,0.05128205128205128,0.8302903175354004,1
race_65,openai/gpt-oss-120b,0.33333333333333337,0.8744809627532959,3
race_66,openai/gpt-oss-120b,0.21052631578947364,0.9086408019065857,4
race_67,openai/gpt-oss-120b,0.0,0.8357153534889221,2
race_68,openai/gpt-oss-120b,0.0,0.8741312623023987,3
race_69,openai/gpt-oss-120b,0.631578947368421,0.9412915110588074,1
race_70,openai/gpt-oss-120b,0.28571428571428575,0.9012609720230103,2
race_71,openai/gpt-oss-120b,1.0,0.9762657880783081,5
race_72,openai/gpt-oss-120b,0.0,0.8334308862686157,2
race_73,openai/gpt-oss-120b,0.22222222222222224,0.8357924818992615,4
race_74,openai/gpt-oss-120b,0.0,0.8473085761070251,1
race_75,openai/gpt-oss-120b,0.1818181818181818,0.8590283989906311,4
race_76,openai/gpt-oss-120b,0.14285714285714285,0.8577646017074585,2
race_77,openai/gpt-oss-120b,0.0,0.852607250213623,2
race_78,openai/gpt-oss-120b,0.16666666666666669,0.8788191676139832,4
race_79,openai/gpt-oss-120b,0.0,0.7699267268180847,1
race_80,openai/gpt-oss-120b,0.0,0.8696401715278625,2
race_81,openai/gpt-oss-120b,0.0,0.7637805342674255,1
race_82,openai/gpt-oss-120b,0.0,0.8619122505187988,1
race_83,openai/gpt-oss-120b,0.09302325581395347,0.8497962951660156,3
race_84,openai/gpt-oss-120b,0.0,0.8152023553848267,4
race_85,openai/gpt-oss-120b,0.0,0.998288094997406,4
race_86,openai/gpt-oss-120b,0.0,0.7915608882904053,2
race_87,openai/gpt-oss-120b,0.12500000000000003,0.8528606295585632,3
race_88,openai/gpt-oss-120b,0.0,0.7891844511032104,4
race_89,openai/gpt-oss-120b,0.0,0.8814312219619751,1
race_90,openai/gpt-oss-120b,0.11764705882352941,0.8455307483673096,2
race_91,openai/gpt-oss-120b,1.0,1.0,5
race_92,openai/gpt-oss-120b,0.6153846153846154,0.9217960238456726,4
race_93,openai/gpt-oss-120b,0.10000000000000002,0.8756543397903442,2
race_94,openai/gpt-oss-120b,0.0,0.8000121116638184,5
race_95,openai/gpt-oss-120b,0.08333333333333333,0.8896801471710205,4
race_96,openai/gpt-oss-120b,0.18181818181818182,0.8531450629234314,1
race_97,openai/gpt-oss-120b,0.16666666666666669,0.8658760786056519,4
race_98,openai/gpt-oss-120b,0.1875,0.8856570720672607,2
race_99,openai/gpt-oss-120b,0.16,0.8644981384277344,1
race_100,openai/gpt-oss-120b,1.0,0.9518936276435852,5
race_101,openai/gpt-oss-120b,0.4444444444444444,0.9383670687675476,4
race_102,openai/gpt-oss-120b,0.0,0.8100578188896179,1
race_103,openai/gpt-oss-120b,0.0,0.8210841417312622,1
race_104,openai/gpt-oss-120b,0.3529411764705882,0.9212808012962341,2
race_105,openai/gpt-oss-120b,0.16666666666666666,0.8664111495018005,3
race_106,openai/gpt-oss-120b,0.13333333333333333,0.8800241351127625,2
race_107,openai/gpt-oss-120b,0.0,0.7997956871986389,2
race_108,openai/gpt-oss-120b,0.0,0.8597822785377502,5
race_109,openai/gpt-oss-120b,0.1714285714285714,0.8683300018310547,2
race_110,openai/gpt-oss-120b,0.11764705882352941,0.8651107549667358,1
race_111,openai/gpt-oss-120b,0.3076923076923077,0.9074573516845703,4
race_112,openai/gpt-oss-120b,0.0,0.8436299562454224,2
race_113,openai/gpt-oss-120b,0.08695652173913043,0.8421201109886169,2
race_114,openai/gpt-oss-120b,0.0,0.8006457686424255,4
race_115,openai/gpt-oss-120b,0.0,0.8500853776931763,2
race_116,openai/gpt-oss-120b,0.1739130434782609,0.866936445236206,2
race_117,openai/gpt-oss-120b,0.08333333333333334,0.8790977001190186,2
race_118,openai/gpt-oss-120b,0.7499999999999999,0.9251826405525208,4
race_119,openai/gpt-oss-120b,0.8,0.9377648234367371,5
race_120,openai/gpt-oss-120b,0.1142857142857143,0.8653663396835327,4
race_121,openai/gpt-oss-120b,0.0,0.8515424728393555,1
race_122,openai/gpt-oss-120b,0.0,0.8524963855743408,1
race_123,openai/gpt-oss-120b,0.2105263157894737,0.8937055468559265,1
race_124,openai/gpt-oss-120b,0.33333333333333337,0.8646458387374878,2
race_125,openai/gpt-oss-120b,0.0,0.8395322561264038,4
race_126,openai/gpt-oss-120b,0.16666666666666669,0.850693941116333,2
race_127,openai/gpt-oss-120b,0.0,0.8694609999656677,1
race_128,openai/gpt-oss-120b,0.17142857142857143,0.8701996803283691,4
race_129,openai/gpt-oss-120b,0.15384615384615383,0.8334828019142151,1
race_130,openai/gpt-oss-120b,0.08,0.8877233266830444,2
race_131,openai/gpt-oss-120b,0.24390243902439024,0.8807142972946167,2
race_132,openai/gpt-oss-120b,0.42857142857142855,0.8799985647201538,2
race_133,openai/gpt-oss-120b,0.25,0.9026236534118652,2
race_134,openai/gpt-oss-120b,0.3333333333333333,0.8890767097473145,2
race_135,openai/gpt-oss-120b,0.16666666666666666,0.8802919983863831,4
race_136,openai/gpt-oss-120b,0.2777777777777778,0.8865415453910828,3
race_137,openai/gpt-oss-120b,0.10526315789473685,0.8631653189659119,2
race_138,openai/gpt-oss-120b,0.08695652173913045,0.8473433256149292,1
race_139,openai/gpt-oss-120b,0.14285714285714285,0.8543049097061157,1
race_140,openai/gpt-oss-120b,0.3157894736842105,0.8866934180259705,2
race_141,openai/gpt-oss-120b,0.2857142857142857,0.8411175608634949,1
race_142,openai/gpt-oss-120b,0.0,0.831940233707428,2
race_143,openai/gpt-oss-120b,0.45454545454545453,0.9018151164054871,3
race_144,openai/gpt-oss-120b,0.0,0.8198499083518982,3
race_145,openai/gpt-oss-120b,0.7499999999999999,0.9299433827400208,4
race_146,openai/gpt-oss-120b,0.13333333333333333,0.889716386795044,2
race_147,openai/gpt-oss-120b,0.4800000000000001,0.914708137512207,4
race_148,openai/gpt-oss-120b,0.0,0.8395726680755615,1
race_149,openai/gpt-oss-120b,0.0909090909090909,0.876387894153595,1
arc_0,openai/gpt-oss-120b,0.11764705882352941,0.8849990367889404,4
arc_1,openai/gpt-oss-120b,0.12765957446808512,0.8373094201087952,2
arc_2,openai/gpt-oss-120b,0.25,0.8593814373016357,2
arc_3,openai/gpt-oss-120b,0.13333333333333333,0.804443895816803,5
arc_4,openai/gpt-oss-120b,0.28571428571428575,0.9062780141830444,2
arc_5,openai/gpt-oss-120b,0.0,0.7988025546073914,2
arc_6,openai/gpt-oss-120b,0.14814814814814817,0.8442502021789551,4
arc_7,openai/gpt-oss-120b,0.0,0.8548927307128906,4
arc_8,openai/gpt-oss-120b,0.0,0.8173556923866272,3
arc_9,openai/gpt-oss-120b,0.39999999999999997,0.9069207310676575,2
arc_10,openai/gpt-oss-120b,0.6666666666666666,0.8723841309547424,5
arc_11,openai/gpt-oss-120b,0.37037037037037035,0.8679192662239075,5
arc_12,openai/gpt-oss-120b,0.5,0.8197665810585022,5
arc_13,openai/gpt-oss-120b,0.22222222222222224,0.9322738647460938,4
arc_14,openai/gpt-oss-120b,0.0,0.8330993056297302,3
arc_15,openai/gpt-oss-120b,0.3333333333333333,0.8841710686683655,2
arc_16,openai/gpt-oss-120b,0.0,0.8441658020019531,4
arc_17,openai/gpt-oss-120b,0.1739130434782609,0.8672422170639038,4
arc_18,openai/gpt-oss-120b,0.15384615384615385,0.8387176990509033,4
arc_19,openai/gpt-oss-120b,0.11764705882352941,0.8770471215248108,2
arc_20,openai/gpt-oss-120b,0.7142857142857143,0.9413080811500549,5
arc_21,openai/gpt-oss-120b,0.25,0.8268373608589172,5
arc_22,openai/gpt-oss-120b,0.06451612903225806,0.8583411574363708,2
arc_23,openai/gpt-oss-120b,0.0,0.8798830509185791,4
arc_24,openai/gpt-oss-120b,0.16,0.8692407011985779,4
arc_25,openai/gpt-oss-120b,0.027027027027027025,0.799953043460846,3
arc_26,openai/gpt-oss-120b,0.6153846153846153,0.9244908094406128,5
arc_27,openai/gpt-oss-120b,0.23076923076923075,0.8787445425987244,4
arc_28,openai/gpt-oss-120b,0.0,0.8440136909484863,3
arc_29,openai/gpt-oss-120b,0.0,0.8286787867546082,2
arc_30,openai/gpt-oss-120b,0.4444444444444445,0.8823647499084473,2
arc_31,openai/gpt-oss-120b,1.0,0.9572912454605103,5
arc_32,openai/gpt-oss-120b,0.21052631578947364,0.8489611744880676,2
arc_33,openai/gpt-oss-120b,0.6666666666666666,0.8929884433746338,5
arc_34,openai/gpt-oss-120b,0.25,0.8464440107345581,4
arc_35,openai/gpt-oss-120b,0.0,0.7982022762298584,5
arc_36,openai/gpt-oss-120b,0.14285714285714288,0.8094339370727539,5
arc_37,openai/gpt-oss-120b,0.0,0.8259249925613403,5
arc_38,openai/gpt-oss-120b,0.0,0.8406641483306885,2
arc_39,openai/gpt-oss-120b,1.0,0.9976750612258911,5
arc_40,openai/gpt-oss-120b,0.15384615384615383,0.8939428329467773,2
arc_41,openai/gpt-oss-120b,0.0,0.8444355726242065,5
arc_42,openai/gpt-oss-120b,0.0,0.8573951125144958,4
arc_43,openai/gpt-oss-120b,0.25,0.8452664017677307,4
arc_44,openai/gpt-oss-120b,0.26086956521739124,0.8739613890647888,4
arc_45,openai/gpt-oss-120b,0.42857142857142855,0.8998861908912659,4
arc_46,openai/gpt-oss-120b,1.0,0.8484218120574951,5
arc_47,openai/gpt-oss-120b,0.6666666666666666,0.8253187537193298,5
arc_48,openai/gpt-oss-120b,0.0,0.8785175085067749,2
arc_49,openai/gpt-oss-120b,0.0,0.931739866733551,1
